[2025-11-17 15:14:53] === Iniciando get_autos.php ===
[2025-11-17 15:14:53] SQL Autos: SELECT 
            id, vin, marca, modelo, anio, precio, millaje, 
            combustible, drive_train, descripcion, destacado, 
            estado, fecha_publicacion
        FROM autos 
        ORDER BY id DESC
[2025-11-17 15:14:53] Autos encontrados: 1
[2025-11-17 15:14:53] Procesando auto ID: 13
[2025-11-17 15:14:53] SQL Img: 
        SELECT id, ruta, principal
        FROM imagenes_autos
        WHERE auto_id = ?
        ORDER BY principal DESC, id ASC
    
[2025-11-17 15:14:53] Imágenes encontradas para auto 13: 0
[2025-11-17 15:14:53] ⚠ AVISO: auto 13 NO tiene imágenes registradas.
[2025-11-17 15:14:53] Total autos procesados: 1
[2025-11-17 15:14:53] === FIN get_autos.php ===
[2025-11-17 15:15:01] === Iniciando get_autos.php ===
[2025-11-17 15:15:01] SQL Autos: SELECT 
            id, vin, marca, modelo, anio, precio, millaje, 
            combustible, drive_train, descripcion, destacado, 
            estado, fecha_publicacion
        FROM autos 
        ORDER BY id DESC
[2025-11-17 15:15:01] Autos encontrados: 1
[2025-11-17 15:15:01] Procesando auto ID: 13
[2025-11-17 15:15:01] SQL Img: 
        SELECT id, ruta, principal
        FROM imagenes_autos
        WHERE auto_id = ?
        ORDER BY principal DESC, id ASC
    
[2025-11-17 15:15:01] Imágenes encontradas para auto 13: 0
[2025-11-17 15:15:01] ⚠ AVISO: auto 13 NO tiene imágenes registradas.
[2025-11-17 15:15:01] Total autos procesados: 1
[2025-11-17 15:15:01] === FIN get_autos.php ===
[2025-11-17 15:17:42] === Iniciando get_autos.php ===
[2025-11-17 15:17:42] SQL Autos: SELECT 
            id, vin, marca, modelo, anio, precio, millaje, 
            combustible, drive_train, descripcion, destacado, 
            estado, fecha_publicacion
        FROM autos 
        ORDER BY id DESC
[2025-11-17 15:17:42] Autos encontrados: 1
[2025-11-17 15:17:42] Procesando auto ID: 13
[2025-11-17 15:17:42] SQL Img: 
        SELECT id, ruta, principal
        FROM imagenes_autos
        WHERE auto_id = ?
        ORDER BY principal DESC, id ASC
    
[2025-11-17 15:17:42] Imágenes encontradas para auto 13: 0
[2025-11-17 15:17:42] ⚠ AVISO: auto 13 NO tiene imágenes registradas.
[2025-11-17 15:17:42] Total autos procesados: 1
[2025-11-17 15:17:42] === FIN get_autos.php ===
[2025-11-17 15:17:45] === Iniciando get_autos.php ===
[2025-11-17 15:17:45] SQL Autos: SELECT 
            id, vin, marca, modelo, anio, precio, millaje, 
            combustible, drive_train, descripcion, destacado, 
            estado, fecha_publicacion
        FROM autos 
        ORDER BY id DESC
[2025-11-17 15:17:45] Autos encontrados: 0
[2025-11-17 15:17:45] Total autos procesados: 0
[2025-11-17 15:17:45] === FIN get_autos.php ===
[2025-11-17 15:18:18] === Iniciando get_autos.php ===
[2025-11-17 15:18:18] SQL Autos: SELECT 
            id, vin, marca, modelo, anio, precio, millaje, 
            combustible, drive_train, descripcion, destacado, 
            estado, fecha_publicacion
        FROM autos 
        ORDER BY id DESC
[2025-11-17 15:18:18] Autos encontrados: 1
[2025-11-17 15:18:18] Procesando auto ID: 14
[2025-11-17 15:18:18] SQL Img: 
        SELECT id, ruta, principal
        FROM imagenes_autos
        WHERE auto_id = ?
        ORDER BY principal DESC, id ASC
    
[2025-11-17 15:18:18] Imágenes encontradas para auto 14: 2
[2025-11-17 15:18:18] Ruta original BD: uploads/car_691b2eaa0a46a4.03821122.jpg
[2025-11-17 15:18:18] Ruta normalizada enviada al front: uploads/car_691b2eaa0a46a4.03821122.jpg
[2025-11-17 15:18:18] Ruta original BD: uploads/car_691b2eaa0caae7.55920448.jpg
[2025-11-17 15:18:18] Ruta normalizada enviada al front: uploads/car_691b2eaa0caae7.55920448.jpg
[2025-11-17 15:18:18] Total autos procesados: 1
[2025-11-17 15:18:18] === FIN get_autos.php ===
[2025-11-17 15:19:59] === Iniciando get_autos.php ===
[2025-11-17 15:19:59] SQL Autos: SELECT 
            id, vin, marca, modelo, anio, precio, millaje, 
            combustible, drive_train, descripcion, destacado, 
            estado, fecha_publicacion
        FROM autos 
        ORDER BY id DESC
[2025-11-17 15:19:59] Autos encontrados: 1
[2025-11-17 15:19:59] Procesando auto ID: 14
[2025-11-17 15:19:59] SQL Img: 
        SELECT id, ruta, principal
        FROM imagenes_autos
        WHERE auto_id = ?
        ORDER BY principal DESC, id ASC
    
[2025-11-17 15:19:59] Imágenes encontradas para auto 14: 2
[2025-11-17 15:19:59] Ruta original BD: uploads/car_691b2eaa0a46a4.03821122.jpg
[2025-11-17 15:19:59] Ruta normalizada enviada al front: uploads/car_691b2eaa0a46a4.03821122.jpg
[2025-11-17 15:19:59] Ruta original BD: uploads/car_691b2eaa0caae7.55920448.jpg
[2025-11-17 15:19:59] Ruta normalizada enviada al front: uploads/car_691b2eaa0caae7.55920448.jpg
[2025-11-17 15:19:59] Total autos procesados: 1
[2025-11-17 15:19:59] === FIN get_autos.php ===
[2025-11-17 15:22:40] === Iniciando get_autos.php ===
[2025-11-17 15:22:40] SQL Autos: SELECT 
            id, vin, marca, modelo, anio, precio, millaje, 
            combustible, drive_train, descripcion, destacado, 
            estado, fecha_publicacion
        FROM autos 
        ORDER BY id DESC
[2025-11-17 15:22:40] Autos encontrados: 1
[2025-11-17 15:22:40] Procesando auto ID: 14
[2025-11-17 15:22:40] SQL Img: 
        SELECT id, ruta, principal
        FROM imagenes_autos
        WHERE auto_id = ?
        ORDER BY principal DESC, id ASC
    
[2025-11-17 15:22:40] Imágenes encontradas para auto 14: 2
[2025-11-17 15:22:40] Ruta original BD: uploads/car_691b2eaa0a46a4.03821122.jpg
[2025-11-17 15:22:40] Ruta normalizada enviada al front: uploads/car_691b2eaa0a46a4.03821122.jpg
[2025-11-17 15:22:40] Ruta original BD: uploads/car_691b2eaa0caae7.55920448.jpg
[2025-11-17 15:22:40] Ruta normalizada enviada al front: uploads/car_691b2eaa0caae7.55920448.jpg
[2025-11-17 15:22:40] Total autos procesados: 1
[2025-11-17 15:22:40] === FIN get_autos.php ===
[2025-11-17 15:22:57] === Iniciando get_autos.php ===
[2025-11-17 15:22:57] SQL Autos: SELECT 
            id, vin, marca, modelo, anio, precio, millaje, 
            combustible, drive_train, descripcion, destacado, 
            estado, fecha_publicacion
        FROM autos 
        ORDER BY id DESC
[2025-11-17 15:22:57] Autos encontrados: 1
[2025-11-17 15:22:57] Procesando auto ID: 14
[2025-11-17 15:22:57] SQL Img: 
        SELECT id, ruta, principal
        FROM imagenes_autos
        WHERE auto_id = ?
        ORDER BY principal DESC, id ASC
    
[2025-11-17 15:22:57] Imágenes encontradas para auto 14: 2
[2025-11-17 15:22:57] Ruta original BD: uploads/car_691b2eaa0a46a4.03821122.jpg
[2025-11-17 15:22:57] Ruta normalizada enviada al front: uploads/car_691b2eaa0a46a4.03821122.jpg
[2025-11-17 15:22:57] Ruta original BD: uploads/car_691b2eaa0caae7.55920448.jpg
[2025-11-17 15:22:57] Ruta normalizada enviada al front: uploads/car_691b2eaa0caae7.55920448.jpg
[2025-11-17 15:22:57] Total autos procesados: 1
[2025-11-17 15:22:57] === FIN get_autos.php ===
[2025-11-17 15:23:27] === Iniciando get_autos.php ===
[2025-11-17 15:23:27] SQL Autos: SELECT 
            id, vin, marca, modelo, anio, precio, millaje, 
            combustible, drive_train, descripcion, destacado, 
            estado, fecha_publicacion
        FROM autos 
        ORDER BY id DESC
[2025-11-17 15:23:27] Autos encontrados: 1
[2025-11-17 15:23:27] Procesando auto ID: 14
[2025-11-17 15:23:27] SQL Img: 
        SELECT id, ruta, principal
        FROM imagenes_autos
        WHERE auto_id = ?
        ORDER BY principal DESC, id ASC
    
[2025-11-17 15:23:27] Imágenes encontradas para auto 14: 3
[2025-11-17 15:23:27] Ruta original BD: uploads/car_691b2eaa0caae7.55920448.jpg
[2025-11-17 15:23:27] Ruta normalizada enviada al front: uploads/car_691b2eaa0caae7.55920448.jpg
[2025-11-17 15:23:27] Ruta original BD: uploads/car_691b2eaa0a46a4.03821122.jpg
[2025-11-17 15:23:27] Ruta normalizada enviada al front: uploads/car_691b2eaa0a46a4.03821122.jpg
[2025-11-17 15:23:27] Ruta original BD: uploads/car_691b2fdfb30907.21434018.jpg
[2025-11-17 15:23:27] Ruta normalizada enviada al front: uploads/car_691b2fdfb30907.21434018.jpg
[2025-11-17 15:23:27] Total autos procesados: 1
[2025-11-17 15:23:27] === FIN get_autos.php ===
[2025-11-17 15:23:32] === Iniciando get_autos.php ===
[2025-11-17 15:23:32] SQL Autos: SELECT 
            id, vin, marca, modelo, anio, precio, millaje, 
            combustible, drive_train, descripcion, destacado, 
            estado, fecha_publicacion
        FROM autos 
        ORDER BY id DESC
[2025-11-17 15:23:32] Autos encontrados: 1
[2025-11-17 15:23:32] Procesando auto ID: 14
[2025-11-17 15:23:32] SQL Img: 
        SELECT id, ruta, principal
        FROM imagenes_autos
        WHERE auto_id = ?
        ORDER BY principal DESC, id ASC
    
[2025-11-17 15:23:32] Imágenes encontradas para auto 14: 3
[2025-11-17 15:23:32] Ruta original BD: uploads/car_691b2eaa0caae7.55920448.jpg
[2025-11-17 15:23:32] Ruta normalizada enviada al front: uploads/car_691b2eaa0caae7.55920448.jpg
[2025-11-17 15:23:32] Ruta original BD: uploads/car_691b2eaa0a46a4.03821122.jpg
[2025-11-17 15:23:32] Ruta normalizada enviada al front: uploads/car_691b2eaa0a46a4.03821122.jpg
[2025-11-17 15:23:32] Ruta original BD: uploads/car_691b2fdfb30907.21434018.jpg
[2025-11-17 15:23:32] Ruta normalizada enviada al front: uploads/car_691b2fdfb30907.21434018.jpg
[2025-11-17 15:23:32] Total autos procesados: 1
[2025-11-17 15:23:32] === FIN get_autos.php ===
[2025-11-17 15:33:39] === Iniciando get_autos.php ===
[2025-11-17 15:33:39] SQL Autos: SELECT 
            id, vin, marca, modelo, anio, precio, millaje, 
            combustible, drive_train, descripcion, destacado, 
            estado, fecha_publicacion
        FROM autos 
        ORDER BY id DESC
[2025-11-17 15:33:39] Autos encontrados: 1
[2025-11-17 15:33:39] Procesando auto ID: 14
[2025-11-17 15:33:39] SQL Img: 
        SELECT id, ruta, principal
        FROM imagenes_autos
        WHERE auto_id = ?
        ORDER BY principal DESC, id ASC
    
[2025-11-17 15:33:39] Imágenes encontradas para auto 14: 3
[2025-11-17 15:33:39] Ruta original BD: uploads/car_691b2eaa0caae7.55920448.jpg
[2025-11-17 15:33:39] Ruta normalizada enviada al front: uploads/car_691b2eaa0caae7.55920448.jpg
[2025-11-17 15:33:39] Ruta original BD: uploads/car_691b2eaa0a46a4.03821122.jpg
[2025-11-17 15:33:39] Ruta normalizada enviada al front: uploads/car_691b2eaa0a46a4.03821122.jpg
[2025-11-17 15:33:39] Ruta original BD: uploads/car_691b2fdfb30907.21434018.jpg
[2025-11-17 15:33:39] Ruta normalizada enviada al front: uploads/car_691b2fdfb30907.21434018.jpg
[2025-11-17 15:33:39] Total autos procesados: 1
[2025-11-17 15:33:39] === FIN get_autos.php ===
[2025-11-17 15:34:15] === Iniciando get_autos.php ===
[2025-11-17 15:34:15] SQL Autos: SELECT 
            id, vin, marca, modelo, anio, precio, millaje, 
            combustible, drive_train, descripcion, destacado, 
            estado, fecha_publicacion
        FROM autos 
        ORDER BY id DESC
[2025-11-17 15:34:15] Autos encontrados: 1
[2025-11-17 15:34:15] Procesando auto ID: 14
[2025-11-17 15:34:15] SQL Img: 
        SELECT id, ruta, principal
        FROM imagenes_autos
        WHERE auto_id = ?
        ORDER BY principal DESC, id ASC
    
[2025-11-17 15:34:15] Imágenes encontradas para auto 14: 3
[2025-11-17 15:34:15] Ruta original BD: uploads/car_691b2eaa0caae7.55920448.jpg
[2025-11-17 15:34:15] Ruta normalizada enviada al front: uploads/car_691b2eaa0caae7.55920448.jpg
[2025-11-17 15:34:15] Ruta original BD: uploads/car_691b2eaa0a46a4.03821122.jpg
[2025-11-17 15:34:15] Ruta normalizada enviada al front: uploads/car_691b2eaa0a46a4.03821122.jpg
[2025-11-17 15:34:15] Ruta original BD: uploads/car_691b2fdfb30907.21434018.jpg
[2025-11-17 15:34:15] Ruta normalizada enviada al front: uploads/car_691b2fdfb30907.21434018.jpg
[2025-11-17 15:34:15] Total autos procesados: 1
[2025-11-17 15:34:15] === FIN get_autos.php ===
[2025-11-17 15:34:23] === Iniciando get_autos.php ===
[2025-11-17 15:34:23] SQL Autos: SELECT 
            id, vin, marca, modelo, anio, precio, millaje, 
            combustible, drive_train, descripcion, destacado, 
            estado, fecha_publicacion
        FROM autos 
        ORDER BY id DESC
[2025-11-17 15:34:23] Autos encontrados: 1
[2025-11-17 15:34:23] Procesando auto ID: 14
[2025-11-17 15:34:23] SQL Img: 
        SELECT id, ruta, principal
        FROM imagenes_autos
        WHERE auto_id = ?
        ORDER BY principal DESC, id ASC
    
[2025-11-17 15:34:23] Imágenes encontradas para auto 14: 3
[2025-11-17 15:34:23] Ruta original BD: uploads/car_691b2eaa0caae7.55920448.jpg
[2025-11-17 15:34:23] Ruta normalizada enviada al front: uploads/car_691b2eaa0caae7.55920448.jpg
[2025-11-17 15:34:23] Ruta original BD: uploads/car_691b2eaa0a46a4.03821122.jpg
[2025-11-17 15:34:23] Ruta normalizada enviada al front: uploads/car_691b2eaa0a46a4.03821122.jpg
[2025-11-17 15:34:23] Ruta original BD: uploads/car_691b2fdfb30907.21434018.jpg
[2025-11-17 15:34:23] Ruta normalizada enviada al front: uploads/car_691b2fdfb30907.21434018.jpg
[2025-11-17 15:34:23] Total autos procesados: 1
[2025-11-17 15:34:23] === FIN get_autos.php ===
[2025-11-17 15:34:32] === Iniciando get_autos.php ===
[2025-11-17 15:34:32] SQL Autos: SELECT 
            id, vin, marca, modelo, anio, precio, millaje, 
            combustible, drive_train, descripcion, destacado, 
            estado, fecha_publicacion
        FROM autos 
        ORDER BY id DESC
[2025-11-17 15:34:32] Autos encontrados: 1
[2025-11-17 15:34:32] Procesando auto ID: 14
[2025-11-17 15:34:32] SQL Img: 
        SELECT id, ruta, principal
        FROM imagenes_autos
        WHERE auto_id = ?
        ORDER BY principal DESC, id ASC
    
[2025-11-17 15:34:32] Imágenes encontradas para auto 14: 3
[2025-11-17 15:34:32] Ruta original BD: uploads/car_691b2eaa0caae7.55920448.jpg
[2025-11-17 15:34:32] Ruta normalizada enviada al front: uploads/car_691b2eaa0caae7.55920448.jpg
[2025-11-17 15:34:32] Ruta original BD: uploads/car_691b2eaa0a46a4.03821122.jpg
[2025-11-17 15:34:32] Ruta normalizada enviada al front: uploads/car_691b2eaa0a46a4.03821122.jpg
[2025-11-17 15:34:32] Ruta original BD: uploads/car_691b2fdfb30907.21434018.jpg
[2025-11-17 15:34:32] Ruta normalizada enviada al front: uploads/car_691b2fdfb30907.21434018.jpg
[2025-11-17 15:34:32] Total autos procesados: 1
[2025-11-17 15:34:32] === FIN get_autos.php ===
[2025-11-17 15:34:54] === Iniciando get_autos.php ===
[2025-11-17 15:34:54] SQL Autos: SELECT 
            id, vin, marca, modelo, anio, precio, millaje, 
            combustible, drive_train, descripcion, destacado, 
            estado, fecha_publicacion
        FROM autos 
        ORDER BY id DESC
[2025-11-17 15:34:54] Autos encontrados: 1
[2025-11-17 15:34:54] Procesando auto ID: 14
[2025-11-17 15:34:54] SQL Img: 
        SELECT id, ruta, principal
        FROM imagenes_autos
        WHERE auto_id = ?
        ORDER BY principal DESC, id ASC
    
[2025-11-17 15:34:54] Imágenes encontradas para auto 14: 3
[2025-11-17 15:34:54] Ruta original BD: uploads/car_691b2eaa0caae7.55920448.jpg
[2025-11-17 15:34:54] Ruta normalizada enviada al front: uploads/car_691b2eaa0caae7.55920448.jpg
[2025-11-17 15:34:54] Ruta original BD: uploads/car_691b2eaa0a46a4.03821122.jpg
[2025-11-17 15:34:54] Ruta normalizada enviada al front: uploads/car_691b2eaa0a46a4.03821122.jpg
[2025-11-17 15:34:54] Ruta original BD: uploads/car_691b2fdfb30907.21434018.jpg
[2025-11-17 15:34:54] Ruta normalizada enviada al front: uploads/car_691b2fdfb30907.21434018.jpg
[2025-11-17 15:34:54] Total autos procesados: 1
[2025-11-17 15:34:54] === FIN get_autos.php ===
[2025-11-17 15:36:47] === Iniciando get_autos.php ===
[2025-11-17 15:36:47] SQL Autos: SELECT 
            id, vin, marca, modelo, anio, precio, millaje, 
            combustible, drive_train, descripcion, destacado, 
            estado, fecha_publicacion
        FROM autos 
        ORDER BY id DESC
[2025-11-17 15:36:47] Autos encontrados: 1
[2025-11-17 15:36:47] Procesando auto ID: 14
[2025-11-17 15:36:47] SQL Img: 
        SELECT id, ruta, principal
        FROM imagenes_autos
        WHERE auto_id = ?
        ORDER BY principal DESC, id ASC
    
[2025-11-17 15:36:47] Imágenes encontradas para auto 14: 3
[2025-11-17 15:36:47] Ruta original BD: uploads/car_691b2eaa0caae7.55920448.jpg
[2025-11-17 15:36:47] Ruta normalizada enviada al front: uploads/car_691b2eaa0caae7.55920448.jpg
[2025-11-17 15:36:47] Ruta original BD: uploads/car_691b2eaa0a46a4.03821122.jpg
[2025-11-17 15:36:47] Ruta normalizada enviada al front: uploads/car_691b2eaa0a46a4.03821122.jpg
[2025-11-17 15:36:47] Ruta original BD: uploads/car_691b2fdfb30907.21434018.jpg
[2025-11-17 15:36:47] Ruta normalizada enviada al front: uploads/car_691b2fdfb30907.21434018.jpg
[2025-11-17 15:36:47] Total autos procesados: 1
[2025-11-17 15:36:47] === FIN get_autos.php ===
[2025-11-17 15:36:54] === Iniciando get_autos.php ===
[2025-11-17 15:36:54] SQL Autos: SELECT 
            id, vin, marca, modelo, anio, precio, millaje, 
            combustible, drive_train, descripcion, destacado, 
            estado, fecha_publicacion
        FROM autos 
        ORDER BY id DESC
[2025-11-17 15:36:54] Autos encontrados: 1
[2025-11-17 15:36:54] Procesando auto ID: 14
[2025-11-17 15:36:54] SQL Img: 
        SELECT id, ruta, principal
        FROM imagenes_autos
        WHERE auto_id = ?
        ORDER BY principal DESC, id ASC
    
[2025-11-17 15:36:54] Imágenes encontradas para auto 14: 3
[2025-11-17 15:36:54] Ruta original BD: uploads/car_691b2eaa0caae7.55920448.jpg
[2025-11-17 15:36:54] Ruta normalizada enviada al front: uploads/car_691b2eaa0caae7.55920448.jpg
[2025-11-17 15:36:54] Ruta original BD: uploads/car_691b2eaa0a46a4.03821122.jpg
[2025-11-17 15:36:54] Ruta normalizada enviada al front: uploads/car_691b2eaa0a46a4.03821122.jpg
[2025-11-17 15:36:54] Ruta original BD: uploads/car_691b2fdfb30907.21434018.jpg
[2025-11-17 15:36:54] Ruta normalizada enviada al front: uploads/car_691b2fdfb30907.21434018.jpg
[2025-11-17 15:36:54] Total autos procesados: 1
[2025-11-17 15:36:54] === FIN get_autos.php ===
[2025-11-17 15:44:11] === Iniciando get_autos.php ===
[2025-11-17 15:44:11] SQL Autos: SELECT 
            id, vin, marca, modelo, anio, precio, millaje, 
            combustible, drive_train, descripcion, destacado, 
            estado, fecha_publicacion
        FROM autos 
        ORDER BY id DESC
[2025-11-17 15:44:11] Autos encontrados: 1
[2025-11-17 15:44:11] Procesando auto ID: 14
[2025-11-17 15:44:11] SQL Img: 
        SELECT id, ruta, principal
        FROM imagenes_autos
        WHERE auto_id = ?
        ORDER BY principal DESC, id ASC
    
[2025-11-17 15:44:11] Imágenes encontradas para auto 14: 3
[2025-11-17 15:44:11] Ruta original BD: uploads/car_691b2eaa0caae7.55920448.jpg
[2025-11-17 15:44:11] Ruta normalizada enviada al front: uploads/car_691b2eaa0caae7.55920448.jpg
[2025-11-17 15:44:11] Ruta original BD: uploads/car_691b2eaa0a46a4.03821122.jpg
[2025-11-17 15:44:11] Ruta normalizada enviada al front: uploads/car_691b2eaa0a46a4.03821122.jpg
[2025-11-17 15:44:11] Ruta original BD: uploads/car_691b2fdfb30907.21434018.jpg
[2025-11-17 15:44:11] Ruta normalizada enviada al front: uploads/car_691b2fdfb30907.21434018.jpg
[2025-11-17 15:44:11] Total autos procesados: 1
[2025-11-17 15:44:11] === FIN get_autos.php ===
[2025-11-17 15:48:18] === Iniciando get_autos.php ===
[2025-11-17 15:48:18] SQL Autos: SELECT 
            id, vin, marca, modelo, anio, precio, millaje, 
            combustible, drive_train, descripcion, destacado, 
            estado, fecha_publicacion
        FROM autos 
        ORDER BY id DESC
[2025-11-17 15:48:18] Autos encontrados: 1
[2025-11-17 15:48:18] Procesando auto ID: 14
[2025-11-17 15:48:18] SQL Img: 
        SELECT id, ruta, principal
        FROM imagenes_autos
        WHERE auto_id = ?
        ORDER BY principal DESC, id ASC
    
[2025-11-17 15:48:18] Imágenes encontradas para auto 14: 3
[2025-11-17 15:48:18] Ruta original BD: uploads/car_691b2eaa0caae7.55920448.jpg
[2025-11-17 15:48:18] Ruta normalizada enviada al front: uploads/car_691b2eaa0caae7.55920448.jpg
[2025-11-17 15:48:18] Ruta original BD: uploads/car_691b2eaa0a46a4.03821122.jpg
[2025-11-17 15:48:18] Ruta normalizada enviada al front: uploads/car_691b2eaa0a46a4.03821122.jpg
[2025-11-17 15:48:18] Ruta original BD: uploads/car_691b2fdfb30907.21434018.jpg
[2025-11-17 15:48:18] Ruta normalizada enviada al front: uploads/car_691b2fdfb30907.21434018.jpg
[2025-11-17 15:48:18] Total autos procesados: 1
[2025-11-17 15:48:18] === FIN get_autos.php ===
[2025-11-17 15:56:14] === Iniciando get_autos.php ===
[2025-11-17 15:56:14] SQL Autos: SELECT 
            id, vin, marca, modelo, anio, precio, millaje, 
            combustible, drive_train, descripcion, destacado, 
            estado, fecha_publicacion
        FROM autos 
        ORDER BY id DESC
[2025-11-17 15:56:14] Autos encontrados: 1
[2025-11-17 15:56:14] Procesando auto ID: 14
[2025-11-17 15:56:14] SQL Img: 
        SELECT id, ruta, principal
        FROM imagenes_autos
        WHERE auto_id = ?
        ORDER BY principal DESC, id ASC
    
[2025-11-17 15:56:14] Imágenes encontradas para auto 14: 3
[2025-11-17 15:56:14] Ruta original BD: uploads/car_691b2eaa0caae7.55920448.jpg
[2025-11-17 15:56:14] Ruta normalizada enviada al front: uploads/car_691b2eaa0caae7.55920448.jpg
[2025-11-17 15:56:14] Ruta original BD: uploads/car_691b2eaa0a46a4.03821122.jpg
[2025-11-17 15:56:14] Ruta normalizada enviada al front: uploads/car_691b2eaa0a46a4.03821122.jpg
[2025-11-17 15:56:14] Ruta original BD: uploads/car_691b2fdfb30907.21434018.jpg
[2025-11-17 15:56:14] Ruta normalizada enviada al front: uploads/car_691b2fdfb30907.21434018.jpg
[2025-11-17 15:56:14] Total autos procesados: 1
[2025-11-17 15:56:14] === FIN get_autos.php ===
[2025-11-17 15:56:27] === Iniciando get_autos.php ===
[2025-11-17 15:56:27] SQL Autos: SELECT 
            id, vin, marca, modelo, anio, precio, millaje, 
            combustible, drive_train, descripcion, destacado, 
            estado, fecha_publicacion
        FROM autos 
        ORDER BY id DESC
[2025-11-17 15:56:27] Autos encontrados: 1
[2025-11-17 15:56:27] Procesando auto ID: 14
[2025-11-17 15:56:27] SQL Img: 
        SELECT id, ruta, principal
        FROM imagenes_autos
        WHERE auto_id = ?
        ORDER BY principal DESC, id ASC
    
[2025-11-17 15:56:27] Imágenes encontradas para auto 14: 2
[2025-11-17 15:56:27] Ruta original BD: uploads/car_691b2eaa0a46a4.03821122.jpg
[2025-11-17 15:56:27] Ruta normalizada enviada al front: uploads/car_691b2eaa0a46a4.03821122.jpg
[2025-11-17 15:56:27] Ruta original BD: uploads/car_691b2fdfb30907.21434018.jpg
[2025-11-17 15:56:27] Ruta normalizada enviada al front: uploads/car_691b2fdfb30907.21434018.jpg
[2025-11-17 15:56:27] Total autos procesados: 1
[2025-11-17 15:56:27] === FIN get_autos.php ===
[2025-11-17 16:01:26] === Iniciando get_autos.php ===
[2025-11-17 16:01:26] SQL Autos: SELECT 
            id, vin, marca, modelo, anio, precio, millaje, 
            combustible, drive_train, descripcion, destacado, 
            estado, fecha_publicacion
        FROM autos 
        ORDER BY id DESC
[2025-11-17 16:01:26] Autos encontrados: 1
[2025-11-17 16:01:26] Procesando auto ID: 14
[2025-11-17 16:01:26] SQL Img: 
        SELECT id, ruta, principal
        FROM imagenes_autos
        WHERE auto_id = ?
        ORDER BY principal DESC, id ASC
    
[2025-11-17 16:01:26] Imágenes encontradas para auto 14: 3
[2025-11-17 16:01:26] Ruta original BD: uploads/car_691b2eaa0a46a4.03821122.jpg
[2025-11-17 16:01:26] Ruta normalizada enviada al front: uploads/car_691b2eaa0a46a4.03821122.jpg
[2025-11-17 16:01:26] Ruta original BD: uploads/car_691b2fdfb30907.21434018.jpg
[2025-11-17 16:01:26] Ruta normalizada enviada al front: uploads/car_691b2fdfb30907.21434018.jpg
[2025-11-17 16:01:26] Ruta original BD: uploads/img_691b38c60d8994.77930618.jpg
[2025-11-17 16:01:26] Ruta normalizada enviada al front: uploads/img_691b38c60d8994.77930618.jpg
[2025-11-17 16:01:26] Total autos procesados: 1
[2025-11-17 16:01:26] === FIN get_autos.php ===
[2025-11-17 16:06:59] === Iniciando get_autos.php ===
[2025-11-17 16:06:59] SQL Autos: SELECT 
            id, vin, marca, modelo, anio, precio, millaje, 
            combustible, drive_train, descripcion, destacado, 
            estado, fecha_publicacion
        FROM autos 
        ORDER BY id DESC
[2025-11-17 16:06:59] Autos encontrados: 2
[2025-11-17 16:06:59] Procesando auto ID: 15
[2025-11-17 16:06:59] SQL Img: 
        SELECT id, ruta, principal
        FROM imagenes_autos
        WHERE auto_id = ?
        ORDER BY principal DESC, id ASC
    
[2025-11-17 16:06:59] Imágenes encontradas para auto 15: 3
[2025-11-17 16:06:59] Ruta original BD: uploads/car_691b3a135ccfc6.70908182.jpg
[2025-11-17 16:06:59] Ruta normalizada enviada al front: uploads/car_691b3a135ccfc6.70908182.jpg
[2025-11-17 16:06:59] Ruta original BD: uploads/car_691b3a135b5642.01824040.jpg
[2025-11-17 16:06:59] Ruta normalizada enviada al front: uploads/car_691b3a135b5642.01824040.jpg
[2025-11-17 16:06:59] Ruta original BD: uploads/car_691b3a135e14d0.27122190.jpg
[2025-11-17 16:06:59] Ruta normalizada enviada al front: uploads/car_691b3a135e14d0.27122190.jpg
[2025-11-17 16:06:59] Procesando auto ID: 14
[2025-11-17 16:06:59] SQL Img: 
        SELECT id, ruta, principal
        FROM imagenes_autos
        WHERE auto_id = ?
        ORDER BY principal DESC, id ASC
    
[2025-11-17 16:06:59] Imágenes encontradas para auto 14: 3
[2025-11-17 16:06:59] Ruta original BD: uploads/car_691b2eaa0a46a4.03821122.jpg
[2025-11-17 16:06:59] Ruta normalizada enviada al front: uploads/car_691b2eaa0a46a4.03821122.jpg
[2025-11-17 16:06:59] Ruta original BD: uploads/car_691b2fdfb30907.21434018.jpg
[2025-11-17 16:06:59] Ruta normalizada enviada al front: uploads/car_691b2fdfb30907.21434018.jpg
[2025-11-17 16:06:59] Ruta original BD: uploads/img_691b38c60d8994.77930618.jpg
[2025-11-17 16:06:59] Ruta normalizada enviada al front: uploads/img_691b38c60d8994.77930618.jpg
[2025-11-17 16:06:59] Total autos procesados: 2
[2025-11-17 16:06:59] === FIN get_autos.php ===
[2025-11-17 16:14:08] === Iniciando get_autos.php ===
[2025-11-17 16:14:08] SQL Autos: SELECT 
            id, vin, marca, modelo, anio, precio, millaje, 
            combustible, drive_train, descripcion, destacado, 
            estado, fecha_publicacion
        FROM autos 
        ORDER BY id DESC
[2025-11-17 16:14:08] Autos encontrados: 3
[2025-11-17 16:14:08] Procesando auto ID: 16
[2025-11-17 16:14:08] SQL Img: 
        SELECT id, ruta, principal
        FROM imagenes_autos
        WHERE auto_id = ?
        ORDER BY principal DESC, id ASC
    
[2025-11-17 16:14:08] Imágenes encontradas para auto 16: 3
[2025-11-17 16:14:08] Ruta original BD: uploads/car_691b3bc01196d7.21033446.jpg
[2025-11-17 16:14:08] Ruta normalizada enviada al front: uploads/car_691b3bc01196d7.21033446.jpg
[2025-11-17 16:14:08] Ruta original BD: uploads/car_691b3bc01375c2.63498298.jpg
[2025-11-17 16:14:08] Ruta normalizada enviada al front: uploads/car_691b3bc01375c2.63498298.jpg
[2025-11-17 16:14:08] Ruta original BD: uploads/car_691b3bc015cf04.16631398.jpg
[2025-11-17 16:14:08] Ruta normalizada enviada al front: uploads/car_691b3bc015cf04.16631398.jpg
[2025-11-17 16:14:08] Procesando auto ID: 15
[2025-11-17 16:14:08] SQL Img: 
        SELECT id, ruta, principal
        FROM imagenes_autos
        WHERE auto_id = ?
        ORDER BY principal DESC, id ASC
    
[2025-11-17 16:14:08] Imágenes encontradas para auto 15: 3
[2025-11-17 16:14:08] Ruta original BD: uploads/car_691b3a135ccfc6.70908182.jpg
[2025-11-17 16:14:08] Ruta normalizada enviada al front: uploads/car_691b3a135ccfc6.70908182.jpg
[2025-11-17 16:14:08] Ruta original BD: uploads/car_691b3a135b5642.01824040.jpg
[2025-11-17 16:14:08] Ruta normalizada enviada al front: uploads/car_691b3a135b5642.01824040.jpg
[2025-11-17 16:14:08] Ruta original BD: uploads/car_691b3a135e14d0.27122190.jpg
[2025-11-17 16:14:08] Ruta normalizada enviada al front: uploads/car_691b3a135e14d0.27122190.jpg
[2025-11-17 16:14:08] Procesando auto ID: 14
[2025-11-17 16:14:08] SQL Img: 
        SELECT id, ruta, principal
        FROM imagenes_autos
        WHERE auto_id = ?
        ORDER BY principal DESC, id ASC
    
[2025-11-17 16:14:08] Imágenes encontradas para auto 14: 3
[2025-11-17 16:14:08] Ruta original BD: uploads/car_691b2eaa0a46a4.03821122.jpg
[2025-11-17 16:14:08] Ruta normalizada enviada al front: uploads/car_691b2eaa0a46a4.03821122.jpg
[2025-11-17 16:14:08] Ruta original BD: uploads/car_691b2fdfb30907.21434018.jpg
[2025-11-17 16:14:08] Ruta normalizada enviada al front: uploads/car_691b2fdfb30907.21434018.jpg
[2025-11-17 16:14:08] Ruta original BD: uploads/img_691b38c60d8994.77930618.jpg
[2025-11-17 16:14:08] Ruta normalizada enviada al front: uploads/img_691b38c60d8994.77930618.jpg
[2025-11-17 16:14:08] Total autos procesados: 3
[2025-11-17 16:14:08] === FIN get_autos.php ===
[2025-11-17 16:14:29] === Iniciando get_autos.php ===
[2025-11-17 16:14:29] SQL Autos: SELECT 
            id, vin, marca, modelo, anio, precio, millaje, 
            combustible, drive_train, descripcion, destacado, 
            estado, fecha_publicacion
        FROM autos 
        ORDER BY id DESC
[2025-11-17 16:14:29] Autos encontrados: 3
[2025-11-17 16:14:29] Procesando auto ID: 16
[2025-11-17 16:14:29] SQL Img: 
        SELECT id, ruta, principal
        FROM imagenes_autos
        WHERE auto_id = ?
        ORDER BY principal DESC, id ASC
    
[2025-11-17 16:14:29] Imágenes encontradas para auto 16: 3
[2025-11-17 16:14:29] Ruta original BD: uploads/car_691b3bc01196d7.21033446.jpg
[2025-11-17 16:14:29] Ruta normalizada enviada al front: uploads/car_691b3bc01196d7.21033446.jpg
[2025-11-17 16:14:29] Ruta original BD: uploads/car_691b3bc01375c2.63498298.jpg
[2025-11-17 16:14:29] Ruta normalizada enviada al front: uploads/car_691b3bc01375c2.63498298.jpg
[2025-11-17 16:14:29] Ruta original BD: uploads/car_691b3bc015cf04.16631398.jpg
[2025-11-17 16:14:29] Ruta normalizada enviada al front: uploads/car_691b3bc015cf04.16631398.jpg
[2025-11-17 16:14:29] Procesando auto ID: 15
[2025-11-17 16:14:29] SQL Img: 
        SELECT id, ruta, principal
        FROM imagenes_autos
        WHERE auto_id = ?
        ORDER BY principal DESC, id ASC
    
[2025-11-17 16:14:29] Imágenes encontradas para auto 15: 3
[2025-11-17 16:14:29] Ruta original BD: uploads/car_691b3a135ccfc6.70908182.jpg
[2025-11-17 16:14:29] Ruta normalizada enviada al front: uploads/car_691b3a135ccfc6.70908182.jpg
[2025-11-17 16:14:29] Ruta original BD: uploads/car_691b3a135b5642.01824040.jpg
[2025-11-17 16:14:29] Ruta normalizada enviada al front: uploads/car_691b3a135b5642.01824040.jpg
[2025-11-17 16:14:29] Ruta original BD: uploads/car_691b3a135e14d0.27122190.jpg
[2025-11-17 16:14:29] Ruta normalizada enviada al front: uploads/car_691b3a135e14d0.27122190.jpg
[2025-11-17 16:14:29] Procesando auto ID: 14
[2025-11-17 16:14:29] SQL Img: 
        SELECT id, ruta, principal
        FROM imagenes_autos
        WHERE auto_id = ?
        ORDER BY principal DESC, id ASC
    
[2025-11-17 16:14:29] Imágenes encontradas para auto 14: 3
[2025-11-17 16:14:29] Ruta original BD: uploads/car_691b2eaa0a46a4.03821122.jpg
[2025-11-17 16:14:29] Ruta normalizada enviada al front: uploads/car_691b2eaa0a46a4.03821122.jpg
[2025-11-17 16:14:29] Ruta original BD: uploads/car_691b2fdfb30907.21434018.jpg
[2025-11-17 16:14:29] Ruta normalizada enviada al front: uploads/car_691b2fdfb30907.21434018.jpg
[2025-11-17 16:14:29] Ruta original BD: uploads/img_691b38c60d8994.77930618.jpg
[2025-11-17 16:14:29] Ruta normalizada enviada al front: uploads/img_691b38c60d8994.77930618.jpg
[2025-11-17 16:14:29] Total autos procesados: 3
[2025-11-17 16:14:29] === FIN get_autos.php ===
[2025-11-17 16:21:04] === Iniciando get_autos.php ===
[2025-11-17 16:21:04] SQL Autos: SELECT 
            id, vin, marca, modelo, anio, precio, millaje, 
            combustible, drive_train, descripcion, destacado, 
            estado, fecha_publicacion
        FROM autos 
        ORDER BY id DESC
[2025-11-17 16:21:04] Autos encontrados: 3
[2025-11-17 16:21:04] Procesando auto ID: 16
[2025-11-17 16:21:04] SQL Img: 
        SELECT id, ruta, principal
        FROM imagenes_autos
        WHERE auto_id = ?
        ORDER BY principal DESC, id ASC
    
[2025-11-17 16:21:04] Imágenes encontradas para auto 16: 3
[2025-11-17 16:21:04] Ruta original BD: uploads/car_691b3bc01196d7.21033446.jpg
[2025-11-17 16:21:04] Ruta normalizada enviada al front: uploads/car_691b3bc01196d7.21033446.jpg
[2025-11-17 16:21:04] Ruta original BD: uploads/car_691b3bc01375c2.63498298.jpg
[2025-11-17 16:21:04] Ruta normalizada enviada al front: uploads/car_691b3bc01375c2.63498298.jpg
[2025-11-17 16:21:04] Ruta original BD: uploads/car_691b3bc015cf04.16631398.jpg
[2025-11-17 16:21:04] Ruta normalizada enviada al front: uploads/car_691b3bc015cf04.16631398.jpg
[2025-11-17 16:21:04] Procesando auto ID: 15
[2025-11-17 16:21:04] SQL Img: 
        SELECT id, ruta, principal
        FROM imagenes_autos
        WHERE auto_id = ?
        ORDER BY principal DESC, id ASC
    
[2025-11-17 16:21:04] Imágenes encontradas para auto 15: 3
[2025-11-17 16:21:04] Ruta original BD: uploads/car_691b3a135ccfc6.70908182.jpg
[2025-11-17 16:21:04] Ruta normalizada enviada al front: uploads/car_691b3a135ccfc6.70908182.jpg
[2025-11-17 16:21:04] Ruta original BD: uploads/car_691b3a135b5642.01824040.jpg
[2025-11-17 16:21:04] Ruta normalizada enviada al front: uploads/car_691b3a135b5642.01824040.jpg
[2025-11-17 16:21:04] Ruta original BD: uploads/car_691b3a135e14d0.27122190.jpg
[2025-11-17 16:21:04] Ruta normalizada enviada al front: uploads/car_691b3a135e14d0.27122190.jpg
[2025-11-17 16:21:04] Procesando auto ID: 14
[2025-11-17 16:21:04] SQL Img: 
        SELECT id, ruta, principal
        FROM imagenes_autos
        WHERE auto_id = ?
        ORDER BY principal DESC, id ASC
    
[2025-11-17 16:21:04] Imágenes encontradas para auto 14: 3
[2025-11-17 16:21:04] Ruta original BD: uploads/car_691b2eaa0a46a4.03821122.jpg
[2025-11-17 16:21:04] Ruta normalizada enviada al front: uploads/car_691b2eaa0a46a4.03821122.jpg
[2025-11-17 16:21:04] Ruta original BD: uploads/car_691b2fdfb30907.21434018.jpg
[2025-11-17 16:21:04] Ruta normalizada enviada al front: uploads/car_691b2fdfb30907.21434018.jpg
[2025-11-17 16:21:04] Ruta original BD: uploads/img_691b38c60d8994.77930618.jpg
[2025-11-17 16:21:04] Ruta normalizada enviada al front: uploads/img_691b38c60d8994.77930618.jpg
[2025-11-17 16:21:04] Total autos procesados: 3
[2025-11-17 16:21:04] === FIN get_autos.php ===
[2025-11-17 16:21:14] === Iniciando get_autos.php ===
[2025-11-17 16:21:14] SQL Autos: SELECT 
            id, vin, marca, modelo, anio, precio, millaje, 
            combustible, drive_train, descripcion, destacado, 
            estado, fecha_publicacion
        FROM autos 
        ORDER BY id DESC
[2025-11-17 16:21:14] Autos encontrados: 3
[2025-11-17 16:21:14] Procesando auto ID: 16
[2025-11-17 16:21:14] SQL Img: 
        SELECT id, ruta, principal
        FROM imagenes_autos
        WHERE auto_id = ?
        ORDER BY principal DESC, id ASC
    
[2025-11-17 16:21:14] Imágenes encontradas para auto 16: 3
[2025-11-17 16:21:14] Ruta original BD: uploads/car_691b3bc01196d7.21033446.jpg
[2025-11-17 16:21:14] Ruta normalizada enviada al front: uploads/car_691b3bc01196d7.21033446.jpg
[2025-11-17 16:21:14] Ruta original BD: uploads/car_691b3bc01375c2.63498298.jpg
[2025-11-17 16:21:14] Ruta normalizada enviada al front: uploads/car_691b3bc01375c2.63498298.jpg
[2025-11-17 16:21:14] Ruta original BD: uploads/car_691b3bc015cf04.16631398.jpg
[2025-11-17 16:21:14] Ruta normalizada enviada al front: uploads/car_691b3bc015cf04.16631398.jpg
[2025-11-17 16:21:14] Procesando auto ID: 15
[2025-11-17 16:21:14] SQL Img: 
        SELECT id, ruta, principal
        FROM imagenes_autos
        WHERE auto_id = ?
        ORDER BY principal DESC, id ASC
    
[2025-11-17 16:21:14] Imágenes encontradas para auto 15: 3
[2025-11-17 16:21:14] Ruta original BD: uploads/car_691b3a135ccfc6.70908182.jpg
[2025-11-17 16:21:14] Ruta normalizada enviada al front: uploads/car_691b3a135ccfc6.70908182.jpg
[2025-11-17 16:21:14] Ruta original BD: uploads/car_691b3a135b5642.01824040.jpg
[2025-11-17 16:21:14] Ruta normalizada enviada al front: uploads/car_691b3a135b5642.01824040.jpg
[2025-11-17 16:21:14] Ruta original BD: uploads/car_691b3a135e14d0.27122190.jpg
[2025-11-17 16:21:14] Ruta normalizada enviada al front: uploads/car_691b3a135e14d0.27122190.jpg
[2025-11-17 16:21:14] Procesando auto ID: 14
[2025-11-17 16:21:14] SQL Img: 
        SELECT id, ruta, principal
        FROM imagenes_autos
        WHERE auto_id = ?
        ORDER BY principal DESC, id ASC
    
[2025-11-17 16:21:14] Imágenes encontradas para auto 14: 3
[2025-11-17 16:21:14] Ruta original BD: uploads/car_691b2eaa0a46a4.03821122.jpg
[2025-11-17 16:21:14] Ruta normalizada enviada al front: uploads/car_691b2eaa0a46a4.03821122.jpg
[2025-11-17 16:21:14] Ruta original BD: uploads/car_691b2fdfb30907.21434018.jpg
[2025-11-17 16:21:14] Ruta normalizada enviada al front: uploads/car_691b2fdfb30907.21434018.jpg
[2025-11-17 16:21:14] Ruta original BD: uploads/img_691b38c60d8994.77930618.jpg
[2025-11-17 16:21:14] Ruta normalizada enviada al front: uploads/img_691b38c60d8994.77930618.jpg
[2025-11-17 16:21:14] Total autos procesados: 3
[2025-11-17 16:21:14] === FIN get_autos.php ===
[2025-11-17 16:21:20] === Iniciando get_autos.php ===
[2025-11-17 16:21:20] SQL Autos: SELECT 
            id, vin, marca, modelo, anio, precio, millaje, 
            combustible, drive_train, descripcion, destacado, 
            estado, fecha_publicacion
        FROM autos 
        ORDER BY id DESC
[2025-11-17 16:21:20] Autos encontrados: 3
[2025-11-17 16:21:20] Procesando auto ID: 16
[2025-11-17 16:21:20] SQL Img: 
        SELECT id, ruta, principal
        FROM imagenes_autos
        WHERE auto_id = ?
        ORDER BY principal DESC, id ASC
    
[2025-11-17 16:21:20] Imágenes encontradas para auto 16: 3
[2025-11-17 16:21:20] Ruta original BD: uploads/car_691b3bc01196d7.21033446.jpg
[2025-11-17 16:21:20] Ruta normalizada enviada al front: uploads/car_691b3bc01196d7.21033446.jpg
[2025-11-17 16:21:20] Ruta original BD: uploads/car_691b3bc01375c2.63498298.jpg
[2025-11-17 16:21:20] Ruta normalizada enviada al front: uploads/car_691b3bc01375c2.63498298.jpg
[2025-11-17 16:21:20] Ruta original BD: uploads/car_691b3bc015cf04.16631398.jpg
[2025-11-17 16:21:20] Ruta normalizada enviada al front: uploads/car_691b3bc015cf04.16631398.jpg
[2025-11-17 16:21:20] Procesando auto ID: 15
[2025-11-17 16:21:20] SQL Img: 
        SELECT id, ruta, principal
        FROM imagenes_autos
        WHERE auto_id = ?
        ORDER BY principal DESC, id ASC
    
[2025-11-17 16:21:20] Imágenes encontradas para auto 15: 3
[2025-11-17 16:21:20] Ruta original BD: uploads/car_691b3a135ccfc6.70908182.jpg
[2025-11-17 16:21:20] Ruta normalizada enviada al front: uploads/car_691b3a135ccfc6.70908182.jpg
[2025-11-17 16:21:20] Ruta original BD: uploads/car_691b3a135b5642.01824040.jpg
[2025-11-17 16:21:20] Ruta normalizada enviada al front: uploads/car_691b3a135b5642.01824040.jpg
[2025-11-17 16:21:20] Ruta original BD: uploads/car_691b3a135e14d0.27122190.jpg
[2025-11-17 16:21:20] Ruta normalizada enviada al front: uploads/car_691b3a135e14d0.27122190.jpg
[2025-11-17 16:21:20] Procesando auto ID: 14
[2025-11-17 16:21:20] SQL Img: 
        SELECT id, ruta, principal
        FROM imagenes_autos
        WHERE auto_id = ?
        ORDER BY principal DESC, id ASC
    
[2025-11-17 16:21:20] Imágenes encontradas para auto 14: 3
[2025-11-17 16:21:20] Ruta original BD: uploads/car_691b2eaa0a46a4.03821122.jpg
[2025-11-17 16:21:20] Ruta normalizada enviada al front: uploads/car_691b2eaa0a46a4.03821122.jpg
[2025-11-17 16:21:20] Ruta original BD: uploads/car_691b2fdfb30907.21434018.jpg
[2025-11-17 16:21:20] Ruta normalizada enviada al front: uploads/car_691b2fdfb30907.21434018.jpg
[2025-11-17 16:21:20] Ruta original BD: uploads/img_691b38c60d8994.77930618.jpg
[2025-11-17 16:21:20] Ruta normalizada enviada al front: uploads/img_691b38c60d8994.77930618.jpg
[2025-11-17 16:21:20] Total autos procesados: 3
[2025-11-17 16:21:20] === FIN get_autos.php ===
[2025-11-17 16:21:34] === Iniciando get_autos.php ===
[2025-11-17 16:21:34] SQL Autos: SELECT 
            id, vin, marca, modelo, anio, precio, millaje, 
            combustible, drive_train, descripcion, destacado, 
            estado, fecha_publicacion
        FROM autos 
        ORDER BY id DESC
[2025-11-17 16:21:34] Autos encontrados: 3
[2025-11-17 16:21:34] Procesando auto ID: 16
[2025-11-17 16:21:34] SQL Img: 
        SELECT id, ruta, principal
        FROM imagenes_autos
        WHERE auto_id = ?
        ORDER BY principal DESC, id ASC
    
[2025-11-17 16:21:34] Imágenes encontradas para auto 16: 3
[2025-11-17 16:21:34] Ruta original BD: uploads/car_691b3bc01196d7.21033446.jpg
[2025-11-17 16:21:34] Ruta normalizada enviada al front: uploads/car_691b3bc01196d7.21033446.jpg
[2025-11-17 16:21:34] Ruta original BD: uploads/car_691b3bc01375c2.63498298.jpg
[2025-11-17 16:21:34] Ruta normalizada enviada al front: uploads/car_691b3bc01375c2.63498298.jpg
[2025-11-17 16:21:34] Ruta original BD: uploads/car_691b3bc015cf04.16631398.jpg
[2025-11-17 16:21:34] Ruta normalizada enviada al front: uploads/car_691b3bc015cf04.16631398.jpg
[2025-11-17 16:21:34] Procesando auto ID: 15
[2025-11-17 16:21:34] SQL Img: 
        SELECT id, ruta, principal
        FROM imagenes_autos
        WHERE auto_id = ?
        ORDER BY principal DESC, id ASC
    
[2025-11-17 16:21:34] Imágenes encontradas para auto 15: 3
[2025-11-17 16:21:34] Ruta original BD: uploads/car_691b3a135ccfc6.70908182.jpg
[2025-11-17 16:21:34] Ruta normalizada enviada al front: uploads/car_691b3a135ccfc6.70908182.jpg
[2025-11-17 16:21:34] Ruta original BD: uploads/car_691b3a135b5642.01824040.jpg
[2025-11-17 16:21:34] Ruta normalizada enviada al front: uploads/car_691b3a135b5642.01824040.jpg
[2025-11-17 16:21:34] Ruta original BD: uploads/car_691b3a135e14d0.27122190.jpg
[2025-11-17 16:21:34] Ruta normalizada enviada al front: uploads/car_691b3a135e14d0.27122190.jpg
[2025-11-17 16:21:34] Procesando auto ID: 14
[2025-11-17 16:21:34] SQL Img: 
        SELECT id, ruta, principal
        FROM imagenes_autos
        WHERE auto_id = ?
        ORDER BY principal DESC, id ASC
    
[2025-11-17 16:21:34] Imágenes encontradas para auto 14: 3
[2025-11-17 16:21:34] Ruta original BD: uploads/car_691b2eaa0a46a4.03821122.jpg
[2025-11-17 16:21:34] Ruta normalizada enviada al front: uploads/car_691b2eaa0a46a4.03821122.jpg
[2025-11-17 16:21:34] Ruta original BD: uploads/car_691b2fdfb30907.21434018.jpg
[2025-11-17 16:21:34] Ruta normalizada enviada al front: uploads/car_691b2fdfb30907.21434018.jpg
[2025-11-17 16:21:34] Ruta original BD: uploads/img_691b38c60d8994.77930618.jpg
[2025-11-17 16:21:34] Ruta normalizada enviada al front: uploads/img_691b38c60d8994.77930618.jpg
[2025-11-17 16:21:34] Total autos procesados: 3
[2025-11-17 16:21:34] === FIN get_autos.php ===
[2025-11-17 16:22:19] === Iniciando get_autos.php ===
[2025-11-17 16:22:19] SQL Autos: SELECT 
            id, vin, marca, modelo, anio, precio, millaje, 
            combustible, drive_train, descripcion, destacado, 
            estado, fecha_publicacion
        FROM autos 
        ORDER BY id DESC
[2025-11-17 16:22:19] Autos encontrados: 3
[2025-11-17 16:22:19] Procesando auto ID: 16
[2025-11-17 16:22:19] SQL Img: 
        SELECT id, ruta, principal
        FROM imagenes_autos
        WHERE auto_id = ?
        ORDER BY principal DESC, id ASC
    
[2025-11-17 16:22:19] Imágenes encontradas para auto 16: 3
[2025-11-17 16:22:19] Ruta original BD: uploads/car_691b3bc01196d7.21033446.jpg
[2025-11-17 16:22:19] Ruta normalizada enviada al front: uploads/car_691b3bc01196d7.21033446.jpg
[2025-11-17 16:22:19] Ruta original BD: uploads/car_691b3bc01375c2.63498298.jpg
[2025-11-17 16:22:19] Ruta normalizada enviada al front: uploads/car_691b3bc01375c2.63498298.jpg
[2025-11-17 16:22:19] Ruta original BD: uploads/car_691b3bc015cf04.16631398.jpg
[2025-11-17 16:22:19] Ruta normalizada enviada al front: uploads/car_691b3bc015cf04.16631398.jpg
[2025-11-17 16:22:19] Procesando auto ID: 15
[2025-11-17 16:22:19] SQL Img: 
        SELECT id, ruta, principal
        FROM imagenes_autos
        WHERE auto_id = ?
        ORDER BY principal DESC, id ASC
    
[2025-11-17 16:22:19] Imágenes encontradas para auto 15: 3
[2025-11-17 16:22:19] Ruta original BD: uploads/car_691b3a135ccfc6.70908182.jpg
[2025-11-17 16:22:19] Ruta normalizada enviada al front: uploads/car_691b3a135ccfc6.70908182.jpg
[2025-11-17 16:22:19] Ruta original BD: uploads/car_691b3a135b5642.01824040.jpg
[2025-11-17 16:22:19] Ruta normalizada enviada al front: uploads/car_691b3a135b5642.01824040.jpg
[2025-11-17 16:22:19] Ruta original BD: uploads/car_691b3a135e14d0.27122190.jpg
[2025-11-17 16:22:19] Ruta normalizada enviada al front: uploads/car_691b3a135e14d0.27122190.jpg
[2025-11-17 16:22:19] Procesando auto ID: 14
[2025-11-17 16:22:19] SQL Img: 
        SELECT id, ruta, principal
        FROM imagenes_autos
        WHERE auto_id = ?
        ORDER BY principal DESC, id ASC
    
[2025-11-17 16:22:19] Imágenes encontradas para auto 14: 3
[2025-11-17 16:22:19] Ruta original BD: uploads/car_691b2eaa0a46a4.03821122.jpg
[2025-11-17 16:22:19] Ruta normalizada enviada al front: uploads/car_691b2eaa0a46a4.03821122.jpg
[2025-11-17 16:22:19] Ruta original BD: uploads/car_691b2fdfb30907.21434018.jpg
[2025-11-17 16:22:19] Ruta normalizada enviada al front: uploads/car_691b2fdfb30907.21434018.jpg
[2025-11-17 16:22:19] Ruta original BD: uploads/img_691b38c60d8994.77930618.jpg
[2025-11-17 16:22:19] Ruta normalizada enviada al front: uploads/img_691b38c60d8994.77930618.jpg
[2025-11-17 16:22:19] Total autos procesados: 3
[2025-11-17 16:22:19] === FIN get_autos.php ===
[2025-11-17 17:19:18] === Iniciando get_autos.php ===
[2025-11-17 17:19:18] SQL Autos: SELECT 
            id, vin, marca, modelo, anio, precio, millaje, 
            combustible, drive_train, descripcion, destacado, 
            estado, fecha_publicacion
        FROM autos 
        ORDER BY id DESC
[2025-11-17 17:19:18] Autos encontrados: 3
[2025-11-17 17:19:18] Procesando auto ID: 16
[2025-11-17 17:19:18] SQL Img: 
        SELECT id, ruta, principal
        FROM imagenes_autos
        WHERE auto_id = ?
        ORDER BY principal DESC, id ASC
    
[2025-11-17 17:19:18] Imágenes encontradas para auto 16: 3
[2025-11-17 17:19:18] Ruta original BD: uploads/car_691b3bc01196d7.21033446.jpg
[2025-11-17 17:19:18] Ruta normalizada enviada al front: uploads/car_691b3bc01196d7.21033446.jpg
[2025-11-17 17:19:18] Ruta original BD: uploads/car_691b3bc01375c2.63498298.jpg
[2025-11-17 17:19:18] Ruta normalizada enviada al front: uploads/car_691b3bc01375c2.63498298.jpg
[2025-11-17 17:19:18] Ruta original BD: uploads/car_691b3bc015cf04.16631398.jpg
[2025-11-17 17:19:18] Ruta normalizada enviada al front: uploads/car_691b3bc015cf04.16631398.jpg
[2025-11-17 17:19:18] Procesando auto ID: 15
[2025-11-17 17:19:18] SQL Img: 
        SELECT id, ruta, principal
        FROM imagenes_autos
        WHERE auto_id = ?
        ORDER BY principal DESC, id ASC
    
[2025-11-17 17:19:18] Imágenes encontradas para auto 15: 3
[2025-11-17 17:19:18] Ruta original BD: uploads/car_691b3a135ccfc6.70908182.jpg
[2025-11-17 17:19:18] Ruta normalizada enviada al front: uploads/car_691b3a135ccfc6.70908182.jpg
[2025-11-17 17:19:18] Ruta original BD: uploads/car_691b3a135b5642.01824040.jpg
[2025-11-17 17:19:18] Ruta normalizada enviada al front: uploads/car_691b3a135b5642.01824040.jpg
[2025-11-17 17:19:18] Ruta original BD: uploads/car_691b3a135e14d0.27122190.jpg
[2025-11-17 17:19:18] Ruta normalizada enviada al front: uploads/car_691b3a135e14d0.27122190.jpg
[2025-11-17 17:19:18] Procesando auto ID: 14
[2025-11-17 17:19:18] SQL Img: 
        SELECT id, ruta, principal
        FROM imagenes_autos
        WHERE auto_id = ?
        ORDER BY principal DESC, id ASC
    
[2025-11-17 17:19:18] Imágenes encontradas para auto 14: 3
[2025-11-17 17:19:18] Ruta original BD: uploads/car_691b2eaa0a46a4.03821122.jpg
[2025-11-17 17:19:18] Ruta normalizada enviada al front: uploads/car_691b2eaa0a46a4.03821122.jpg
[2025-11-17 17:19:18] Ruta original BD: uploads/car_691b2fdfb30907.21434018.jpg
[2025-11-17 17:19:18] Ruta normalizada enviada al front: uploads/car_691b2fdfb30907.21434018.jpg
[2025-11-17 17:19:18] Ruta original BD: uploads/img_691b38c60d8994.77930618.jpg
[2025-11-17 17:19:18] Ruta normalizada enviada al front: uploads/img_691b38c60d8994.77930618.jpg
[2025-11-17 17:19:18] Total autos procesados: 3
[2025-11-17 17:19:18] === FIN get_autos.php ===
[2025-11-17 17:19:38] === Iniciando get_autos.php ===
[2025-11-17 17:19:38] SQL Autos: SELECT 
            id, vin, marca, modelo, anio, precio, millaje, 
            combustible, drive_train, descripcion, destacado, 
            estado, fecha_publicacion
        FROM autos 
        ORDER BY id DESC
[2025-11-17 17:19:38] Autos encontrados: 3
[2025-11-17 17:19:38] Procesando auto ID: 16
[2025-11-17 17:19:38] SQL Img: 
        SELECT id, ruta, principal
        FROM imagenes_autos
        WHERE auto_id = ?
        ORDER BY principal DESC, id ASC
    
[2025-11-17 17:19:38] Imágenes encontradas para auto 16: 3
[2025-11-17 17:19:38] Ruta original BD: uploads/car_691b3bc01196d7.21033446.jpg
[2025-11-17 17:19:38] Ruta normalizada enviada al front: uploads/car_691b3bc01196d7.21033446.jpg
[2025-11-17 17:19:38] Ruta original BD: uploads/car_691b3bc01375c2.63498298.jpg
[2025-11-17 17:19:38] Ruta normalizada enviada al front: uploads/car_691b3bc01375c2.63498298.jpg
[2025-11-17 17:19:38] Ruta original BD: uploads/car_691b3bc015cf04.16631398.jpg
[2025-11-17 17:19:38] Ruta normalizada enviada al front: uploads/car_691b3bc015cf04.16631398.jpg
[2025-11-17 17:19:38] Procesando auto ID: 15
[2025-11-17 17:19:38] SQL Img: 
        SELECT id, ruta, principal
        FROM imagenes_autos
        WHERE auto_id = ?
        ORDER BY principal DESC, id ASC
    
[2025-11-17 17:19:38] Imágenes encontradas para auto 15: 3
[2025-11-17 17:19:38] Ruta original BD: uploads/car_691b3a135ccfc6.70908182.jpg
[2025-11-17 17:19:38] Ruta normalizada enviada al front: uploads/car_691b3a135ccfc6.70908182.jpg
[2025-11-17 17:19:38] Ruta original BD: uploads/car_691b3a135b5642.01824040.jpg
[2025-11-17 17:19:38] Ruta normalizada enviada al front: uploads/car_691b3a135b5642.01824040.jpg
[2025-11-17 17:19:38] Ruta original BD: uploads/car_691b3a135e14d0.27122190.jpg
[2025-11-17 17:19:38] Ruta normalizada enviada al front: uploads/car_691b3a135e14d0.27122190.jpg
[2025-11-17 17:19:38] Procesando auto ID: 14
[2025-11-17 17:19:38] SQL Img: 
        SELECT id, ruta, principal
        FROM imagenes_autos
        WHERE auto_id = ?
        ORDER BY principal DESC, id ASC
    
[2025-11-17 17:19:38] Imágenes encontradas para auto 14: 3
[2025-11-17 17:19:38] Ruta original BD: uploads/car_691b2eaa0a46a4.03821122.jpg
[2025-11-17 17:19:38] Ruta normalizada enviada al front: uploads/car_691b2eaa0a46a4.03821122.jpg
[2025-11-17 17:19:38] Ruta original BD: uploads/car_691b2fdfb30907.21434018.jpg
[2025-11-17 17:19:38] Ruta normalizada enviada al front: uploads/car_691b2fdfb30907.21434018.jpg
[2025-11-17 17:19:38] Ruta original BD: uploads/img_691b38c60d8994.77930618.jpg
[2025-11-17 17:19:38] Ruta normalizada enviada al front: uploads/img_691b38c60d8994.77930618.jpg
[2025-11-17 17:19:38] Total autos procesados: 3
[2025-11-17 17:19:38] === FIN get_autos.php ===
[2025-11-17 17:19:42] === Iniciando get_autos.php ===
[2025-11-17 17:19:42] SQL Autos: SELECT 
            id, vin, marca, modelo, anio, precio, millaje, 
            combustible, drive_train, descripcion, destacado, 
            estado, fecha_publicacion
        FROM autos 
        ORDER BY id DESC
[2025-11-17 17:19:42] Autos encontrados: 3
[2025-11-17 17:19:42] Procesando auto ID: 16
[2025-11-17 17:19:42] SQL Img: 
        SELECT id, ruta, principal
        FROM imagenes_autos
        WHERE auto_id = ?
        ORDER BY principal DESC, id ASC
    
[2025-11-17 17:19:42] Imágenes encontradas para auto 16: 3
[2025-11-17 17:19:42] Ruta original BD: uploads/car_691b3bc01196d7.21033446.jpg
[2025-11-17 17:19:42] Ruta normalizada enviada al front: uploads/car_691b3bc01196d7.21033446.jpg
[2025-11-17 17:19:42] Ruta original BD: uploads/car_691b3bc01375c2.63498298.jpg
[2025-11-17 17:19:42] Ruta normalizada enviada al front: uploads/car_691b3bc01375c2.63498298.jpg
[2025-11-17 17:19:42] Ruta original BD: uploads/car_691b3bc015cf04.16631398.jpg
[2025-11-17 17:19:42] Ruta normalizada enviada al front: uploads/car_691b3bc015cf04.16631398.jpg
[2025-11-17 17:19:42] Procesando auto ID: 15
[2025-11-17 17:19:42] SQL Img: 
        SELECT id, ruta, principal
        FROM imagenes_autos
        WHERE auto_id = ?
        ORDER BY principal DESC, id ASC
    
[2025-11-17 17:19:42] Imágenes encontradas para auto 15: 3
[2025-11-17 17:19:42] Ruta original BD: uploads/car_691b3a135ccfc6.70908182.jpg
[2025-11-17 17:19:42] Ruta normalizada enviada al front: uploads/car_691b3a135ccfc6.70908182.jpg
[2025-11-17 17:19:42] Ruta original BD: uploads/car_691b3a135b5642.01824040.jpg
[2025-11-17 17:19:42] Ruta normalizada enviada al front: uploads/car_691b3a135b5642.01824040.jpg
[2025-11-17 17:19:42] Ruta original BD: uploads/car_691b3a135e14d0.27122190.jpg
[2025-11-17 17:19:42] Ruta normalizada enviada al front: uploads/car_691b3a135e14d0.27122190.jpg
[2025-11-17 17:19:42] Procesando auto ID: 14
[2025-11-17 17:19:42] SQL Img: 
        SELECT id, ruta, principal
        FROM imagenes_autos
        WHERE auto_id = ?
        ORDER BY principal DESC, id ASC
    
[2025-11-17 17:19:42] Imágenes encontradas para auto 14: 3
[2025-11-17 17:19:42] Ruta original BD: uploads/car_691b2eaa0a46a4.03821122.jpg
[2025-11-17 17:19:42] Ruta normalizada enviada al front: uploads/car_691b2eaa0a46a4.03821122.jpg
[2025-11-17 17:19:42] Ruta original BD: uploads/car_691b2fdfb30907.21434018.jpg
[2025-11-17 17:19:42] Ruta normalizada enviada al front: uploads/car_691b2fdfb30907.21434018.jpg
[2025-11-17 17:19:42] Ruta original BD: uploads/img_691b38c60d8994.77930618.jpg
[2025-11-17 17:19:42] Ruta normalizada enviada al front: uploads/img_691b38c60d8994.77930618.jpg
[2025-11-17 17:19:42] Total autos procesados: 3
[2025-11-17 17:19:42] === FIN get_autos.php ===
[2025-11-17 17:19:55] === Iniciando get_autos.php ===
[2025-11-17 17:19:55] SQL Autos: SELECT 
            id, vin, marca, modelo, anio, precio, millaje, 
            combustible, drive_train, descripcion, destacado, 
            estado, fecha_publicacion
        FROM autos 
        ORDER BY id DESC
[2025-11-17 17:19:55] Autos encontrados: 3
[2025-11-17 17:19:55] Procesando auto ID: 16
[2025-11-17 17:19:55] SQL Img: 
        SELECT id, ruta, principal
        FROM imagenes_autos
        WHERE auto_id = ?
        ORDER BY principal DESC, id ASC
    
[2025-11-17 17:19:55] Imágenes encontradas para auto 16: 3
[2025-11-17 17:19:55] Ruta original BD: uploads/car_691b3bc01196d7.21033446.jpg
[2025-11-17 17:19:55] Ruta normalizada enviada al front: uploads/car_691b3bc01196d7.21033446.jpg
[2025-11-17 17:19:55] Ruta original BD: uploads/car_691b3bc01375c2.63498298.jpg
[2025-11-17 17:19:55] Ruta normalizada enviada al front: uploads/car_691b3bc01375c2.63498298.jpg
[2025-11-17 17:19:55] Ruta original BD: uploads/car_691b3bc015cf04.16631398.jpg
[2025-11-17 17:19:55] Ruta normalizada enviada al front: uploads/car_691b3bc015cf04.16631398.jpg
[2025-11-17 17:19:55] Procesando auto ID: 15
[2025-11-17 17:19:55] SQL Img: 
        SELECT id, ruta, principal
        FROM imagenes_autos
        WHERE auto_id = ?
        ORDER BY principal DESC, id ASC
    
[2025-11-17 17:19:55] Imágenes encontradas para auto 15: 3
[2025-11-17 17:19:55] Ruta original BD: uploads/car_691b3a135ccfc6.70908182.jpg
[2025-11-17 17:19:55] Ruta normalizada enviada al front: uploads/car_691b3a135ccfc6.70908182.jpg
[2025-11-17 17:19:55] Ruta original BD: uploads/car_691b3a135b5642.01824040.jpg
[2025-11-17 17:19:55] Ruta normalizada enviada al front: uploads/car_691b3a135b5642.01824040.jpg
[2025-11-17 17:19:55] Ruta original BD: uploads/car_691b3a135e14d0.27122190.jpg
[2025-11-17 17:19:55] Ruta normalizada enviada al front: uploads/car_691b3a135e14d0.27122190.jpg
[2025-11-17 17:19:55] Procesando auto ID: 14
[2025-11-17 17:19:55] SQL Img: 
        SELECT id, ruta, principal
        FROM imagenes_autos
        WHERE auto_id = ?
        ORDER BY principal DESC, id ASC
    
[2025-11-17 17:19:55] Imágenes encontradas para auto 14: 3
[2025-11-17 17:19:55] Ruta original BD: uploads/car_691b2eaa0a46a4.03821122.jpg
[2025-11-17 17:19:55] Ruta normalizada enviada al front: uploads/car_691b2eaa0a46a4.03821122.jpg
[2025-11-17 17:19:55] Ruta original BD: uploads/car_691b2fdfb30907.21434018.jpg
[2025-11-17 17:19:55] Ruta normalizada enviada al front: uploads/car_691b2fdfb30907.21434018.jpg
[2025-11-17 17:19:55] Ruta original BD: uploads/img_691b38c60d8994.77930618.jpg
[2025-11-17 17:19:55] Ruta normalizada enviada al front: uploads/img_691b38c60d8994.77930618.jpg
[2025-11-17 17:19:55] Total autos procesados: 3
[2025-11-17 17:19:55] === FIN get_autos.php ===
[2025-11-17 17:19:58] === Iniciando get_autos.php ===
[2025-11-17 17:19:58] SQL Autos: SELECT 
            id, vin, marca, modelo, anio, precio, millaje, 
            combustible, drive_train, descripcion, destacado, 
            estado, fecha_publicacion
        FROM autos 
        ORDER BY id DESC
[2025-11-17 17:19:58] Autos encontrados: 3
[2025-11-17 17:19:58] Procesando auto ID: 16
[2025-11-17 17:19:58] SQL Img: 
        SELECT id, ruta, principal
        FROM imagenes_autos
        WHERE auto_id = ?
        ORDER BY principal DESC, id ASC
    
[2025-11-17 17:19:58] Imágenes encontradas para auto 16: 3
[2025-11-17 17:19:58] Ruta original BD: uploads/car_691b3bc01196d7.21033446.jpg
[2025-11-17 17:19:58] Ruta normalizada enviada al front: uploads/car_691b3bc01196d7.21033446.jpg
[2025-11-17 17:19:58] Ruta original BD: uploads/car_691b3bc01375c2.63498298.jpg
[2025-11-17 17:19:58] Ruta normalizada enviada al front: uploads/car_691b3bc01375c2.63498298.jpg
[2025-11-17 17:19:58] Ruta original BD: uploads/car_691b3bc015cf04.16631398.jpg
[2025-11-17 17:19:58] Ruta normalizada enviada al front: uploads/car_691b3bc015cf04.16631398.jpg
[2025-11-17 17:19:58] Procesando auto ID: 15
[2025-11-17 17:19:58] SQL Img: 
        SELECT id, ruta, principal
        FROM imagenes_autos
        WHERE auto_id = ?
        ORDER BY principal DESC, id ASC
    
[2025-11-17 17:19:58] Imágenes encontradas para auto 15: 3
[2025-11-17 17:19:58] Ruta original BD: uploads/car_691b3a135ccfc6.70908182.jpg
[2025-11-17 17:19:58] Ruta normalizada enviada al front: uploads/car_691b3a135ccfc6.70908182.jpg
[2025-11-17 17:19:58] Ruta original BD: uploads/car_691b3a135b5642.01824040.jpg
[2025-11-17 17:19:58] Ruta normalizada enviada al front: uploads/car_691b3a135b5642.01824040.jpg
[2025-11-17 17:19:58] Ruta original BD: uploads/car_691b3a135e14d0.27122190.jpg
[2025-11-17 17:19:58] Ruta normalizada enviada al front: uploads/car_691b3a135e14d0.27122190.jpg
[2025-11-17 17:19:58] Procesando auto ID: 14
[2025-11-17 17:19:58] SQL Img: 
        SELECT id, ruta, principal
        FROM imagenes_autos
        WHERE auto_id = ?
        ORDER BY principal DESC, id ASC
    
[2025-11-17 17:19:58] Imágenes encontradas para auto 14: 3
[2025-11-17 17:19:58] Ruta original BD: uploads/car_691b2eaa0a46a4.03821122.jpg
[2025-11-17 17:19:58] Ruta normalizada enviada al front: uploads/car_691b2eaa0a46a4.03821122.jpg
[2025-11-17 17:19:58] Ruta original BD: uploads/car_691b2fdfb30907.21434018.jpg
[2025-11-17 17:19:58] Ruta normalizada enviada al front: uploads/car_691b2fdfb30907.21434018.jpg
[2025-11-17 17:19:58] Ruta original BD: uploads/img_691b38c60d8994.77930618.jpg
[2025-11-17 17:19:58] Ruta normalizada enviada al front: uploads/img_691b38c60d8994.77930618.jpg
[2025-11-17 17:19:58] Total autos procesados: 3
[2025-11-17 17:19:58] === FIN get_autos.php ===
[2025-11-17 17:20:11] === Iniciando get_autos.php ===
[2025-11-17 17:20:11] SQL Autos: SELECT 
            id, vin, marca, modelo, anio, precio, millaje, 
            combustible, drive_train, descripcion, destacado, 
            estado, fecha_publicacion
        FROM autos 
        ORDER BY id DESC
[2025-11-17 17:20:11] Autos encontrados: 3
[2025-11-17 17:20:11] Procesando auto ID: 16
[2025-11-17 17:20:11] SQL Img: 
        SELECT id, ruta, principal
        FROM imagenes_autos
        WHERE auto_id = ?
        ORDER BY principal DESC, id ASC
    
[2025-11-17 17:20:11] Imágenes encontradas para auto 16: 3
[2025-11-17 17:20:11] Ruta original BD: uploads/car_691b3bc01196d7.21033446.jpg
[2025-11-17 17:20:11] Ruta normalizada enviada al front: uploads/car_691b3bc01196d7.21033446.jpg
[2025-11-17 17:20:11] Ruta original BD: uploads/car_691b3bc01375c2.63498298.jpg
[2025-11-17 17:20:11] Ruta normalizada enviada al front: uploads/car_691b3bc01375c2.63498298.jpg
[2025-11-17 17:20:11] Ruta original BD: uploads/car_691b3bc015cf04.16631398.jpg
[2025-11-17 17:20:11] Ruta normalizada enviada al front: uploads/car_691b3bc015cf04.16631398.jpg
[2025-11-17 17:20:11] Procesando auto ID: 15
[2025-11-17 17:20:11] SQL Img: 
        SELECT id, ruta, principal
        FROM imagenes_autos
        WHERE auto_id = ?
        ORDER BY principal DESC, id ASC
    
[2025-11-17 17:20:11] Imágenes encontradas para auto 15: 3
[2025-11-17 17:20:11] Ruta original BD: uploads/car_691b3a135ccfc6.70908182.jpg
[2025-11-17 17:20:11] Ruta normalizada enviada al front: uploads/car_691b3a135ccfc6.70908182.jpg
[2025-11-17 17:20:11] Ruta original BD: uploads/car_691b3a135b5642.01824040.jpg
[2025-11-17 17:20:11] Ruta normalizada enviada al front: uploads/car_691b3a135b5642.01824040.jpg
[2025-11-17 17:20:11] Ruta original BD: uploads/car_691b3a135e14d0.27122190.jpg
[2025-11-17 17:20:11] Ruta normalizada enviada al front: uploads/car_691b3a135e14d0.27122190.jpg
[2025-11-17 17:20:11] Procesando auto ID: 14
[2025-11-17 17:20:11] SQL Img: 
        SELECT id, ruta, principal
        FROM imagenes_autos
        WHERE auto_id = ?
        ORDER BY principal DESC, id ASC
    
[2025-11-17 17:20:11] Imágenes encontradas para auto 14: 3
[2025-11-17 17:20:11] Ruta original BD: uploads/car_691b2eaa0a46a4.03821122.jpg
[2025-11-17 17:20:11] Ruta normalizada enviada al front: uploads/car_691b2eaa0a46a4.03821122.jpg
[2025-11-17 17:20:11] Ruta original BD: uploads/car_691b2fdfb30907.21434018.jpg
[2025-11-17 17:20:11] Ruta normalizada enviada al front: uploads/car_691b2fdfb30907.21434018.jpg
[2025-11-17 17:20:11] Ruta original BD: uploads/img_691b38c60d8994.77930618.jpg
[2025-11-17 17:20:11] Ruta normalizada enviada al front: uploads/img_691b38c60d8994.77930618.jpg
[2025-11-17 17:20:11] Total autos procesados: 3
[2025-11-17 17:20:11] === FIN get_autos.php ===
[2025-11-17 17:20:41] === Iniciando get_autos.php ===
[2025-11-17 17:20:41] SQL Autos: SELECT 
            id, vin, marca, modelo, anio, precio, millaje, 
            combustible, drive_train, descripcion, destacado, 
            estado, fecha_publicacion
        FROM autos 
        ORDER BY id DESC
[2025-11-17 17:20:41] Autos encontrados: 3
[2025-11-17 17:20:41] Procesando auto ID: 16
[2025-11-17 17:20:41] SQL Img: 
        SELECT id, ruta, principal
        FROM imagenes_autos
        WHERE auto_id = ?
        ORDER BY principal DESC, id ASC
    
[2025-11-17 17:20:41] Imágenes encontradas para auto 16: 3
[2025-11-17 17:20:41] Ruta original BD: uploads/car_691b3bc01196d7.21033446.jpg
[2025-11-17 17:20:41] Ruta normalizada enviada al front: uploads/car_691b3bc01196d7.21033446.jpg
[2025-11-17 17:20:41] Ruta original BD: uploads/car_691b3bc01375c2.63498298.jpg
[2025-11-17 17:20:41] Ruta normalizada enviada al front: uploads/car_691b3bc01375c2.63498298.jpg
[2025-11-17 17:20:41] Ruta original BD: uploads/car_691b3bc015cf04.16631398.jpg
[2025-11-17 17:20:41] Ruta normalizada enviada al front: uploads/car_691b3bc015cf04.16631398.jpg
[2025-11-17 17:20:41] Procesando auto ID: 15
[2025-11-17 17:20:41] SQL Img: 
        SELECT id, ruta, principal
        FROM imagenes_autos
        WHERE auto_id = ?
        ORDER BY principal DESC, id ASC
    
[2025-11-17 17:20:41] Imágenes encontradas para auto 15: 3
[2025-11-17 17:20:41] Ruta original BD: uploads/car_691b3a135ccfc6.70908182.jpg
[2025-11-17 17:20:41] Ruta normalizada enviada al front: uploads/car_691b3a135ccfc6.70908182.jpg
[2025-11-17 17:20:41] Ruta original BD: uploads/car_691b3a135b5642.01824040.jpg
[2025-11-17 17:20:41] Ruta normalizada enviada al front: uploads/car_691b3a135b5642.01824040.jpg
[2025-11-17 17:20:41] Ruta original BD: uploads/car_691b3a135e14d0.27122190.jpg
[2025-11-17 17:20:41] Ruta normalizada enviada al front: uploads/car_691b3a135e14d0.27122190.jpg
[2025-11-17 17:20:41] Procesando auto ID: 14
[2025-11-17 17:20:41] SQL Img: 
        SELECT id, ruta, principal
        FROM imagenes_autos
        WHERE auto_id = ?
        ORDER BY principal DESC, id ASC
    
[2025-11-17 17:20:41] Imágenes encontradas para auto 14: 3
[2025-11-17 17:20:41] Ruta original BD: uploads/car_691b2eaa0a46a4.03821122.jpg
[2025-11-17 17:20:41] Ruta normalizada enviada al front: uploads/car_691b2eaa0a46a4.03821122.jpg
[2025-11-17 17:20:41] Ruta original BD: uploads/car_691b2fdfb30907.21434018.jpg
[2025-11-17 17:20:41] Ruta normalizada enviada al front: uploads/car_691b2fdfb30907.21434018.jpg
[2025-11-17 17:20:41] Ruta original BD: uploads/img_691b38c60d8994.77930618.jpg
[2025-11-17 17:20:41] Ruta normalizada enviada al front: uploads/img_691b38c60d8994.77930618.jpg
[2025-11-17 17:20:41] Total autos procesados: 3
[2025-11-17 17:20:41] === FIN get_autos.php ===
[2025-11-17 17:28:45] === Iniciando get_autos.php ===
[2025-11-17 17:28:45] SQL Autos: SELECT 
            id, vin, marca, modelo, anio, precio, millaje, 
            combustible, drive_train, descripcion, destacado, 
            estado, fecha_publicacion
        FROM autos 
        ORDER BY id DESC
[2025-11-17 17:28:45] Autos encontrados: 3
[2025-11-17 17:28:45] Procesando auto ID: 16
[2025-11-17 17:28:45] SQL Img: 
        SELECT id, ruta, principal
        FROM imagenes_autos
        WHERE auto_id = ?
        ORDER BY principal DESC, id ASC
    
[2025-11-17 17:28:45] Imágenes encontradas para auto 16: 3
[2025-11-17 17:28:45] Ruta original BD: uploads/car_691b3bc01196d7.21033446.jpg
[2025-11-17 17:28:45] Ruta normalizada enviada al front: uploads/car_691b3bc01196d7.21033446.jpg
[2025-11-17 17:28:45] Ruta original BD: uploads/car_691b3bc01375c2.63498298.jpg
[2025-11-17 17:28:45] Ruta normalizada enviada al front: uploads/car_691b3bc01375c2.63498298.jpg
[2025-11-17 17:28:45] Ruta original BD: uploads/car_691b3bc015cf04.16631398.jpg
[2025-11-17 17:28:45] Ruta normalizada enviada al front: uploads/car_691b3bc015cf04.16631398.jpg
[2025-11-17 17:28:45] Procesando auto ID: 15
[2025-11-17 17:28:45] SQL Img: 
        SELECT id, ruta, principal
        FROM imagenes_autos
        WHERE auto_id = ?
        ORDER BY principal DESC, id ASC
    
[2025-11-17 17:28:45] Imágenes encontradas para auto 15: 3
[2025-11-17 17:28:45] Ruta original BD: uploads/car_691b3a135ccfc6.70908182.jpg
[2025-11-17 17:28:45] Ruta normalizada enviada al front: uploads/car_691b3a135ccfc6.70908182.jpg
[2025-11-17 17:28:45] Ruta original BD: uploads/car_691b3a135b5642.01824040.jpg
[2025-11-17 17:28:45] Ruta normalizada enviada al front: uploads/car_691b3a135b5642.01824040.jpg
[2025-11-17 17:28:45] Ruta original BD: uploads/car_691b3a135e14d0.27122190.jpg
[2025-11-17 17:28:45] Ruta normalizada enviada al front: uploads/car_691b3a135e14d0.27122190.jpg
[2025-11-17 17:28:45] Procesando auto ID: 14
[2025-11-17 17:28:45] SQL Img: 
        SELECT id, ruta, principal
        FROM imagenes_autos
        WHERE auto_id = ?
        ORDER BY principal DESC, id ASC
    
[2025-11-17 17:28:45] Imágenes encontradas para auto 14: 3
[2025-11-17 17:28:45] Ruta original BD: uploads/car_691b2eaa0a46a4.03821122.jpg
[2025-11-17 17:28:45] Ruta normalizada enviada al front: uploads/car_691b2eaa0a46a4.03821122.jpg
[2025-11-17 17:28:45] Ruta original BD: uploads/car_691b2fdfb30907.21434018.jpg
[2025-11-17 17:28:45] Ruta normalizada enviada al front: uploads/car_691b2fdfb30907.21434018.jpg
[2025-11-17 17:28:45] Ruta original BD: uploads/img_691b38c60d8994.77930618.jpg
[2025-11-17 17:28:45] Ruta normalizada enviada al front: uploads/img_691b38c60d8994.77930618.jpg
[2025-11-17 17:28:45] Total autos procesados: 3
[2025-11-17 17:28:45] === FIN get_autos.php ===
[2025-11-17 17:30:25] === Iniciando get_autos.php ===
[2025-11-17 17:30:25] SQL Autos: SELECT 
            id, vin, marca, modelo, anio, precio, millaje, 
            combustible, drive_train, descripcion, destacado, 
            estado, fecha_publicacion
        FROM autos 
        ORDER BY id DESC
[2025-11-17 17:30:25] Autos encontrados: 3
[2025-11-17 17:30:25] Procesando auto ID: 16
[2025-11-17 17:30:25] SQL Img: 
        SELECT id, ruta, principal
        FROM imagenes_autos
        WHERE auto_id = ?
        ORDER BY principal DESC, id ASC
    
[2025-11-17 17:30:25] Imágenes encontradas para auto 16: 3
[2025-11-17 17:30:25] Ruta original BD: uploads/car_691b3bc01196d7.21033446.jpg
[2025-11-17 17:30:25] Ruta normalizada enviada al front: uploads/car_691b3bc01196d7.21033446.jpg
[2025-11-17 17:30:25] Ruta original BD: uploads/car_691b3bc01375c2.63498298.jpg
[2025-11-17 17:30:25] Ruta normalizada enviada al front: uploads/car_691b3bc01375c2.63498298.jpg
[2025-11-17 17:30:25] Ruta original BD: uploads/car_691b3bc015cf04.16631398.jpg
[2025-11-17 17:30:25] Ruta normalizada enviada al front: uploads/car_691b3bc015cf04.16631398.jpg
[2025-11-17 17:30:25] Procesando auto ID: 15
[2025-11-17 17:30:25] SQL Img: 
        SELECT id, ruta, principal
        FROM imagenes_autos
        WHERE auto_id = ?
        ORDER BY principal DESC, id ASC
    
[2025-11-17 17:30:25] Imágenes encontradas para auto 15: 3
[2025-11-17 17:30:25] Ruta original BD: uploads/car_691b3a135ccfc6.70908182.jpg
[2025-11-17 17:30:25] Ruta normalizada enviada al front: uploads/car_691b3a135ccfc6.70908182.jpg
[2025-11-17 17:30:25] Ruta original BD: uploads/car_691b3a135b5642.01824040.jpg
[2025-11-17 17:30:25] Ruta normalizada enviada al front: uploads/car_691b3a135b5642.01824040.jpg
[2025-11-17 17:30:25] Ruta original BD: uploads/car_691b3a135e14d0.27122190.jpg
[2025-11-17 17:30:25] Ruta normalizada enviada al front: uploads/car_691b3a135e14d0.27122190.jpg
[2025-11-17 17:30:25] Procesando auto ID: 14
[2025-11-17 17:30:25] SQL Img: 
        SELECT id, ruta, principal
        FROM imagenes_autos
        WHERE auto_id = ?
        ORDER BY principal DESC, id ASC
    
[2025-11-17 17:30:25] Imágenes encontradas para auto 14: 3
[2025-11-17 17:30:25] Ruta original BD: uploads/car_691b2eaa0a46a4.03821122.jpg
[2025-11-17 17:30:25] Ruta normalizada enviada al front: uploads/car_691b2eaa0a46a4.03821122.jpg
[2025-11-17 17:30:25] Ruta original BD: uploads/car_691b2fdfb30907.21434018.jpg
[2025-11-17 17:30:25] Ruta normalizada enviada al front: uploads/car_691b2fdfb30907.21434018.jpg
[2025-11-17 17:30:25] Ruta original BD: uploads/img_691b38c60d8994.77930618.jpg
[2025-11-17 17:30:25] Ruta normalizada enviada al front: uploads/img_691b38c60d8994.77930618.jpg
[2025-11-17 17:30:25] Total autos procesados: 3
[2025-11-17 17:30:25] === FIN get_autos.php ===
[2025-11-17 17:35:51] === Iniciando get_autos.php ===
[2025-11-17 17:35:51] SQL Autos: SELECT 
            id, vin, marca, modelo, anio, precio, millaje, 
            combustible, drive_train, descripcion, destacado, 
            estado, fecha_publicacion
        FROM autos 
        ORDER BY id DESC
[2025-11-17 17:35:51] Autos encontrados: 3
[2025-11-17 17:35:51] Procesando auto ID: 16
[2025-11-17 17:35:51] SQL Img: 
        SELECT id, ruta, principal
        FROM imagenes_autos
        WHERE auto_id = ?
        ORDER BY principal DESC, id ASC
    
[2025-11-17 17:35:51] Imágenes encontradas para auto 16: 3
[2025-11-17 17:35:51] Ruta original BD: uploads/car_691b3bc01196d7.21033446.jpg
[2025-11-17 17:35:51] Ruta normalizada enviada al front: uploads/car_691b3bc01196d7.21033446.jpg
[2025-11-17 17:35:51] Ruta original BD: uploads/car_691b3bc01375c2.63498298.jpg
[2025-11-17 17:35:51] Ruta normalizada enviada al front: uploads/car_691b3bc01375c2.63498298.jpg
[2025-11-17 17:35:51] Ruta original BD: uploads/car_691b3bc015cf04.16631398.jpg
[2025-11-17 17:35:51] Ruta normalizada enviada al front: uploads/car_691b3bc015cf04.16631398.jpg
[2025-11-17 17:35:51] Procesando auto ID: 15
[2025-11-17 17:35:51] SQL Img: 
        SELECT id, ruta, principal
        FROM imagenes_autos
        WHERE auto_id = ?
        ORDER BY principal DESC, id ASC
    
[2025-11-17 17:35:51] Imágenes encontradas para auto 15: 3
[2025-11-17 17:35:51] Ruta original BD: uploads/car_691b3a135ccfc6.70908182.jpg
[2025-11-17 17:35:51] Ruta normalizada enviada al front: uploads/car_691b3a135ccfc6.70908182.jpg
[2025-11-17 17:35:51] Ruta original BD: uploads/car_691b3a135b5642.01824040.jpg
[2025-11-17 17:35:51] Ruta normalizada enviada al front: uploads/car_691b3a135b5642.01824040.jpg
[2025-11-17 17:35:51] Ruta original BD: uploads/car_691b3a135e14d0.27122190.jpg
[2025-11-17 17:35:51] Ruta normalizada enviada al front: uploads/car_691b3a135e14d0.27122190.jpg
[2025-11-17 17:35:51] Procesando auto ID: 14
[2025-11-17 17:35:51] SQL Img: 
        SELECT id, ruta, principal
        FROM imagenes_autos
        WHERE auto_id = ?
        ORDER BY principal DESC, id ASC
    
[2025-11-17 17:35:51] Imágenes encontradas para auto 14: 3
[2025-11-17 17:35:51] Ruta original BD: uploads/car_691b2eaa0a46a4.03821122.jpg
[2025-11-17 17:35:51] Ruta normalizada enviada al front: uploads/car_691b2eaa0a46a4.03821122.jpg
[2025-11-17 17:35:51] Ruta original BD: uploads/car_691b2fdfb30907.21434018.jpg
[2025-11-17 17:35:51] Ruta normalizada enviada al front: uploads/car_691b2fdfb30907.21434018.jpg
[2025-11-17 17:35:51] Ruta original BD: uploads/img_691b38c60d8994.77930618.jpg
[2025-11-17 17:35:51] Ruta normalizada enviada al front: uploads/img_691b38c60d8994.77930618.jpg
[2025-11-17 17:35:51] Total autos procesados: 3
[2025-11-17 17:35:51] === FIN get_autos.php ===
[2025-11-17 17:37:34] === Iniciando get_autos.php ===
[2025-11-17 17:37:34] SQL Autos: SELECT 
            id, vin, marca, modelo, anio, precio, millaje, 
            combustible, drive_train, descripcion, destacado, 
            estado, fecha_publicacion
        FROM autos 
        ORDER BY id DESC
[2025-11-17 17:37:34] Autos encontrados: 3
[2025-11-17 17:37:34] Procesando auto ID: 16
[2025-11-17 17:37:34] SQL Img: 
        SELECT id, ruta, principal
        FROM imagenes_autos
        WHERE auto_id = ?
        ORDER BY principal DESC, id ASC
    
[2025-11-17 17:37:34] Imágenes encontradas para auto 16: 3
[2025-11-17 17:37:34] Ruta original BD: uploads/car_691b3bc01196d7.21033446.jpg
[2025-11-17 17:37:34] Ruta normalizada enviada al front: uploads/car_691b3bc01196d7.21033446.jpg
[2025-11-17 17:37:34] Ruta original BD: uploads/car_691b3bc01375c2.63498298.jpg
[2025-11-17 17:37:34] Ruta normalizada enviada al front: uploads/car_691b3bc01375c2.63498298.jpg
[2025-11-17 17:37:34] Ruta original BD: uploads/car_691b3bc015cf04.16631398.jpg
[2025-11-17 17:37:34] Ruta normalizada enviada al front: uploads/car_691b3bc015cf04.16631398.jpg
[2025-11-17 17:37:34] Procesando auto ID: 15
[2025-11-17 17:37:34] SQL Img: 
        SELECT id, ruta, principal
        FROM imagenes_autos
        WHERE auto_id = ?
        ORDER BY principal DESC, id ASC
    
[2025-11-17 17:37:34] Imágenes encontradas para auto 15: 3
[2025-11-17 17:37:34] Ruta original BD: uploads/car_691b3a135ccfc6.70908182.jpg
[2025-11-17 17:37:34] Ruta normalizada enviada al front: uploads/car_691b3a135ccfc6.70908182.jpg
[2025-11-17 17:37:34] Ruta original BD: uploads/car_691b3a135b5642.01824040.jpg
[2025-11-17 17:37:34] Ruta normalizada enviada al front: uploads/car_691b3a135b5642.01824040.jpg
[2025-11-17 17:37:34] Ruta original BD: uploads/car_691b3a135e14d0.27122190.jpg
[2025-11-17 17:37:34] Ruta normalizada enviada al front: uploads/car_691b3a135e14d0.27122190.jpg
[2025-11-17 17:37:34] Procesando auto ID: 14
[2025-11-17 17:37:34] SQL Img: 
        SELECT id, ruta, principal
        FROM imagenes_autos
        WHERE auto_id = ?
        ORDER BY principal DESC, id ASC
    
[2025-11-17 17:37:34] Imágenes encontradas para auto 14: 3
[2025-11-17 17:37:34] Ruta original BD: uploads/car_691b2eaa0a46a4.03821122.jpg
[2025-11-17 17:37:34] Ruta normalizada enviada al front: uploads/car_691b2eaa0a46a4.03821122.jpg
[2025-11-17 17:37:34] Ruta original BD: uploads/car_691b2fdfb30907.21434018.jpg
[2025-11-17 17:37:34] Ruta normalizada enviada al front: uploads/car_691b2fdfb30907.21434018.jpg
[2025-11-17 17:37:34] Ruta original BD: uploads/img_691b38c60d8994.77930618.jpg
[2025-11-17 17:37:34] Ruta normalizada enviada al front: uploads/img_691b38c60d8994.77930618.jpg
[2025-11-17 17:37:34] Total autos procesados: 3
[2025-11-17 17:37:34] === FIN get_autos.php ===
[2025-11-17 17:47:55] === Iniciando get_autos.php ===
[2025-11-17 17:47:55] SQL Autos: SELECT 
            id, vin, marca, modelo, anio, precio, millaje, 
            combustible, drive_train, descripcion, destacado, 
            estado, fecha_publicacion
        FROM autos 
        ORDER BY id DESC
[2025-11-17 17:47:55] Autos encontrados: 3
[2025-11-17 17:47:55] Procesando auto ID: 16
[2025-11-17 17:47:55] SQL Img: 
        SELECT id, ruta, principal
        FROM imagenes_autos
        WHERE auto_id = ?
        ORDER BY principal DESC, id ASC
    
[2025-11-17 17:47:55] Imágenes encontradas para auto 16: 3
[2025-11-17 17:47:55] Ruta original BD: uploads/car_691b3bc01196d7.21033446.jpg
[2025-11-17 17:47:55] Ruta normalizada enviada al front: uploads/car_691b3bc01196d7.21033446.jpg
[2025-11-17 17:47:55] Ruta original BD: uploads/car_691b3bc01375c2.63498298.jpg
[2025-11-17 17:47:55] Ruta normalizada enviada al front: uploads/car_691b3bc01375c2.63498298.jpg
[2025-11-17 17:47:55] Ruta original BD: uploads/car_691b3bc015cf04.16631398.jpg
[2025-11-17 17:47:55] Ruta normalizada enviada al front: uploads/car_691b3bc015cf04.16631398.jpg
[2025-11-17 17:47:55] Procesando auto ID: 15
[2025-11-17 17:47:55] SQL Img: 
        SELECT id, ruta, principal
        FROM imagenes_autos
        WHERE auto_id = ?
        ORDER BY principal DESC, id ASC
    
[2025-11-17 17:47:55] Imágenes encontradas para auto 15: 3
[2025-11-17 17:47:55] Ruta original BD: uploads/car_691b3a135ccfc6.70908182.jpg
[2025-11-17 17:47:55] Ruta normalizada enviada al front: uploads/car_691b3a135ccfc6.70908182.jpg
[2025-11-17 17:47:55] Ruta original BD: uploads/car_691b3a135b5642.01824040.jpg
[2025-11-17 17:47:55] Ruta normalizada enviada al front: uploads/car_691b3a135b5642.01824040.jpg
[2025-11-17 17:47:55] Ruta original BD: uploads/car_691b3a135e14d0.27122190.jpg
[2025-11-17 17:47:55] Ruta normalizada enviada al front: uploads/car_691b3a135e14d0.27122190.jpg
[2025-11-17 17:47:55] Procesando auto ID: 14
[2025-11-17 17:47:55] SQL Img: 
        SELECT id, ruta, principal
        FROM imagenes_autos
        WHERE auto_id = ?
        ORDER BY principal DESC, id ASC
    
[2025-11-17 17:47:55] Imágenes encontradas para auto 14: 3
[2025-11-17 17:47:55] Ruta original BD: uploads/car_691b2eaa0a46a4.03821122.jpg
[2025-11-17 17:47:55] Ruta normalizada enviada al front: uploads/car_691b2eaa0a46a4.03821122.jpg
[2025-11-17 17:47:55] Ruta original BD: uploads/car_691b2fdfb30907.21434018.jpg
[2025-11-17 17:47:55] Ruta normalizada enviada al front: uploads/car_691b2fdfb30907.21434018.jpg
[2025-11-17 17:47:55] Ruta original BD: uploads/img_691b38c60d8994.77930618.jpg
[2025-11-17 17:47:55] Ruta normalizada enviada al front: uploads/img_691b38c60d8994.77930618.jpg
[2025-11-17 17:47:55] Total autos procesados: 3
[2025-11-17 17:47:55] === FIN get_autos.php ===
[2025-11-17 17:50:21] === Iniciando get_autos.php ===
[2025-11-17 17:50:21] SQL Autos: SELECT 
            id, vin, marca, modelo, anio, precio, millaje, 
            combustible, drive_train, descripcion, destacado, 
            estado, fecha_publicacion
        FROM autos 
        ORDER BY id DESC
[2025-11-17 17:50:21] Autos encontrados: 3
[2025-11-17 17:50:21] Procesando auto ID: 16
[2025-11-17 17:50:21] SQL Img: 
        SELECT id, ruta, principal
        FROM imagenes_autos
        WHERE auto_id = ?
        ORDER BY principal DESC, id ASC
    
[2025-11-17 17:50:21] Imágenes encontradas para auto 16: 3
[2025-11-17 17:50:21] Ruta original BD: uploads/car_691b3bc01196d7.21033446.jpg
[2025-11-17 17:50:21] Ruta normalizada enviada al front: uploads/car_691b3bc01196d7.21033446.jpg
[2025-11-17 17:50:21] Ruta original BD: uploads/car_691b3bc01375c2.63498298.jpg
[2025-11-17 17:50:21] Ruta normalizada enviada al front: uploads/car_691b3bc01375c2.63498298.jpg
[2025-11-17 17:50:21] Ruta original BD: uploads/car_691b3bc015cf04.16631398.jpg
[2025-11-17 17:50:21] Ruta normalizada enviada al front: uploads/car_691b3bc015cf04.16631398.jpg
[2025-11-17 17:50:21] Procesando auto ID: 15
[2025-11-17 17:50:21] SQL Img: 
        SELECT id, ruta, principal
        FROM imagenes_autos
        WHERE auto_id = ?
        ORDER BY principal DESC, id ASC
    
[2025-11-17 17:50:21] Imágenes encontradas para auto 15: 3
[2025-11-17 17:50:21] Ruta original BD: uploads/car_691b3a135ccfc6.70908182.jpg
[2025-11-17 17:50:21] Ruta normalizada enviada al front: uploads/car_691b3a135ccfc6.70908182.jpg
[2025-11-17 17:50:21] Ruta original BD: uploads/car_691b3a135b5642.01824040.jpg
[2025-11-17 17:50:21] Ruta normalizada enviada al front: uploads/car_691b3a135b5642.01824040.jpg
[2025-11-17 17:50:21] Ruta original BD: uploads/car_691b3a135e14d0.27122190.jpg
[2025-11-17 17:50:21] Ruta normalizada enviada al front: uploads/car_691b3a135e14d0.27122190.jpg
[2025-11-17 17:50:21] Procesando auto ID: 14
[2025-11-17 17:50:21] SQL Img: 
        SELECT id, ruta, principal
        FROM imagenes_autos
        WHERE auto_id = ?
        ORDER BY principal DESC, id ASC
    
[2025-11-17 17:50:21] Imágenes encontradas para auto 14: 3
[2025-11-17 17:50:21] Ruta original BD: uploads/car_691b2eaa0a46a4.03821122.jpg
[2025-11-17 17:50:21] Ruta normalizada enviada al front: uploads/car_691b2eaa0a46a4.03821122.jpg
[2025-11-17 17:50:21] Ruta original BD: uploads/car_691b2fdfb30907.21434018.jpg
[2025-11-17 17:50:21] Ruta normalizada enviada al front: uploads/car_691b2fdfb30907.21434018.jpg
[2025-11-17 17:50:21] Ruta original BD: uploads/img_691b38c60d8994.77930618.jpg
[2025-11-17 17:50:21] Ruta normalizada enviada al front: uploads/img_691b38c60d8994.77930618.jpg
[2025-11-17 17:50:21] Total autos procesados: 3
[2025-11-17 17:50:21] === FIN get_autos.php ===
[2025-11-17 17:51:08] === Iniciando get_autos.php ===
[2025-11-17 17:51:08] SQL Autos: SELECT 
            id, vin, marca, modelo, anio, precio, millaje, 
            combustible, drive_train, descripcion, destacado, 
            estado, fecha_publicacion
        FROM autos 
        ORDER BY id DESC
[2025-11-17 17:51:08] Autos encontrados: 3
[2025-11-17 17:51:08] Procesando auto ID: 16
[2025-11-17 17:51:08] SQL Img: 
        SELECT id, ruta, principal
        FROM imagenes_autos
        WHERE auto_id = ?
        ORDER BY principal DESC, id ASC
    
[2025-11-17 17:51:08] Imágenes encontradas para auto 16: 3
[2025-11-17 17:51:08] Ruta original BD: uploads/car_691b3bc01196d7.21033446.jpg
[2025-11-17 17:51:08] Ruta normalizada enviada al front: uploads/car_691b3bc01196d7.21033446.jpg
[2025-11-17 17:51:08] Ruta original BD: uploads/car_691b3bc01375c2.63498298.jpg
[2025-11-17 17:51:08] Ruta normalizada enviada al front: uploads/car_691b3bc01375c2.63498298.jpg
[2025-11-17 17:51:08] Ruta original BD: uploads/car_691b3bc015cf04.16631398.jpg
[2025-11-17 17:51:08] Ruta normalizada enviada al front: uploads/car_691b3bc015cf04.16631398.jpg
[2025-11-17 17:51:08] Procesando auto ID: 15
[2025-11-17 17:51:08] SQL Img: 
        SELECT id, ruta, principal
        FROM imagenes_autos
        WHERE auto_id = ?
        ORDER BY principal DESC, id ASC
    
[2025-11-17 17:51:08] Imágenes encontradas para auto 15: 3
[2025-11-17 17:51:08] Ruta original BD: uploads/car_691b3a135ccfc6.70908182.jpg
[2025-11-17 17:51:08] Ruta normalizada enviada al front: uploads/car_691b3a135ccfc6.70908182.jpg
[2025-11-17 17:51:08] Ruta original BD: uploads/car_691b3a135b5642.01824040.jpg
[2025-11-17 17:51:08] Ruta normalizada enviada al front: uploads/car_691b3a135b5642.01824040.jpg
[2025-11-17 17:51:08] Ruta original BD: uploads/car_691b3a135e14d0.27122190.jpg
[2025-11-17 17:51:08] Ruta normalizada enviada al front: uploads/car_691b3a135e14d0.27122190.jpg
[2025-11-17 17:51:08] Procesando auto ID: 14
[2025-11-17 17:51:08] SQL Img: 
        SELECT id, ruta, principal
        FROM imagenes_autos
        WHERE auto_id = ?
        ORDER BY principal DESC, id ASC
    
[2025-11-17 17:51:08] Imágenes encontradas para auto 14: 3
[2025-11-17 17:51:08] Ruta original BD: uploads/car_691b2eaa0a46a4.03821122.jpg
[2025-11-17 17:51:08] Ruta normalizada enviada al front: uploads/car_691b2eaa0a46a4.03821122.jpg
[2025-11-17 17:51:08] Ruta original BD: uploads/car_691b2fdfb30907.21434018.jpg
[2025-11-17 17:51:08] Ruta normalizada enviada al front: uploads/car_691b2fdfb30907.21434018.jpg
[2025-11-17 17:51:08] Ruta original BD: uploads/img_691b38c60d8994.77930618.jpg
[2025-11-17 17:51:08] Ruta normalizada enviada al front: uploads/img_691b38c60d8994.77930618.jpg
[2025-11-17 17:51:08] Total autos procesados: 3
[2025-11-17 17:51:08] === FIN get_autos.php ===
[2025-11-17 17:54:13] === Iniciando get_autos.php ===
[2025-11-17 17:54:13] SQL Autos: SELECT 
            id, vin, marca, modelo, anio, precio, millaje, 
            combustible, drive_train, descripcion, destacado, 
            estado, fecha_publicacion
        FROM autos 
        ORDER BY id DESC
[2025-11-17 17:54:13] Autos encontrados: 3
[2025-11-17 17:54:13] Procesando auto ID: 16
[2025-11-17 17:54:13] SQL Img: 
        SELECT id, ruta, principal
        FROM imagenes_autos
        WHERE auto_id = ?
        ORDER BY principal DESC, id ASC
    
[2025-11-17 17:54:13] Imágenes encontradas para auto 16: 3
[2025-11-17 17:54:13] Ruta original BD: uploads/car_691b3bc01196d7.21033446.jpg
[2025-11-17 17:54:13] Ruta normalizada enviada al front: uploads/car_691b3bc01196d7.21033446.jpg
[2025-11-17 17:54:13] Ruta original BD: uploads/car_691b3bc01375c2.63498298.jpg
[2025-11-17 17:54:13] Ruta normalizada enviada al front: uploads/car_691b3bc01375c2.63498298.jpg
[2025-11-17 17:54:13] Ruta original BD: uploads/car_691b3bc015cf04.16631398.jpg
[2025-11-17 17:54:13] Ruta normalizada enviada al front: uploads/car_691b3bc015cf04.16631398.jpg
[2025-11-17 17:54:13] Procesando auto ID: 15
[2025-11-17 17:54:13] SQL Img: 
        SELECT id, ruta, principal
        FROM imagenes_autos
        WHERE auto_id = ?
        ORDER BY principal DESC, id ASC
    
[2025-11-17 17:54:13] Imágenes encontradas para auto 15: 3
[2025-11-17 17:54:13] Ruta original BD: uploads/car_691b3a135ccfc6.70908182.jpg
[2025-11-17 17:54:13] Ruta normalizada enviada al front: uploads/car_691b3a135ccfc6.70908182.jpg
[2025-11-17 17:54:13] Ruta original BD: uploads/car_691b3a135b5642.01824040.jpg
[2025-11-17 17:54:13] Ruta normalizada enviada al front: uploads/car_691b3a135b5642.01824040.jpg
[2025-11-17 17:54:13] Ruta original BD: uploads/car_691b3a135e14d0.27122190.jpg
[2025-11-17 17:54:13] Ruta normalizada enviada al front: uploads/car_691b3a135e14d0.27122190.jpg
[2025-11-17 17:54:13] Procesando auto ID: 14
[2025-11-17 17:54:13] SQL Img: 
        SELECT id, ruta, principal
        FROM imagenes_autos
        WHERE auto_id = ?
        ORDER BY principal DESC, id ASC
    
[2025-11-17 17:54:13] Imágenes encontradas para auto 14: 3
[2025-11-17 17:54:13] Ruta original BD: uploads/car_691b2eaa0a46a4.03821122.jpg
[2025-11-17 17:54:13] Ruta normalizada enviada al front: uploads/car_691b2eaa0a46a4.03821122.jpg
[2025-11-17 17:54:13] Ruta original BD: uploads/car_691b2fdfb30907.21434018.jpg
[2025-11-17 17:54:13] Ruta normalizada enviada al front: uploads/car_691b2fdfb30907.21434018.jpg
[2025-11-17 17:54:13] Ruta original BD: uploads/img_691b38c60d8994.77930618.jpg
[2025-11-17 17:54:13] Ruta normalizada enviada al front: uploads/img_691b38c60d8994.77930618.jpg
[2025-11-17 17:54:13] Total autos procesados: 3
[2025-11-17 17:54:13] === FIN get_autos.php ===
[2025-11-17 18:00:49] === Iniciando get_autos.php ===
[2025-11-17 18:00:49] SQL Autos: SELECT 
            id, vin, marca, modelo, anio, precio, millaje, 
            combustible, drive_train, descripcion, destacado, 
            estado, fecha_publicacion
        FROM autos 
        ORDER BY id DESC
[2025-11-17 18:00:49] Autos encontrados: 3
[2025-11-17 18:00:49] Procesando auto ID: 16
[2025-11-17 18:00:49] SQL Img: 
        SELECT id, ruta, principal
        FROM imagenes_autos
        WHERE auto_id = ?
        ORDER BY principal DESC, id ASC
    
[2025-11-17 18:00:49] Imágenes encontradas para auto 16: 3
[2025-11-17 18:00:49] Ruta original BD: uploads/car_691b3bc01196d7.21033446.jpg
[2025-11-17 18:00:49] Ruta normalizada enviada al front: uploads/car_691b3bc01196d7.21033446.jpg
[2025-11-17 18:00:49] Ruta original BD: uploads/car_691b3bc01375c2.63498298.jpg
[2025-11-17 18:00:49] Ruta normalizada enviada al front: uploads/car_691b3bc01375c2.63498298.jpg
[2025-11-17 18:00:49] Ruta original BD: uploads/car_691b3bc015cf04.16631398.jpg
[2025-11-17 18:00:49] Ruta normalizada enviada al front: uploads/car_691b3bc015cf04.16631398.jpg
[2025-11-17 18:00:49] Procesando auto ID: 15
[2025-11-17 18:00:49] SQL Img: 
        SELECT id, ruta, principal
        FROM imagenes_autos
        WHERE auto_id = ?
        ORDER BY principal DESC, id ASC
    
[2025-11-17 18:00:49] Imágenes encontradas para auto 15: 3
[2025-11-17 18:00:49] Ruta original BD: uploads/car_691b3a135ccfc6.70908182.jpg
[2025-11-17 18:00:49] Ruta normalizada enviada al front: uploads/car_691b3a135ccfc6.70908182.jpg
[2025-11-17 18:00:49] Ruta original BD: uploads/car_691b3a135b5642.01824040.jpg
[2025-11-17 18:00:49] Ruta normalizada enviada al front: uploads/car_691b3a135b5642.01824040.jpg
[2025-11-17 18:00:49] Ruta original BD: uploads/car_691b3a135e14d0.27122190.jpg
[2025-11-17 18:00:49] Ruta normalizada enviada al front: uploads/car_691b3a135e14d0.27122190.jpg
[2025-11-17 18:00:49] Procesando auto ID: 14
[2025-11-17 18:00:49] SQL Img: 
        SELECT id, ruta, principal
        FROM imagenes_autos
        WHERE auto_id = ?
        ORDER BY principal DESC, id ASC
    
[2025-11-17 18:00:49] Imágenes encontradas para auto 14: 3
[2025-11-17 18:00:49] Ruta original BD: uploads/car_691b2eaa0a46a4.03821122.jpg
[2025-11-17 18:00:49] Ruta normalizada enviada al front: uploads/car_691b2eaa0a46a4.03821122.jpg
[2025-11-17 18:00:49] Ruta original BD: uploads/car_691b2fdfb30907.21434018.jpg
[2025-11-17 18:00:49] Ruta normalizada enviada al front: uploads/car_691b2fdfb30907.21434018.jpg
[2025-11-17 18:00:49] Ruta original BD: uploads/img_691b38c60d8994.77930618.jpg
[2025-11-17 18:00:49] Ruta normalizada enviada al front: uploads/img_691b38c60d8994.77930618.jpg
[2025-11-17 18:00:49] Total autos procesados: 3
[2025-11-17 18:00:49] === FIN get_autos.php ===
[2025-11-17 18:02:57] === Iniciando get_autos.php ===
[2025-11-17 18:02:57] SQL Autos: SELECT 
            id, vin, marca, modelo, anio, precio, millaje, 
            combustible, drive_train, descripcion, destacado, 
            estado, fecha_publicacion
        FROM autos 
        ORDER BY id DESC
[2025-11-17 18:02:57] Autos encontrados: 3
[2025-11-17 18:02:57] Procesando auto ID: 16
[2025-11-17 18:02:57] SQL Img: 
        SELECT id, ruta, principal
        FROM imagenes_autos
        WHERE auto_id = ?
        ORDER BY principal DESC, id ASC
    
[2025-11-17 18:02:57] Imágenes encontradas para auto 16: 3
[2025-11-17 18:02:57] Ruta original BD: uploads/car_691b3bc01196d7.21033446.jpg
[2025-11-17 18:02:57] Ruta normalizada enviada al front: uploads/car_691b3bc01196d7.21033446.jpg
[2025-11-17 18:02:57] Ruta original BD: uploads/car_691b3bc01375c2.63498298.jpg
[2025-11-17 18:02:57] Ruta normalizada enviada al front: uploads/car_691b3bc01375c2.63498298.jpg
[2025-11-17 18:02:57] Ruta original BD: uploads/car_691b3bc015cf04.16631398.jpg
[2025-11-17 18:02:57] Ruta normalizada enviada al front: uploads/car_691b3bc015cf04.16631398.jpg
[2025-11-17 18:02:57] Procesando auto ID: 15
[2025-11-17 18:02:57] SQL Img: 
        SELECT id, ruta, principal
        FROM imagenes_autos
        WHERE auto_id = ?
        ORDER BY principal DESC, id ASC
    
[2025-11-17 18:02:57] Imágenes encontradas para auto 15: 3
[2025-11-17 18:02:57] Ruta original BD: uploads/car_691b3a135ccfc6.70908182.jpg
[2025-11-17 18:02:57] Ruta normalizada enviada al front: uploads/car_691b3a135ccfc6.70908182.jpg
[2025-11-17 18:02:57] Ruta original BD: uploads/car_691b3a135b5642.01824040.jpg
[2025-11-17 18:02:57] Ruta normalizada enviada al front: uploads/car_691b3a135b5642.01824040.jpg
[2025-11-17 18:02:57] Ruta original BD: uploads/car_691b3a135e14d0.27122190.jpg
[2025-11-17 18:02:57] Ruta normalizada enviada al front: uploads/car_691b3a135e14d0.27122190.jpg
[2025-11-17 18:02:57] Procesando auto ID: 14
[2025-11-17 18:02:57] SQL Img: 
        SELECT id, ruta, principal
        FROM imagenes_autos
        WHERE auto_id = ?
        ORDER BY principal DESC, id ASC
    
[2025-11-17 18:02:57] Imágenes encontradas para auto 14: 3
[2025-11-17 18:02:57] Ruta original BD: uploads/car_691b2eaa0a46a4.03821122.jpg
[2025-11-17 18:02:57] Ruta normalizada enviada al front: uploads/car_691b2eaa0a46a4.03821122.jpg
[2025-11-17 18:02:57] Ruta original BD: uploads/car_691b2fdfb30907.21434018.jpg
[2025-11-17 18:02:57] Ruta normalizada enviada al front: uploads/car_691b2fdfb30907.21434018.jpg
[2025-11-17 18:02:57] Ruta original BD: uploads/img_691b38c60d8994.77930618.jpg
[2025-11-17 18:02:57] Ruta normalizada enviada al front: uploads/img_691b38c60d8994.77930618.jpg
[2025-11-17 18:02:57] Total autos procesados: 3
[2025-11-17 18:02:57] === FIN get_autos.php ===
[2025-11-17 18:22:29] === Iniciando get_autos.php ===
[2025-11-17 18:22:29] SQL Autos: SELECT 
            id, vin, marca, modelo, anio, precio, millaje, 
            combustible, drive_train, descripcion, destacado, 
            estado, fecha_publicacion
        FROM autos 
        ORDER BY id DESC
[2025-11-17 18:22:29] Autos encontrados: 3
[2025-11-17 18:22:29] Procesando auto ID: 16
[2025-11-17 18:22:29] SQL Img: 
        SELECT id, ruta, principal
        FROM imagenes_autos
        WHERE auto_id = ?
        ORDER BY principal DESC, id ASC
    
[2025-11-17 18:22:29] Imágenes encontradas para auto 16: 3
[2025-11-17 18:22:29] Ruta original BD: uploads/car_691b3bc01196d7.21033446.jpg
[2025-11-17 18:22:29] Ruta normalizada enviada al front: uploads/car_691b3bc01196d7.21033446.jpg
[2025-11-17 18:22:29] Ruta original BD: uploads/car_691b3bc01375c2.63498298.jpg
[2025-11-17 18:22:29] Ruta normalizada enviada al front: uploads/car_691b3bc01375c2.63498298.jpg
[2025-11-17 18:22:29] Ruta original BD: uploads/car_691b3bc015cf04.16631398.jpg
[2025-11-17 18:22:29] Ruta normalizada enviada al front: uploads/car_691b3bc015cf04.16631398.jpg
[2025-11-17 18:22:29] Procesando auto ID: 15
[2025-11-17 18:22:29] SQL Img: 
        SELECT id, ruta, principal
        FROM imagenes_autos
        WHERE auto_id = ?
        ORDER BY principal DESC, id ASC
    
[2025-11-17 18:22:29] Imágenes encontradas para auto 15: 3
[2025-11-17 18:22:29] Ruta original BD: uploads/car_691b3a135ccfc6.70908182.jpg
[2025-11-17 18:22:29] Ruta normalizada enviada al front: uploads/car_691b3a135ccfc6.70908182.jpg
[2025-11-17 18:22:29] Ruta original BD: uploads/car_691b3a135b5642.01824040.jpg
[2025-11-17 18:22:29] Ruta normalizada enviada al front: uploads/car_691b3a135b5642.01824040.jpg
[2025-11-17 18:22:29] Ruta original BD: uploads/car_691b3a135e14d0.27122190.jpg
[2025-11-17 18:22:29] Ruta normalizada enviada al front: uploads/car_691b3a135e14d0.27122190.jpg
[2025-11-17 18:22:29] Procesando auto ID: 14
[2025-11-17 18:22:29] SQL Img: 
        SELECT id, ruta, principal
        FROM imagenes_autos
        WHERE auto_id = ?
        ORDER BY principal DESC, id ASC
    
[2025-11-17 18:22:29] Imágenes encontradas para auto 14: 3
[2025-11-17 18:22:29] Ruta original BD: uploads/car_691b2eaa0a46a4.03821122.jpg
[2025-11-17 18:22:29] Ruta normalizada enviada al front: uploads/car_691b2eaa0a46a4.03821122.jpg
[2025-11-17 18:22:29] Ruta original BD: uploads/car_691b2fdfb30907.21434018.jpg
[2025-11-17 18:22:29] Ruta normalizada enviada al front: uploads/car_691b2fdfb30907.21434018.jpg
[2025-11-17 18:22:29] Ruta original BD: uploads/img_691b38c60d8994.77930618.jpg
[2025-11-17 18:22:29] Ruta normalizada enviada al front: uploads/img_691b38c60d8994.77930618.jpg
[2025-11-17 18:22:29] Total autos procesados: 3
[2025-11-17 18:22:29] === FIN get_autos.php ===
[2025-11-17 18:30:58] === Iniciando get_autos.php ===
[2025-11-17 18:30:58] SQL Autos: SELECT 
            id, vin, marca, modelo, anio, precio, millaje, 
            combustible, drive_train, descripcion, destacado, 
            estado, fecha_publicacion
        FROM autos 
        ORDER BY id DESC
[2025-11-17 18:30:58] Autos encontrados: 3
[2025-11-17 18:30:58] Procesando auto ID: 16
[2025-11-17 18:30:58] SQL Img: 
        SELECT id, ruta, principal
        FROM imagenes_autos
        WHERE auto_id = ?
        ORDER BY principal DESC, id ASC
    
[2025-11-17 18:30:58] Imágenes encontradas para auto 16: 3
[2025-11-17 18:30:58] Ruta original BD: uploads/car_691b3bc01196d7.21033446.jpg
[2025-11-17 18:30:58] Ruta normalizada enviada al front: uploads/car_691b3bc01196d7.21033446.jpg
[2025-11-17 18:30:58] Ruta original BD: uploads/car_691b3bc01375c2.63498298.jpg
[2025-11-17 18:30:58] Ruta normalizada enviada al front: uploads/car_691b3bc01375c2.63498298.jpg
[2025-11-17 18:30:58] Ruta original BD: uploads/car_691b3bc015cf04.16631398.jpg
[2025-11-17 18:30:58] Ruta normalizada enviada al front: uploads/car_691b3bc015cf04.16631398.jpg
[2025-11-17 18:30:58] Procesando auto ID: 15
[2025-11-17 18:30:58] SQL Img: 
        SELECT id, ruta, principal
        FROM imagenes_autos
        WHERE auto_id = ?
        ORDER BY principal DESC, id ASC
    
[2025-11-17 18:30:58] Imágenes encontradas para auto 15: 3
[2025-11-17 18:30:58] Ruta original BD: uploads/car_691b3a135ccfc6.70908182.jpg
[2025-11-17 18:30:58] Ruta normalizada enviada al front: uploads/car_691b3a135ccfc6.70908182.jpg
[2025-11-17 18:30:58] Ruta original BD: uploads/car_691b3a135b5642.01824040.jpg
[2025-11-17 18:30:58] Ruta normalizada enviada al front: uploads/car_691b3a135b5642.01824040.jpg
[2025-11-17 18:30:58] Ruta original BD: uploads/car_691b3a135e14d0.27122190.jpg
[2025-11-17 18:30:58] Ruta normalizada enviada al front: uploads/car_691b3a135e14d0.27122190.jpg
[2025-11-17 18:30:58] Procesando auto ID: 14
[2025-11-17 18:30:58] SQL Img: 
        SELECT id, ruta, principal
        FROM imagenes_autos
        WHERE auto_id = ?
        ORDER BY principal DESC, id ASC
    
[2025-11-17 18:30:58] Imágenes encontradas para auto 14: 3
[2025-11-17 18:30:58] Ruta original BD: uploads/car_691b2eaa0a46a4.03821122.jpg
[2025-11-17 18:30:58] Ruta normalizada enviada al front: uploads/car_691b2eaa0a46a4.03821122.jpg
[2025-11-17 18:30:58] Ruta original BD: uploads/car_691b2fdfb30907.21434018.jpg
[2025-11-17 18:30:58] Ruta normalizada enviada al front: uploads/car_691b2fdfb30907.21434018.jpg
[2025-11-17 18:30:58] Ruta original BD: uploads/img_691b38c60d8994.77930618.jpg
[2025-11-17 18:30:58] Ruta normalizada enviada al front: uploads/img_691b38c60d8994.77930618.jpg
[2025-11-17 18:30:58] Total autos procesados: 3
[2025-11-17 18:30:58] === FIN get_autos.php ===
[2025-11-17 18:34:07] === Iniciando get_autos.php ===
[2025-11-17 18:34:07] SQL Autos: SELECT 
            id, vin, marca, modelo, anio, precio, millaje, 
            combustible, drive_train, descripcion, destacado, 
            estado, fecha_publicacion
        FROM autos 
        ORDER BY id DESC
[2025-11-17 18:34:07] Autos encontrados: 3
[2025-11-17 18:34:07] Procesando auto ID: 16
[2025-11-17 18:34:07] SQL Img: 
        SELECT id, ruta, principal
        FROM imagenes_autos
        WHERE auto_id = ?
        ORDER BY principal DESC, id ASC
    
[2025-11-17 18:34:07] Imágenes encontradas para auto 16: 3
[2025-11-17 18:34:07] Ruta original BD: uploads/car_691b3bc01196d7.21033446.jpg
[2025-11-17 18:34:07] Ruta normalizada enviada al front: uploads/car_691b3bc01196d7.21033446.jpg
[2025-11-17 18:34:07] Ruta original BD: uploads/car_691b3bc01375c2.63498298.jpg
[2025-11-17 18:34:07] Ruta normalizada enviada al front: uploads/car_691b3bc01375c2.63498298.jpg
[2025-11-17 18:34:07] Ruta original BD: uploads/car_691b3bc015cf04.16631398.jpg
[2025-11-17 18:34:07] Ruta normalizada enviada al front: uploads/car_691b3bc015cf04.16631398.jpg
[2025-11-17 18:34:07] Procesando auto ID: 15
[2025-11-17 18:34:07] SQL Img: 
        SELECT id, ruta, principal
        FROM imagenes_autos
        WHERE auto_id = ?
        ORDER BY principal DESC, id ASC
    
[2025-11-17 18:34:07] Imágenes encontradas para auto 15: 3
[2025-11-17 18:34:07] Ruta original BD: uploads/car_691b3a135ccfc6.70908182.jpg
[2025-11-17 18:34:07] Ruta normalizada enviada al front: uploads/car_691b3a135ccfc6.70908182.jpg
[2025-11-17 18:34:07] Ruta original BD: uploads/car_691b3a135b5642.01824040.jpg
[2025-11-17 18:34:07] Ruta normalizada enviada al front: uploads/car_691b3a135b5642.01824040.jpg
[2025-11-17 18:34:07] Ruta original BD: uploads/car_691b3a135e14d0.27122190.jpg
[2025-11-17 18:34:07] Ruta normalizada enviada al front: uploads/car_691b3a135e14d0.27122190.jpg
[2025-11-17 18:34:07] Procesando auto ID: 14
[2025-11-17 18:34:07] SQL Img: 
        SELECT id, ruta, principal
        FROM imagenes_autos
        WHERE auto_id = ?
        ORDER BY principal DESC, id ASC
    
[2025-11-17 18:34:07] Imágenes encontradas para auto 14: 3
[2025-11-17 18:34:07] Ruta original BD: uploads/car_691b2eaa0a46a4.03821122.jpg
[2025-11-17 18:34:07] Ruta normalizada enviada al front: uploads/car_691b2eaa0a46a4.03821122.jpg
[2025-11-17 18:34:07] Ruta original BD: uploads/car_691b2fdfb30907.21434018.jpg
[2025-11-17 18:34:07] Ruta normalizada enviada al front: uploads/car_691b2fdfb30907.21434018.jpg
[2025-11-17 18:34:07] Ruta original BD: uploads/img_691b38c60d8994.77930618.jpg
[2025-11-17 18:34:07] Ruta normalizada enviada al front: uploads/img_691b38c60d8994.77930618.jpg
[2025-11-17 18:34:07] Total autos procesados: 3
[2025-11-17 18:34:07] === FIN get_autos.php ===
[2025-11-17 18:34:25] === Iniciando get_autos.php ===
[2025-11-17 18:34:25] SQL Autos: SELECT 
            id, vin, marca, modelo, anio, precio, millaje, 
            combustible, drive_train, descripcion, destacado, 
            estado, fecha_publicacion
        FROM autos 
        ORDER BY id DESC
[2025-11-17 18:34:25] Autos encontrados: 3
[2025-11-17 18:34:25] Procesando auto ID: 16
[2025-11-17 18:34:25] SQL Img: 
        SELECT id, ruta, principal
        FROM imagenes_autos
        WHERE auto_id = ?
        ORDER BY principal DESC, id ASC
    
[2025-11-17 18:34:25] Imágenes encontradas para auto 16: 3
[2025-11-17 18:34:25] Ruta original BD: uploads/car_691b3bc01196d7.21033446.jpg
[2025-11-17 18:34:25] Ruta normalizada enviada al front: uploads/car_691b3bc01196d7.21033446.jpg
[2025-11-17 18:34:25] Ruta original BD: uploads/car_691b3bc01375c2.63498298.jpg
[2025-11-17 18:34:25] Ruta normalizada enviada al front: uploads/car_691b3bc01375c2.63498298.jpg
[2025-11-17 18:34:25] Ruta original BD: uploads/car_691b3bc015cf04.16631398.jpg
[2025-11-17 18:34:25] Ruta normalizada enviada al front: uploads/car_691b3bc015cf04.16631398.jpg
[2025-11-17 18:34:25] Procesando auto ID: 15
[2025-11-17 18:34:25] SQL Img: 
        SELECT id, ruta, principal
        FROM imagenes_autos
        WHERE auto_id = ?
        ORDER BY principal DESC, id ASC
    
[2025-11-17 18:34:25] Imágenes encontradas para auto 15: 3
[2025-11-17 18:34:25] Ruta original BD: uploads/car_691b3a135ccfc6.70908182.jpg
[2025-11-17 18:34:25] Ruta normalizada enviada al front: uploads/car_691b3a135ccfc6.70908182.jpg
[2025-11-17 18:34:25] Ruta original BD: uploads/car_691b3a135b5642.01824040.jpg
[2025-11-17 18:34:25] Ruta normalizada enviada al front: uploads/car_691b3a135b5642.01824040.jpg
[2025-11-17 18:34:25] Ruta original BD: uploads/car_691b3a135e14d0.27122190.jpg
[2025-11-17 18:34:25] Ruta normalizada enviada al front: uploads/car_691b3a135e14d0.27122190.jpg
[2025-11-17 18:34:25] Procesando auto ID: 14
[2025-11-17 18:34:25] SQL Img: 
        SELECT id, ruta, principal
        FROM imagenes_autos
        WHERE auto_id = ?
        ORDER BY principal DESC, id ASC
    
[2025-11-17 18:34:25] Imágenes encontradas para auto 14: 3
[2025-11-17 18:34:25] Ruta original BD: uploads/car_691b2eaa0a46a4.03821122.jpg
[2025-11-17 18:34:25] Ruta normalizada enviada al front: uploads/car_691b2eaa0a46a4.03821122.jpg
[2025-11-17 18:34:25] Ruta original BD: uploads/car_691b2fdfb30907.21434018.jpg
[2025-11-17 18:34:25] Ruta normalizada enviada al front: uploads/car_691b2fdfb30907.21434018.jpg
[2025-11-17 18:34:25] Ruta original BD: uploads/img_691b38c60d8994.77930618.jpg
[2025-11-17 18:34:25] Ruta normalizada enviada al front: uploads/img_691b38c60d8994.77930618.jpg
[2025-11-17 18:34:25] Total autos procesados: 3
[2025-11-17 18:34:25] === FIN get_autos.php ===
[2025-11-17 18:34:42] === Iniciando get_autos.php ===
[2025-11-17 18:34:42] SQL Autos: SELECT 
            id, vin, marca, modelo, anio, precio, millaje, 
            combustible, drive_train, descripcion, destacado, 
            estado, fecha_publicacion
        FROM autos 
        ORDER BY id DESC
[2025-11-17 18:34:42] Autos encontrados: 3
[2025-11-17 18:34:42] Procesando auto ID: 16
[2025-11-17 18:34:42] SQL Img: 
        SELECT id, ruta, principal
        FROM imagenes_autos
        WHERE auto_id = ?
        ORDER BY principal DESC, id ASC
    
[2025-11-17 18:34:42] Imágenes encontradas para auto 16: 3
[2025-11-17 18:34:42] Ruta original BD: uploads/car_691b3bc01196d7.21033446.jpg
[2025-11-17 18:34:42] Ruta normalizada enviada al front: uploads/car_691b3bc01196d7.21033446.jpg
[2025-11-17 18:34:42] Ruta original BD: uploads/car_691b3bc01375c2.63498298.jpg
[2025-11-17 18:34:42] Ruta normalizada enviada al front: uploads/car_691b3bc01375c2.63498298.jpg
[2025-11-17 18:34:42] Ruta original BD: uploads/car_691b3bc015cf04.16631398.jpg
[2025-11-17 18:34:42] Ruta normalizada enviada al front: uploads/car_691b3bc015cf04.16631398.jpg
[2025-11-17 18:34:42] Procesando auto ID: 15
[2025-11-17 18:34:42] SQL Img: 
        SELECT id, ruta, principal
        FROM imagenes_autos
        WHERE auto_id = ?
        ORDER BY principal DESC, id ASC
    
[2025-11-17 18:34:42] Imágenes encontradas para auto 15: 3
[2025-11-17 18:34:42] Ruta original BD: uploads/car_691b3a135ccfc6.70908182.jpg
[2025-11-17 18:34:42] Ruta normalizada enviada al front: uploads/car_691b3a135ccfc6.70908182.jpg
[2025-11-17 18:34:42] Ruta original BD: uploads/car_691b3a135b5642.01824040.jpg
[2025-11-17 18:34:42] Ruta normalizada enviada al front: uploads/car_691b3a135b5642.01824040.jpg
[2025-11-17 18:34:42] Ruta original BD: uploads/car_691b3a135e14d0.27122190.jpg
[2025-11-17 18:34:42] Ruta normalizada enviada al front: uploads/car_691b3a135e14d0.27122190.jpg
[2025-11-17 18:34:42] Procesando auto ID: 14
[2025-11-17 18:34:42] SQL Img: 
        SELECT id, ruta, principal
        FROM imagenes_autos
        WHERE auto_id = ?
        ORDER BY principal DESC, id ASC
    
[2025-11-17 18:34:42] Imágenes encontradas para auto 14: 3
[2025-11-17 18:34:42] Ruta original BD: uploads/car_691b2eaa0a46a4.03821122.jpg
[2025-11-17 18:34:42] Ruta normalizada enviada al front: uploads/car_691b2eaa0a46a4.03821122.jpg
[2025-11-17 18:34:42] Ruta original BD: uploads/car_691b2fdfb30907.21434018.jpg
[2025-11-17 18:34:42] Ruta normalizada enviada al front: uploads/car_691b2fdfb30907.21434018.jpg
[2025-11-17 18:34:42] Ruta original BD: uploads/img_691b38c60d8994.77930618.jpg
[2025-11-17 18:34:42] Ruta normalizada enviada al front: uploads/img_691b38c60d8994.77930618.jpg
[2025-11-17 18:34:42] Total autos procesados: 3
[2025-11-17 18:34:42] === FIN get_autos.php ===
[2025-11-17 18:38:13] === Iniciando get_autos.php ===
[2025-11-17 18:38:13] SQL Autos: SELECT 
            id, vin, marca, modelo, anio, precio, millaje, 
            combustible, drive_train, descripcion, destacado, 
            estado, fecha_publicacion
        FROM autos 
        ORDER BY id DESC
[2025-11-17 18:38:13] Autos encontrados: 4
[2025-11-17 18:38:13] Procesando auto ID: 17
[2025-11-17 18:38:13] SQL Img: 
        SELECT id, ruta, principal
        FROM imagenes_autos
        WHERE auto_id = ?
        ORDER BY principal DESC, id ASC
    
[2025-11-17 18:38:13] Imágenes encontradas para auto 17: 4
[2025-11-17 18:38:13] Ruta original BD: uploads/car_691b5d85cb6ca3.20992780.jpg
[2025-11-17 18:38:13] Ruta normalizada enviada al front: uploads/car_691b5d85cb6ca3.20992780.jpg
[2025-11-17 18:38:13] Ruta original BD: uploads/car_691b5d85c64370.70952560.jpg
[2025-11-17 18:38:13] Ruta normalizada enviada al front: uploads/car_691b5d85c64370.70952560.jpg
[2025-11-17 18:38:13] Ruta original BD: uploads/car_691b5d85ca3493.62482036.jpg
[2025-11-17 18:38:13] Ruta normalizada enviada al front: uploads/car_691b5d85ca3493.62482036.jpg
[2025-11-17 18:38:13] Ruta original BD: uploads/car_691b5d85cd8a14.42847139.jpg
[2025-11-17 18:38:13] Ruta normalizada enviada al front: uploads/car_691b5d85cd8a14.42847139.jpg
[2025-11-17 18:38:13] Procesando auto ID: 16
[2025-11-17 18:38:13] SQL Img: 
        SELECT id, ruta, principal
        FROM imagenes_autos
        WHERE auto_id = ?
        ORDER BY principal DESC, id ASC
    
[2025-11-17 18:38:13] Imágenes encontradas para auto 16: 3
[2025-11-17 18:38:13] Ruta original BD: uploads/car_691b3bc01196d7.21033446.jpg
[2025-11-17 18:38:13] Ruta normalizada enviada al front: uploads/car_691b3bc01196d7.21033446.jpg
[2025-11-17 18:38:13] Ruta original BD: uploads/car_691b3bc01375c2.63498298.jpg
[2025-11-17 18:38:13] Ruta normalizada enviada al front: uploads/car_691b3bc01375c2.63498298.jpg
[2025-11-17 18:38:13] Ruta original BD: uploads/car_691b3bc015cf04.16631398.jpg
[2025-11-17 18:38:13] Ruta normalizada enviada al front: uploads/car_691b3bc015cf04.16631398.jpg
[2025-11-17 18:38:13] Procesando auto ID: 15
[2025-11-17 18:38:13] SQL Img: 
        SELECT id, ruta, principal
        FROM imagenes_autos
        WHERE auto_id = ?
        ORDER BY principal DESC, id ASC
    
[2025-11-17 18:38:13] Imágenes encontradas para auto 15: 3
[2025-11-17 18:38:13] Ruta original BD: uploads/car_691b3a135ccfc6.70908182.jpg
[2025-11-17 18:38:13] Ruta normalizada enviada al front: uploads/car_691b3a135ccfc6.70908182.jpg
[2025-11-17 18:38:13] Ruta original BD: uploads/car_691b3a135b5642.01824040.jpg
[2025-11-17 18:38:13] Ruta normalizada enviada al front: uploads/car_691b3a135b5642.01824040.jpg
[2025-11-17 18:38:13] Ruta original BD: uploads/car_691b3a135e14d0.27122190.jpg
[2025-11-17 18:38:13] Ruta normalizada enviada al front: uploads/car_691b3a135e14d0.27122190.jpg
[2025-11-17 18:38:13] Procesando auto ID: 14
[2025-11-17 18:38:13] SQL Img: 
        SELECT id, ruta, principal
        FROM imagenes_autos
        WHERE auto_id = ?
        ORDER BY principal DESC, id ASC
    
[2025-11-17 18:38:13] Imágenes encontradas para auto 14: 3
[2025-11-17 18:38:13] Ruta original BD: uploads/car_691b2eaa0a46a4.03821122.jpg
[2025-11-17 18:38:13] Ruta normalizada enviada al front: uploads/car_691b2eaa0a46a4.03821122.jpg
[2025-11-17 18:38:13] Ruta original BD: uploads/car_691b2fdfb30907.21434018.jpg
[2025-11-17 18:38:13] Ruta normalizada enviada al front: uploads/car_691b2fdfb30907.21434018.jpg
[2025-11-17 18:38:13] Ruta original BD: uploads/img_691b38c60d8994.77930618.jpg
[2025-11-17 18:38:13] Ruta normalizada enviada al front: uploads/img_691b38c60d8994.77930618.jpg
[2025-11-17 18:38:13] Total autos procesados: 4
[2025-11-17 18:38:13] === FIN get_autos.php ===
[2025-11-17 18:38:28] === Iniciando get_autos.php ===
[2025-11-17 18:38:28] SQL Autos: SELECT 
            id, vin, marca, modelo, anio, precio, millaje, 
            combustible, drive_train, descripcion, destacado, 
            estado, fecha_publicacion
        FROM autos 
        ORDER BY id DESC
[2025-11-17 18:38:28] Autos encontrados: 4
[2025-11-17 18:38:28] Procesando auto ID: 17
[2025-11-17 18:38:28] SQL Img: 
        SELECT id, ruta, principal
        FROM imagenes_autos
        WHERE auto_id = ?
        ORDER BY principal DESC, id ASC
    
[2025-11-17 18:38:28] Imágenes encontradas para auto 17: 4
[2025-11-17 18:38:28] Ruta original BD: uploads/car_691b5d85cb6ca3.20992780.jpg
[2025-11-17 18:38:28] Ruta normalizada enviada al front: uploads/car_691b5d85cb6ca3.20992780.jpg
[2025-11-17 18:38:28] Ruta original BD: uploads/car_691b5d85c64370.70952560.jpg
[2025-11-17 18:38:28] Ruta normalizada enviada al front: uploads/car_691b5d85c64370.70952560.jpg
[2025-11-17 18:38:28] Ruta original BD: uploads/car_691b5d85ca3493.62482036.jpg
[2025-11-17 18:38:28] Ruta normalizada enviada al front: uploads/car_691b5d85ca3493.62482036.jpg
[2025-11-17 18:38:28] Ruta original BD: uploads/car_691b5d85cd8a14.42847139.jpg
[2025-11-17 18:38:28] Ruta normalizada enviada al front: uploads/car_691b5d85cd8a14.42847139.jpg
[2025-11-17 18:38:28] Procesando auto ID: 16
[2025-11-17 18:38:28] SQL Img: 
        SELECT id, ruta, principal
        FROM imagenes_autos
        WHERE auto_id = ?
        ORDER BY principal DESC, id ASC
    
[2025-11-17 18:38:28] Imágenes encontradas para auto 16: 3
[2025-11-17 18:38:28] Ruta original BD: uploads/car_691b3bc01196d7.21033446.jpg
[2025-11-17 18:38:28] Ruta normalizada enviada al front: uploads/car_691b3bc01196d7.21033446.jpg
[2025-11-17 18:38:28] Ruta original BD: uploads/car_691b3bc01375c2.63498298.jpg
[2025-11-17 18:38:28] Ruta normalizada enviada al front: uploads/car_691b3bc01375c2.63498298.jpg
[2025-11-17 18:38:28] Ruta original BD: uploads/car_691b3bc015cf04.16631398.jpg
[2025-11-17 18:38:28] Ruta normalizada enviada al front: uploads/car_691b3bc015cf04.16631398.jpg
[2025-11-17 18:38:28] Procesando auto ID: 15
[2025-11-17 18:38:28] SQL Img: 
        SELECT id, ruta, principal
        FROM imagenes_autos
        WHERE auto_id = ?
        ORDER BY principal DESC, id ASC
    
[2025-11-17 18:38:28] Imágenes encontradas para auto 15: 3
[2025-11-17 18:38:28] Ruta original BD: uploads/car_691b3a135ccfc6.70908182.jpg
[2025-11-17 18:38:28] Ruta normalizada enviada al front: uploads/car_691b3a135ccfc6.70908182.jpg
[2025-11-17 18:38:28] Ruta original BD: uploads/car_691b3a135b5642.01824040.jpg
[2025-11-17 18:38:28] Ruta normalizada enviada al front: uploads/car_691b3a135b5642.01824040.jpg
[2025-11-17 18:38:28] Ruta original BD: uploads/car_691b3a135e14d0.27122190.jpg
[2025-11-17 18:38:28] Ruta normalizada enviada al front: uploads/car_691b3a135e14d0.27122190.jpg
[2025-11-17 18:38:28] Procesando auto ID: 14
[2025-11-17 18:38:28] SQL Img: 
        SELECT id, ruta, principal
        FROM imagenes_autos
        WHERE auto_id = ?
        ORDER BY principal DESC, id ASC
    
[2025-11-17 18:38:28] Imágenes encontradas para auto 14: 3
[2025-11-17 18:38:28] Ruta original BD: uploads/car_691b2eaa0a46a4.03821122.jpg
[2025-11-17 18:38:28] Ruta normalizada enviada al front: uploads/car_691b2eaa0a46a4.03821122.jpg
[2025-11-17 18:38:28] Ruta original BD: uploads/car_691b2fdfb30907.21434018.jpg
[2025-11-17 18:38:28] Ruta normalizada enviada al front: uploads/car_691b2fdfb30907.21434018.jpg
[2025-11-17 18:38:28] Ruta original BD: uploads/img_691b38c60d8994.77930618.jpg
[2025-11-17 18:38:28] Ruta normalizada enviada al front: uploads/img_691b38c60d8994.77930618.jpg
[2025-11-17 18:38:28] Total autos procesados: 4
[2025-11-17 18:38:28] === FIN get_autos.php ===
[2025-11-17 18:39:04] === Iniciando get_autos.php ===
[2025-11-17 18:39:04] SQL Autos: SELECT 
            id, vin, marca, modelo, anio, precio, millaje, 
            combustible, drive_train, descripcion, destacado, 
            estado, fecha_publicacion
        FROM autos 
        ORDER BY id DESC
[2025-11-17 18:39:04] Autos encontrados: 4
[2025-11-17 18:39:04] Procesando auto ID: 17
[2025-11-17 18:39:04] SQL Img: 
        SELECT id, ruta, principal
        FROM imagenes_autos
        WHERE auto_id = ?
        ORDER BY principal DESC, id ASC
    
[2025-11-17 18:39:04] Imágenes encontradas para auto 17: 4
[2025-11-17 18:39:04] Ruta original BD: uploads/car_691b5d85cb6ca3.20992780.jpg
[2025-11-17 18:39:04] Ruta normalizada enviada al front: uploads/car_691b5d85cb6ca3.20992780.jpg
[2025-11-17 18:39:04] Ruta original BD: uploads/car_691b5d85c64370.70952560.jpg
[2025-11-17 18:39:04] Ruta normalizada enviada al front: uploads/car_691b5d85c64370.70952560.jpg
[2025-11-17 18:39:04] Ruta original BD: uploads/car_691b5d85ca3493.62482036.jpg
[2025-11-17 18:39:04] Ruta normalizada enviada al front: uploads/car_691b5d85ca3493.62482036.jpg
[2025-11-17 18:39:04] Ruta original BD: uploads/car_691b5d85cd8a14.42847139.jpg
[2025-11-17 18:39:04] Ruta normalizada enviada al front: uploads/car_691b5d85cd8a14.42847139.jpg
[2025-11-17 18:39:04] Procesando auto ID: 16
[2025-11-17 18:39:04] SQL Img: 
        SELECT id, ruta, principal
        FROM imagenes_autos
        WHERE auto_id = ?
        ORDER BY principal DESC, id ASC
    
[2025-11-17 18:39:04] Imágenes encontradas para auto 16: 3
[2025-11-17 18:39:04] Ruta original BD: uploads/car_691b3bc01196d7.21033446.jpg
[2025-11-17 18:39:04] Ruta normalizada enviada al front: uploads/car_691b3bc01196d7.21033446.jpg
[2025-11-17 18:39:04] Ruta original BD: uploads/car_691b3bc01375c2.63498298.jpg
[2025-11-17 18:39:04] Ruta normalizada enviada al front: uploads/car_691b3bc01375c2.63498298.jpg
[2025-11-17 18:39:04] Ruta original BD: uploads/car_691b3bc015cf04.16631398.jpg
[2025-11-17 18:39:04] Ruta normalizada enviada al front: uploads/car_691b3bc015cf04.16631398.jpg
[2025-11-17 18:39:04] Procesando auto ID: 15
[2025-11-17 18:39:04] SQL Img: 
        SELECT id, ruta, principal
        FROM imagenes_autos
        WHERE auto_id = ?
        ORDER BY principal DESC, id ASC
    
[2025-11-17 18:39:04] Imágenes encontradas para auto 15: 3
[2025-11-17 18:39:04] Ruta original BD: uploads/car_691b3a135ccfc6.70908182.jpg
[2025-11-17 18:39:04] Ruta normalizada enviada al front: uploads/car_691b3a135ccfc6.70908182.jpg
[2025-11-17 18:39:04] Ruta original BD: uploads/car_691b3a135b5642.01824040.jpg
[2025-11-17 18:39:04] Ruta normalizada enviada al front: uploads/car_691b3a135b5642.01824040.jpg
[2025-11-17 18:39:04] Ruta original BD: uploads/car_691b3a135e14d0.27122190.jpg
[2025-11-17 18:39:04] Ruta normalizada enviada al front: uploads/car_691b3a135e14d0.27122190.jpg
[2025-11-17 18:39:04] Procesando auto ID: 14
[2025-11-17 18:39:04] SQL Img: 
        SELECT id, ruta, principal
        FROM imagenes_autos
        WHERE auto_id = ?
        ORDER BY principal DESC, id ASC
    
[2025-11-17 18:39:04] Imágenes encontradas para auto 14: 3
[2025-11-17 18:39:04] Ruta original BD: uploads/car_691b2eaa0a46a4.03821122.jpg
[2025-11-17 18:39:04] Ruta normalizada enviada al front: uploads/car_691b2eaa0a46a4.03821122.jpg
[2025-11-17 18:39:04] Ruta original BD: uploads/car_691b2fdfb30907.21434018.jpg
[2025-11-17 18:39:04] Ruta normalizada enviada al front: uploads/car_691b2fdfb30907.21434018.jpg
[2025-11-17 18:39:04] Ruta original BD: uploads/img_691b38c60d8994.77930618.jpg
[2025-11-17 18:39:04] Ruta normalizada enviada al front: uploads/img_691b38c60d8994.77930618.jpg
[2025-11-17 18:39:04] Total autos procesados: 4
[2025-11-17 18:39:04] === FIN get_autos.php ===
[2025-11-17 18:39:22] === Iniciando get_autos.php ===
[2025-11-17 18:39:22] SQL Autos: SELECT 
            id, vin, marca, modelo, anio, precio, millaje, 
            combustible, drive_train, descripcion, destacado, 
            estado, fecha_publicacion
        FROM autos 
        ORDER BY id DESC
[2025-11-17 18:39:22] Autos encontrados: 4
[2025-11-17 18:39:22] Procesando auto ID: 17
[2025-11-17 18:39:22] SQL Img: 
        SELECT id, ruta, principal
        FROM imagenes_autos
        WHERE auto_id = ?
        ORDER BY principal DESC, id ASC
    
[2025-11-17 18:39:22] Imágenes encontradas para auto 17: 4
[2025-11-17 18:39:22] Ruta original BD: uploads/car_691b5d85cb6ca3.20992780.jpg
[2025-11-17 18:39:22] Ruta normalizada enviada al front: uploads/car_691b5d85cb6ca3.20992780.jpg
[2025-11-17 18:39:22] Ruta original BD: uploads/car_691b5d85c64370.70952560.jpg
[2025-11-17 18:39:22] Ruta normalizada enviada al front: uploads/car_691b5d85c64370.70952560.jpg
[2025-11-17 18:39:22] Ruta original BD: uploads/car_691b5d85ca3493.62482036.jpg
[2025-11-17 18:39:22] Ruta normalizada enviada al front: uploads/car_691b5d85ca3493.62482036.jpg
[2025-11-17 18:39:22] Ruta original BD: uploads/car_691b5d85cd8a14.42847139.jpg
[2025-11-17 18:39:22] Ruta normalizada enviada al front: uploads/car_691b5d85cd8a14.42847139.jpg
[2025-11-17 18:39:22] Procesando auto ID: 16
[2025-11-17 18:39:22] SQL Img: 
        SELECT id, ruta, principal
        FROM imagenes_autos
        WHERE auto_id = ?
        ORDER BY principal DESC, id ASC
    
[2025-11-17 18:39:22] Imágenes encontradas para auto 16: 3
[2025-11-17 18:39:22] Ruta original BD: uploads/car_691b3bc01196d7.21033446.jpg
[2025-11-17 18:39:22] Ruta normalizada enviada al front: uploads/car_691b3bc01196d7.21033446.jpg
[2025-11-17 18:39:22] Ruta original BD: uploads/car_691b3bc01375c2.63498298.jpg
[2025-11-17 18:39:22] Ruta normalizada enviada al front: uploads/car_691b3bc01375c2.63498298.jpg
[2025-11-17 18:39:22] Ruta original BD: uploads/car_691b3bc015cf04.16631398.jpg
[2025-11-17 18:39:22] Ruta normalizada enviada al front: uploads/car_691b3bc015cf04.16631398.jpg
[2025-11-17 18:39:22] Procesando auto ID: 15
[2025-11-17 18:39:22] SQL Img: 
        SELECT id, ruta, principal
        FROM imagenes_autos
        WHERE auto_id = ?
        ORDER BY principal DESC, id ASC
    
[2025-11-17 18:39:22] Imágenes encontradas para auto 15: 3
[2025-11-17 18:39:22] Ruta original BD: uploads/car_691b3a135ccfc6.70908182.jpg
[2025-11-17 18:39:22] Ruta normalizada enviada al front: uploads/car_691b3a135ccfc6.70908182.jpg
[2025-11-17 18:39:22] Ruta original BD: uploads/car_691b3a135b5642.01824040.jpg
[2025-11-17 18:39:22] Ruta normalizada enviada al front: uploads/car_691b3a135b5642.01824040.jpg
[2025-11-17 18:39:22] Ruta original BD: uploads/car_691b3a135e14d0.27122190.jpg
[2025-11-17 18:39:22] Ruta normalizada enviada al front: uploads/car_691b3a135e14d0.27122190.jpg
[2025-11-17 18:39:22] Procesando auto ID: 14
[2025-11-17 18:39:22] SQL Img: 
        SELECT id, ruta, principal
        FROM imagenes_autos
        WHERE auto_id = ?
        ORDER BY principal DESC, id ASC
    
[2025-11-17 18:39:22] Imágenes encontradas para auto 14: 3
[2025-11-17 18:39:22] Ruta original BD: uploads/car_691b2eaa0a46a4.03821122.jpg
[2025-11-17 18:39:22] Ruta normalizada enviada al front: uploads/car_691b2eaa0a46a4.03821122.jpg
[2025-11-17 18:39:22] Ruta original BD: uploads/car_691b2fdfb30907.21434018.jpg
[2025-11-17 18:39:22] Ruta normalizada enviada al front: uploads/car_691b2fdfb30907.21434018.jpg
[2025-11-17 18:39:22] Ruta original BD: uploads/img_691b38c60d8994.77930618.jpg
[2025-11-17 18:39:22] Ruta normalizada enviada al front: uploads/img_691b38c60d8994.77930618.jpg
[2025-11-17 18:39:22] Total autos procesados: 4
[2025-11-17 18:39:22] === FIN get_autos.php ===
[2025-11-17 18:39:26] === Iniciando get_autos.php ===
[2025-11-17 18:39:26] SQL Autos: SELECT 
            id, vin, marca, modelo, anio, precio, millaje, 
            combustible, drive_train, descripcion, destacado, 
            estado, fecha_publicacion
        FROM autos 
        ORDER BY id DESC
[2025-11-17 18:39:26] Autos encontrados: 4
[2025-11-17 18:39:26] Procesando auto ID: 17
[2025-11-17 18:39:26] SQL Img: 
        SELECT id, ruta, principal
        FROM imagenes_autos
        WHERE auto_id = ?
        ORDER BY principal DESC, id ASC
    
[2025-11-17 18:39:26] Imágenes encontradas para auto 17: 4
[2025-11-17 18:39:26] Ruta original BD: uploads/car_691b5d85cb6ca3.20992780.jpg
[2025-11-17 18:39:26] Ruta normalizada enviada al front: uploads/car_691b5d85cb6ca3.20992780.jpg
[2025-11-17 18:39:26] Ruta original BD: uploads/car_691b5d85c64370.70952560.jpg
[2025-11-17 18:39:26] Ruta normalizada enviada al front: uploads/car_691b5d85c64370.70952560.jpg
[2025-11-17 18:39:26] Ruta original BD: uploads/car_691b5d85ca3493.62482036.jpg
[2025-11-17 18:39:26] Ruta normalizada enviada al front: uploads/car_691b5d85ca3493.62482036.jpg
[2025-11-17 18:39:26] Ruta original BD: uploads/car_691b5d85cd8a14.42847139.jpg
[2025-11-17 18:39:26] Ruta normalizada enviada al front: uploads/car_691b5d85cd8a14.42847139.jpg
[2025-11-17 18:39:26] Procesando auto ID: 16
[2025-11-17 18:39:26] SQL Img: 
        SELECT id, ruta, principal
        FROM imagenes_autos
        WHERE auto_id = ?
        ORDER BY principal DESC, id ASC
    
[2025-11-17 18:39:26] Imágenes encontradas para auto 16: 3
[2025-11-17 18:39:26] Ruta original BD: uploads/car_691b3bc01196d7.21033446.jpg
[2025-11-17 18:39:26] Ruta normalizada enviada al front: uploads/car_691b3bc01196d7.21033446.jpg
[2025-11-17 18:39:26] Ruta original BD: uploads/car_691b3bc01375c2.63498298.jpg
[2025-11-17 18:39:26] Ruta normalizada enviada al front: uploads/car_691b3bc01375c2.63498298.jpg
[2025-11-17 18:39:26] Ruta original BD: uploads/car_691b3bc015cf04.16631398.jpg
[2025-11-17 18:39:26] Ruta normalizada enviada al front: uploads/car_691b3bc015cf04.16631398.jpg
[2025-11-17 18:39:26] Procesando auto ID: 15
[2025-11-17 18:39:26] SQL Img: 
        SELECT id, ruta, principal
        FROM imagenes_autos
        WHERE auto_id = ?
        ORDER BY principal DESC, id ASC
    
[2025-11-17 18:39:26] Imágenes encontradas para auto 15: 3
[2025-11-17 18:39:26] Ruta original BD: uploads/car_691b3a135ccfc6.70908182.jpg
[2025-11-17 18:39:26] Ruta normalizada enviada al front: uploads/car_691b3a135ccfc6.70908182.jpg
[2025-11-17 18:39:26] Ruta original BD: uploads/car_691b3a135b5642.01824040.jpg
[2025-11-17 18:39:26] Ruta normalizada enviada al front: uploads/car_691b3a135b5642.01824040.jpg
[2025-11-17 18:39:26] Ruta original BD: uploads/car_691b3a135e14d0.27122190.jpg
[2025-11-17 18:39:26] Ruta normalizada enviada al front: uploads/car_691b3a135e14d0.27122190.jpg
[2025-11-17 18:39:26] Procesando auto ID: 14
[2025-11-17 18:39:26] SQL Img: 
        SELECT id, ruta, principal
        FROM imagenes_autos
        WHERE auto_id = ?
        ORDER BY principal DESC, id ASC
    
[2025-11-17 18:39:26] Imágenes encontradas para auto 14: 3
[2025-11-17 18:39:26] Ruta original BD: uploads/car_691b2eaa0a46a4.03821122.jpg
[2025-11-17 18:39:26] Ruta normalizada enviada al front: uploads/car_691b2eaa0a46a4.03821122.jpg
[2025-11-17 18:39:26] Ruta original BD: uploads/car_691b2fdfb30907.21434018.jpg
[2025-11-17 18:39:26] Ruta normalizada enviada al front: uploads/car_691b2fdfb30907.21434018.jpg
[2025-11-17 18:39:26] Ruta original BD: uploads/img_691b38c60d8994.77930618.jpg
[2025-11-17 18:39:26] Ruta normalizada enviada al front: uploads/img_691b38c60d8994.77930618.jpg
[2025-11-17 18:39:26] Total autos procesados: 4
[2025-11-17 18:39:26] === FIN get_autos.php ===
[2025-11-17 18:44:13] === Iniciando get_autos.php ===
[2025-11-17 18:44:13] SQL Autos: SELECT 
            id, vin, marca, modelo, anio, precio, millaje, 
            combustible, drive_train, descripcion, destacado, 
            estado, fecha_publicacion
        FROM autos 
        ORDER BY id DESC
[2025-11-17 18:44:13] Autos encontrados: 4
[2025-11-17 18:44:13] Procesando auto ID: 17
[2025-11-17 18:44:13] SQL Img: 
        SELECT id, ruta, principal
        FROM imagenes_autos
        WHERE auto_id = ?
        ORDER BY principal DESC, id ASC
    
[2025-11-17 18:44:13] Imágenes encontradas para auto 17: 4
[2025-11-17 18:44:13] Ruta original BD: uploads/car_691b5d85cb6ca3.20992780.jpg
[2025-11-17 18:44:13] Ruta normalizada enviada al front: uploads/car_691b5d85cb6ca3.20992780.jpg
[2025-11-17 18:44:13] Ruta original BD: uploads/car_691b5d85c64370.70952560.jpg
[2025-11-17 18:44:13] Ruta normalizada enviada al front: uploads/car_691b5d85c64370.70952560.jpg
[2025-11-17 18:44:13] Ruta original BD: uploads/car_691b5d85ca3493.62482036.jpg
[2025-11-17 18:44:13] Ruta normalizada enviada al front: uploads/car_691b5d85ca3493.62482036.jpg
[2025-11-17 18:44:13] Ruta original BD: uploads/car_691b5d85cd8a14.42847139.jpg
[2025-11-17 18:44:13] Ruta normalizada enviada al front: uploads/car_691b5d85cd8a14.42847139.jpg
[2025-11-17 18:44:13] Procesando auto ID: 16
[2025-11-17 18:44:13] SQL Img: 
        SELECT id, ruta, principal
        FROM imagenes_autos
        WHERE auto_id = ?
        ORDER BY principal DESC, id ASC
    
[2025-11-17 18:44:13] Imágenes encontradas para auto 16: 3
[2025-11-17 18:44:13] Ruta original BD: uploads/car_691b3bc01196d7.21033446.jpg
[2025-11-17 18:44:13] Ruta normalizada enviada al front: uploads/car_691b3bc01196d7.21033446.jpg
[2025-11-17 18:44:13] Ruta original BD: uploads/car_691b3bc01375c2.63498298.jpg
[2025-11-17 18:44:13] Ruta normalizada enviada al front: uploads/car_691b3bc01375c2.63498298.jpg
[2025-11-17 18:44:13] Ruta original BD: uploads/car_691b3bc015cf04.16631398.jpg
[2025-11-17 18:44:13] Ruta normalizada enviada al front: uploads/car_691b3bc015cf04.16631398.jpg
[2025-11-17 18:44:13] Procesando auto ID: 15
[2025-11-17 18:44:13] SQL Img: 
        SELECT id, ruta, principal
        FROM imagenes_autos
        WHERE auto_id = ?
        ORDER BY principal DESC, id ASC
    
[2025-11-17 18:44:13] Imágenes encontradas para auto 15: 3
[2025-11-17 18:44:13] Ruta original BD: uploads/car_691b3a135ccfc6.70908182.jpg
[2025-11-17 18:44:13] Ruta normalizada enviada al front: uploads/car_691b3a135ccfc6.70908182.jpg
[2025-11-17 18:44:13] Ruta original BD: uploads/car_691b3a135b5642.01824040.jpg
[2025-11-17 18:44:13] Ruta normalizada enviada al front: uploads/car_691b3a135b5642.01824040.jpg
[2025-11-17 18:44:13] Ruta original BD: uploads/car_691b3a135e14d0.27122190.jpg
[2025-11-17 18:44:13] Ruta normalizada enviada al front: uploads/car_691b3a135e14d0.27122190.jpg
[2025-11-17 18:44:13] Procesando auto ID: 14
[2025-11-17 18:44:13] SQL Img: 
        SELECT id, ruta, principal
        FROM imagenes_autos
        WHERE auto_id = ?
        ORDER BY principal DESC, id ASC
    
[2025-11-17 18:44:13] Imágenes encontradas para auto 14: 3
[2025-11-17 18:44:13] Ruta original BD: uploads/car_691b2eaa0a46a4.03821122.jpg
[2025-11-17 18:44:13] Ruta normalizada enviada al front: uploads/car_691b2eaa0a46a4.03821122.jpg
[2025-11-17 18:44:13] Ruta original BD: uploads/car_691b2fdfb30907.21434018.jpg
[2025-11-17 18:44:13] Ruta normalizada enviada al front: uploads/car_691b2fdfb30907.21434018.jpg
[2025-11-17 18:44:13] Ruta original BD: uploads/img_691b38c60d8994.77930618.jpg
[2025-11-17 18:44:13] Ruta normalizada enviada al front: uploads/img_691b38c60d8994.77930618.jpg
[2025-11-17 18:44:13] Total autos procesados: 4
[2025-11-17 18:44:13] === FIN get_autos.php ===
[2025-11-17 18:45:07] === Iniciando get_autos.php ===
[2025-11-17 18:45:07] SQL Autos: SELECT 
            id, vin, marca, modelo, anio, precio, millaje, 
            combustible, drive_train, descripcion, destacado, 
            estado, fecha_publicacion
        FROM autos 
        ORDER BY id DESC
[2025-11-17 18:45:07] Autos encontrados: 4
[2025-11-17 18:45:07] Procesando auto ID: 17
[2025-11-17 18:45:07] SQL Img: 
        SELECT id, ruta, principal
        FROM imagenes_autos
        WHERE auto_id = ?
        ORDER BY principal DESC, id ASC
    
[2025-11-17 18:45:07] Imágenes encontradas para auto 17: 4
[2025-11-17 18:45:07] Ruta original BD: uploads/car_691b5d85cb6ca3.20992780.jpg
[2025-11-17 18:45:07] Ruta normalizada enviada al front: uploads/car_691b5d85cb6ca3.20992780.jpg
[2025-11-17 18:45:07] Ruta original BD: uploads/car_691b5d85c64370.70952560.jpg
[2025-11-17 18:45:07] Ruta normalizada enviada al front: uploads/car_691b5d85c64370.70952560.jpg
[2025-11-17 18:45:07] Ruta original BD: uploads/car_691b5d85ca3493.62482036.jpg
[2025-11-17 18:45:07] Ruta normalizada enviada al front: uploads/car_691b5d85ca3493.62482036.jpg
[2025-11-17 18:45:07] Ruta original BD: uploads/car_691b5d85cd8a14.42847139.jpg
[2025-11-17 18:45:07] Ruta normalizada enviada al front: uploads/car_691b5d85cd8a14.42847139.jpg
[2025-11-17 18:45:07] Procesando auto ID: 16
[2025-11-17 18:45:07] SQL Img: 
        SELECT id, ruta, principal
        FROM imagenes_autos
        WHERE auto_id = ?
        ORDER BY principal DESC, id ASC
    
[2025-11-17 18:45:07] Imágenes encontradas para auto 16: 3
[2025-11-17 18:45:07] Ruta original BD: uploads/car_691b3bc01196d7.21033446.jpg
[2025-11-17 18:45:07] Ruta normalizada enviada al front: uploads/car_691b3bc01196d7.21033446.jpg
[2025-11-17 18:45:07] Ruta original BD: uploads/car_691b3bc01375c2.63498298.jpg
[2025-11-17 18:45:07] Ruta normalizada enviada al front: uploads/car_691b3bc01375c2.63498298.jpg
[2025-11-17 18:45:07] Ruta original BD: uploads/car_691b3bc015cf04.16631398.jpg
[2025-11-17 18:45:07] Ruta normalizada enviada al front: uploads/car_691b3bc015cf04.16631398.jpg
[2025-11-17 18:45:07] Procesando auto ID: 15
[2025-11-17 18:45:07] SQL Img: 
        SELECT id, ruta, principal
        FROM imagenes_autos
        WHERE auto_id = ?
        ORDER BY principal DESC, id ASC
    
[2025-11-17 18:45:07] Imágenes encontradas para auto 15: 3
[2025-11-17 18:45:07] Ruta original BD: uploads/car_691b3a135ccfc6.70908182.jpg
[2025-11-17 18:45:07] Ruta normalizada enviada al front: uploads/car_691b3a135ccfc6.70908182.jpg
[2025-11-17 18:45:07] Ruta original BD: uploads/car_691b3a135b5642.01824040.jpg
[2025-11-17 18:45:07] Ruta normalizada enviada al front: uploads/car_691b3a135b5642.01824040.jpg
[2025-11-17 18:45:07] Ruta original BD: uploads/car_691b3a135e14d0.27122190.jpg
[2025-11-17 18:45:07] Ruta normalizada enviada al front: uploads/car_691b3a135e14d0.27122190.jpg
[2025-11-17 18:45:07] Procesando auto ID: 14
[2025-11-17 18:45:07] SQL Img: 
        SELECT id, ruta, principal
        FROM imagenes_autos
        WHERE auto_id = ?
        ORDER BY principal DESC, id ASC
    
[2025-11-17 18:45:07] Imágenes encontradas para auto 14: 3
[2025-11-17 18:45:07] Ruta original BD: uploads/car_691b2eaa0a46a4.03821122.jpg
[2025-11-17 18:45:07] Ruta normalizada enviada al front: uploads/car_691b2eaa0a46a4.03821122.jpg
[2025-11-17 18:45:07] Ruta original BD: uploads/car_691b2fdfb30907.21434018.jpg
[2025-11-17 18:45:07] Ruta normalizada enviada al front: uploads/car_691b2fdfb30907.21434018.jpg
[2025-11-17 18:45:07] Ruta original BD: uploads/img_691b38c60d8994.77930618.jpg
[2025-11-17 18:45:07] Ruta normalizada enviada al front: uploads/img_691b38c60d8994.77930618.jpg
[2025-11-17 18:45:07] Total autos procesados: 4
[2025-11-17 18:45:07] === FIN get_autos.php ===
[2025-11-17 18:46:12] === Iniciando get_autos.php ===
[2025-11-17 18:46:12] SQL Autos: SELECT 
            id, vin, marca, modelo, anio, precio, millaje, 
            combustible, drive_train, descripcion, destacado, 
            estado, fecha_publicacion
        FROM autos 
        ORDER BY id DESC
[2025-11-17 18:46:12] Autos encontrados: 4
[2025-11-17 18:46:12] Procesando auto ID: 17
[2025-11-17 18:46:12] SQL Img: 
        SELECT id, ruta, principal
        FROM imagenes_autos
        WHERE auto_id = ?
        ORDER BY principal DESC, id ASC
    
[2025-11-17 18:46:12] Imágenes encontradas para auto 17: 4
[2025-11-17 18:46:12] Ruta original BD: uploads/car_691b5d85cb6ca3.20992780.jpg
[2025-11-17 18:46:12] Ruta normalizada enviada al front: uploads/car_691b5d85cb6ca3.20992780.jpg
[2025-11-17 18:46:12] Ruta original BD: uploads/car_691b5d85c64370.70952560.jpg
[2025-11-17 18:46:12] Ruta normalizada enviada al front: uploads/car_691b5d85c64370.70952560.jpg
[2025-11-17 18:46:12] Ruta original BD: uploads/car_691b5d85ca3493.62482036.jpg
[2025-11-17 18:46:12] Ruta normalizada enviada al front: uploads/car_691b5d85ca3493.62482036.jpg
[2025-11-17 18:46:12] Ruta original BD: uploads/car_691b5d85cd8a14.42847139.jpg
[2025-11-17 18:46:12] Ruta normalizada enviada al front: uploads/car_691b5d85cd8a14.42847139.jpg
[2025-11-17 18:46:12] Procesando auto ID: 16
[2025-11-17 18:46:12] SQL Img: 
        SELECT id, ruta, principal
        FROM imagenes_autos
        WHERE auto_id = ?
        ORDER BY principal DESC, id ASC
    
[2025-11-17 18:46:12] Imágenes encontradas para auto 16: 3
[2025-11-17 18:46:12] Ruta original BD: uploads/car_691b3bc01196d7.21033446.jpg
[2025-11-17 18:46:12] Ruta normalizada enviada al front: uploads/car_691b3bc01196d7.21033446.jpg
[2025-11-17 18:46:12] Ruta original BD: uploads/car_691b3bc01375c2.63498298.jpg
[2025-11-17 18:46:12] Ruta normalizada enviada al front: uploads/car_691b3bc01375c2.63498298.jpg
[2025-11-17 18:46:12] Ruta original BD: uploads/car_691b3bc015cf04.16631398.jpg
[2025-11-17 18:46:12] Ruta normalizada enviada al front: uploads/car_691b3bc015cf04.16631398.jpg
[2025-11-17 18:46:12] Procesando auto ID: 15
[2025-11-17 18:46:12] SQL Img: 
        SELECT id, ruta, principal
        FROM imagenes_autos
        WHERE auto_id = ?
        ORDER BY principal DESC, id ASC
    
[2025-11-17 18:46:12] Imágenes encontradas para auto 15: 3
[2025-11-17 18:46:12] Ruta original BD: uploads/car_691b3a135ccfc6.70908182.jpg
[2025-11-17 18:46:12] Ruta normalizada enviada al front: uploads/car_691b3a135ccfc6.70908182.jpg
[2025-11-17 18:46:12] Ruta original BD: uploads/car_691b3a135b5642.01824040.jpg
[2025-11-17 18:46:12] Ruta normalizada enviada al front: uploads/car_691b3a135b5642.01824040.jpg
[2025-11-17 18:46:12] Ruta original BD: uploads/car_691b3a135e14d0.27122190.jpg
[2025-11-17 18:46:12] Ruta normalizada enviada al front: uploads/car_691b3a135e14d0.27122190.jpg
[2025-11-17 18:46:12] Procesando auto ID: 14
[2025-11-17 18:46:12] SQL Img: 
        SELECT id, ruta, principal
        FROM imagenes_autos
        WHERE auto_id = ?
        ORDER BY principal DESC, id ASC
    
[2025-11-17 18:46:12] Imágenes encontradas para auto 14: 3
[2025-11-17 18:46:12] Ruta original BD: uploads/car_691b2eaa0a46a4.03821122.jpg
[2025-11-17 18:46:13] Ruta normalizada enviada al front: uploads/car_691b2eaa0a46a4.03821122.jpg
[2025-11-17 18:46:13] Ruta original BD: uploads/car_691b2fdfb30907.21434018.jpg
[2025-11-17 18:46:13] Ruta normalizada enviada al front: uploads/car_691b2fdfb30907.21434018.jpg
[2025-11-17 18:46:13] Ruta original BD: uploads/img_691b38c60d8994.77930618.jpg
[2025-11-17 18:46:13] Ruta normalizada enviada al front: uploads/img_691b38c60d8994.77930618.jpg
[2025-11-17 18:46:13] Total autos procesados: 4
[2025-11-17 18:46:13] === FIN get_autos.php ===
[2025-11-17 18:47:26] === Iniciando get_autos.php ===
[2025-11-17 18:47:26] SQL Autos: SELECT 
            id, vin, marca, modelo, anio, precio, millaje, 
            combustible, drive_train, descripcion, destacado, 
            estado, fecha_publicacion
        FROM autos 
        ORDER BY id DESC
[2025-11-17 18:47:26] Autos encontrados: 4
[2025-11-17 18:47:26] Procesando auto ID: 17
[2025-11-17 18:47:26] SQL Img: 
        SELECT id, ruta, principal
        FROM imagenes_autos
        WHERE auto_id = ?
        ORDER BY principal DESC, id ASC
    
[2025-11-17 18:47:26] Imágenes encontradas para auto 17: 4
[2025-11-17 18:47:26] Ruta original BD: uploads/car_691b5d85cb6ca3.20992780.jpg
[2025-11-17 18:47:26] Ruta normalizada enviada al front: uploads/car_691b5d85cb6ca3.20992780.jpg
[2025-11-17 18:47:26] Ruta original BD: uploads/car_691b5d85c64370.70952560.jpg
[2025-11-17 18:47:26] Ruta normalizada enviada al front: uploads/car_691b5d85c64370.70952560.jpg
[2025-11-17 18:47:26] Ruta original BD: uploads/car_691b5d85ca3493.62482036.jpg
[2025-11-17 18:47:26] Ruta normalizada enviada al front: uploads/car_691b5d85ca3493.62482036.jpg
[2025-11-17 18:47:26] Ruta original BD: uploads/car_691b5d85cd8a14.42847139.jpg
[2025-11-17 18:47:26] Ruta normalizada enviada al front: uploads/car_691b5d85cd8a14.42847139.jpg
[2025-11-17 18:47:26] Procesando auto ID: 16
[2025-11-17 18:47:26] SQL Img: 
        SELECT id, ruta, principal
        FROM imagenes_autos
        WHERE auto_id = ?
        ORDER BY principal DESC, id ASC
    
[2025-11-17 18:47:26] Imágenes encontradas para auto 16: 3
[2025-11-17 18:47:27] Ruta original BD: uploads/car_691b3bc01196d7.21033446.jpg
[2025-11-17 18:47:27] Ruta normalizada enviada al front: uploads/car_691b3bc01196d7.21033446.jpg
[2025-11-17 18:47:27] Ruta original BD: uploads/car_691b3bc01375c2.63498298.jpg
[2025-11-17 18:47:27] Ruta normalizada enviada al front: uploads/car_691b3bc01375c2.63498298.jpg
[2025-11-17 18:47:27] Ruta original BD: uploads/car_691b3bc015cf04.16631398.jpg
[2025-11-17 18:47:27] Ruta normalizada enviada al front: uploads/car_691b3bc015cf04.16631398.jpg
[2025-11-17 18:47:27] Procesando auto ID: 15
[2025-11-17 18:47:27] SQL Img: 
        SELECT id, ruta, principal
        FROM imagenes_autos
        WHERE auto_id = ?
        ORDER BY principal DESC, id ASC
    
[2025-11-17 18:47:27] Imágenes encontradas para auto 15: 3
[2025-11-17 18:47:27] Ruta original BD: uploads/car_691b3a135ccfc6.70908182.jpg
[2025-11-17 18:47:27] Ruta normalizada enviada al front: uploads/car_691b3a135ccfc6.70908182.jpg
[2025-11-17 18:47:27] Ruta original BD: uploads/car_691b3a135b5642.01824040.jpg
[2025-11-17 18:47:27] Ruta normalizada enviada al front: uploads/car_691b3a135b5642.01824040.jpg
[2025-11-17 18:47:27] Ruta original BD: uploads/car_691b3a135e14d0.27122190.jpg
[2025-11-17 18:47:27] Ruta normalizada enviada al front: uploads/car_691b3a135e14d0.27122190.jpg
[2025-11-17 18:47:27] Procesando auto ID: 14
[2025-11-17 18:47:27] SQL Img: 
        SELECT id, ruta, principal
        FROM imagenes_autos
        WHERE auto_id = ?
        ORDER BY principal DESC, id ASC
    
[2025-11-17 18:47:27] Imágenes encontradas para auto 14: 3
[2025-11-17 18:47:27] Ruta original BD: uploads/car_691b2eaa0a46a4.03821122.jpg
[2025-11-17 18:47:27] Ruta normalizada enviada al front: uploads/car_691b2eaa0a46a4.03821122.jpg
[2025-11-17 18:47:27] Ruta original BD: uploads/car_691b2fdfb30907.21434018.jpg
[2025-11-17 18:47:27] Ruta normalizada enviada al front: uploads/car_691b2fdfb30907.21434018.jpg
[2025-11-17 18:47:27] Ruta original BD: uploads/img_691b38c60d8994.77930618.jpg
[2025-11-17 18:47:27] Ruta normalizada enviada al front: uploads/img_691b38c60d8994.77930618.jpg
[2025-11-17 18:47:27] Total autos procesados: 4
[2025-11-17 18:47:27] === FIN get_autos.php ===
[2025-11-17 18:48:11] === Iniciando get_autos.php ===
[2025-11-17 18:48:11] SQL Autos: SELECT 
            id, vin, marca, modelo, anio, precio, millaje, 
            combustible, drive_train, descripcion, destacado, 
            estado, fecha_publicacion
        FROM autos 
        ORDER BY id DESC
[2025-11-17 18:48:11] Autos encontrados: 4
[2025-11-17 18:48:11] Procesando auto ID: 17
[2025-11-17 18:48:11] SQL Img: 
        SELECT id, ruta, principal
        FROM imagenes_autos
        WHERE auto_id = ?
        ORDER BY principal DESC, id ASC
    
[2025-11-17 18:48:11] Imágenes encontradas para auto 17: 4
[2025-11-17 18:48:11] Ruta original BD: uploads/car_691b5d85cb6ca3.20992780.jpg
[2025-11-17 18:48:11] Ruta normalizada enviada al front: uploads/car_691b5d85cb6ca3.20992780.jpg
[2025-11-17 18:48:11] Ruta original BD: uploads/car_691b5d85c64370.70952560.jpg
[2025-11-17 18:48:11] Ruta normalizada enviada al front: uploads/car_691b5d85c64370.70952560.jpg
[2025-11-17 18:48:11] Ruta original BD: uploads/car_691b5d85ca3493.62482036.jpg
[2025-11-17 18:48:11] Ruta normalizada enviada al front: uploads/car_691b5d85ca3493.62482036.jpg
[2025-11-17 18:48:11] Ruta original BD: uploads/car_691b5d85cd8a14.42847139.jpg
[2025-11-17 18:48:11] Ruta normalizada enviada al front: uploads/car_691b5d85cd8a14.42847139.jpg
[2025-11-17 18:48:11] Procesando auto ID: 16
[2025-11-17 18:48:11] SQL Img: 
        SELECT id, ruta, principal
        FROM imagenes_autos
        WHERE auto_id = ?
        ORDER BY principal DESC, id ASC
    
[2025-11-17 18:48:11] Imágenes encontradas para auto 16: 3
[2025-11-17 18:48:11] Ruta original BD: uploads/car_691b3bc01196d7.21033446.jpg
[2025-11-17 18:48:11] Ruta normalizada enviada al front: uploads/car_691b3bc01196d7.21033446.jpg
[2025-11-17 18:48:11] Ruta original BD: uploads/img_691b5fdb9c4913.98326475.jpg
[2025-11-17 18:48:11] Ruta normalizada enviada al front: uploads/img_691b5fdb9c4913.98326475.jpg
[2025-11-17 18:48:11] Ruta original BD: uploads/img_691b5fdb9ea8a6.91773331.jpg
[2025-11-17 18:48:11] Ruta normalizada enviada al front: uploads/img_691b5fdb9ea8a6.91773331.jpg
[2025-11-17 18:48:11] Procesando auto ID: 15
[2025-11-17 18:48:11] SQL Img: 
        SELECT id, ruta, principal
        FROM imagenes_autos
        WHERE auto_id = ?
        ORDER BY principal DESC, id ASC
    
[2025-11-17 18:48:11] Imágenes encontradas para auto 15: 3
[2025-11-17 18:48:11] Ruta original BD: uploads/car_691b3a135ccfc6.70908182.jpg
[2025-11-17 18:48:11] Ruta normalizada enviada al front: uploads/car_691b3a135ccfc6.70908182.jpg
[2025-11-17 18:48:11] Ruta original BD: uploads/car_691b3a135b5642.01824040.jpg
[2025-11-17 18:48:11] Ruta normalizada enviada al front: uploads/car_691b3a135b5642.01824040.jpg
[2025-11-17 18:48:11] Ruta original BD: uploads/car_691b3a135e14d0.27122190.jpg
[2025-11-17 18:48:11] Ruta normalizada enviada al front: uploads/car_691b3a135e14d0.27122190.jpg
[2025-11-17 18:48:11] Procesando auto ID: 14
[2025-11-17 18:48:11] SQL Img: 
        SELECT id, ruta, principal
        FROM imagenes_autos
        WHERE auto_id = ?
        ORDER BY principal DESC, id ASC
    
[2025-11-17 18:48:11] Imágenes encontradas para auto 14: 3
[2025-11-17 18:48:11] Ruta original BD: uploads/car_691b2eaa0a46a4.03821122.jpg
[2025-11-17 18:48:11] Ruta normalizada enviada al front: uploads/car_691b2eaa0a46a4.03821122.jpg
[2025-11-17 18:48:11] Ruta original BD: uploads/car_691b2fdfb30907.21434018.jpg
[2025-11-17 18:48:11] Ruta normalizada enviada al front: uploads/car_691b2fdfb30907.21434018.jpg
[2025-11-17 18:48:11] Ruta original BD: uploads/img_691b38c60d8994.77930618.jpg
[2025-11-17 18:48:11] Ruta normalizada enviada al front: uploads/img_691b38c60d8994.77930618.jpg
[2025-11-17 18:48:11] Total autos procesados: 4
[2025-11-17 18:48:11] === FIN get_autos.php ===
[2025-11-17 18:48:16] === Iniciando get_autos.php ===
[2025-11-17 18:48:16] SQL Autos: SELECT 
            id, vin, marca, modelo, anio, precio, millaje, 
            combustible, drive_train, descripcion, destacado, 
            estado, fecha_publicacion
        FROM autos 
        ORDER BY id DESC
[2025-11-17 18:48:16] Autos encontrados: 4
[2025-11-17 18:48:16] Procesando auto ID: 17
[2025-11-17 18:48:16] SQL Img: 
        SELECT id, ruta, principal
        FROM imagenes_autos
        WHERE auto_id = ?
        ORDER BY principal DESC, id ASC
    
[2025-11-17 18:48:16] Imágenes encontradas para auto 17: 4
[2025-11-17 18:48:16] Ruta original BD: uploads/car_691b5d85cb6ca3.20992780.jpg
[2025-11-17 18:48:16] Ruta normalizada enviada al front: uploads/car_691b5d85cb6ca3.20992780.jpg
[2025-11-17 18:48:16] Ruta original BD: uploads/car_691b5d85c64370.70952560.jpg
[2025-11-17 18:48:16] Ruta normalizada enviada al front: uploads/car_691b5d85c64370.70952560.jpg
[2025-11-17 18:48:16] Ruta original BD: uploads/car_691b5d85ca3493.62482036.jpg
[2025-11-17 18:48:16] Ruta normalizada enviada al front: uploads/car_691b5d85ca3493.62482036.jpg
[2025-11-17 18:48:16] Ruta original BD: uploads/car_691b5d85cd8a14.42847139.jpg
[2025-11-17 18:48:16] Ruta normalizada enviada al front: uploads/car_691b5d85cd8a14.42847139.jpg
[2025-11-17 18:48:16] Procesando auto ID: 16
[2025-11-17 18:48:16] SQL Img: 
        SELECT id, ruta, principal
        FROM imagenes_autos
        WHERE auto_id = ?
        ORDER BY principal DESC, id ASC
    
[2025-11-17 18:48:16] Imágenes encontradas para auto 16: 3
[2025-11-17 18:48:16] Ruta original BD: uploads/car_691b3bc01196d7.21033446.jpg
[2025-11-17 18:48:16] Ruta normalizada enviada al front: uploads/car_691b3bc01196d7.21033446.jpg
[2025-11-17 18:48:16] Ruta original BD: uploads/img_691b5fdb9c4913.98326475.jpg
[2025-11-17 18:48:16] Ruta normalizada enviada al front: uploads/img_691b5fdb9c4913.98326475.jpg
[2025-11-17 18:48:16] Ruta original BD: uploads/img_691b5fdb9ea8a6.91773331.jpg
[2025-11-17 18:48:16] Ruta normalizada enviada al front: uploads/img_691b5fdb9ea8a6.91773331.jpg
[2025-11-17 18:48:16] Procesando auto ID: 15
[2025-11-17 18:48:16] SQL Img: 
        SELECT id, ruta, principal
        FROM imagenes_autos
        WHERE auto_id = ?
        ORDER BY principal DESC, id ASC
    
[2025-11-17 18:48:16] Imágenes encontradas para auto 15: 3
[2025-11-17 18:48:16] Ruta original BD: uploads/car_691b3a135ccfc6.70908182.jpg
[2025-11-17 18:48:16] Ruta normalizada enviada al front: uploads/car_691b3a135ccfc6.70908182.jpg
[2025-11-17 18:48:16] Ruta original BD: uploads/car_691b3a135b5642.01824040.jpg
[2025-11-17 18:48:16] Ruta normalizada enviada al front: uploads/car_691b3a135b5642.01824040.jpg
[2025-11-17 18:48:16] Ruta original BD: uploads/car_691b3a135e14d0.27122190.jpg
[2025-11-17 18:48:16] Ruta normalizada enviada al front: uploads/car_691b3a135e14d0.27122190.jpg
[2025-11-17 18:48:16] Procesando auto ID: 14
[2025-11-17 18:48:16] SQL Img: 
        SELECT id, ruta, principal
        FROM imagenes_autos
        WHERE auto_id = ?
        ORDER BY principal DESC, id ASC
    
[2025-11-17 18:48:16] Imágenes encontradas para auto 14: 3
[2025-11-17 18:48:16] Ruta original BD: uploads/car_691b2eaa0a46a4.03821122.jpg
[2025-11-17 18:48:16] Ruta normalizada enviada al front: uploads/car_691b2eaa0a46a4.03821122.jpg
[2025-11-17 18:48:16] Ruta original BD: uploads/car_691b2fdfb30907.21434018.jpg
[2025-11-17 18:48:16] Ruta normalizada enviada al front: uploads/car_691b2fdfb30907.21434018.jpg
[2025-11-17 18:48:16] Ruta original BD: uploads/img_691b38c60d8994.77930618.jpg
[2025-11-17 18:48:16] Ruta normalizada enviada al front: uploads/img_691b38c60d8994.77930618.jpg
[2025-11-17 18:48:16] Total autos procesados: 4
[2025-11-17 18:48:16] === FIN get_autos.php ===
[2025-11-17 18:51:31] === Iniciando get_autos.php ===
[2025-11-17 18:51:31] SQL Autos: SELECT 
            id, vin, marca, modelo, anio, precio, millaje, 
            combustible, drive_train, descripcion, destacado, 
            estado, fecha_publicacion
        FROM autos 
        ORDER BY id DESC
[2025-11-17 18:51:31] Autos encontrados: 4
[2025-11-17 18:51:31] Procesando auto ID: 17
[2025-11-17 18:51:31] SQL Img: 
        SELECT id, ruta, principal
        FROM imagenes_autos
        WHERE auto_id = ?
        ORDER BY principal DESC, id ASC
    
[2025-11-17 18:51:31] Imágenes encontradas para auto 17: 4
[2025-11-17 18:51:31] Ruta original BD: uploads/car_691b5d85cb6ca3.20992780.jpg
[2025-11-17 18:51:31] Ruta normalizada enviada al front: uploads/car_691b5d85cb6ca3.20992780.jpg
[2025-11-17 18:51:31] Ruta original BD: uploads/car_691b5d85c64370.70952560.jpg
[2025-11-17 18:51:31] Ruta normalizada enviada al front: uploads/car_691b5d85c64370.70952560.jpg
[2025-11-17 18:51:31] Ruta original BD: uploads/car_691b5d85ca3493.62482036.jpg
[2025-11-17 18:51:31] Ruta normalizada enviada al front: uploads/car_691b5d85ca3493.62482036.jpg
[2025-11-17 18:51:31] Ruta original BD: uploads/car_691b5d85cd8a14.42847139.jpg
[2025-11-17 18:51:31] Ruta normalizada enviada al front: uploads/car_691b5d85cd8a14.42847139.jpg
[2025-11-17 18:51:31] Procesando auto ID: 16
[2025-11-17 18:51:31] SQL Img: 
        SELECT id, ruta, principal
        FROM imagenes_autos
        WHERE auto_id = ?
        ORDER BY principal DESC, id ASC
    
[2025-11-17 18:51:31] Imágenes encontradas para auto 16: 3
[2025-11-17 18:51:31] Ruta original BD: uploads/car_691b3bc01196d7.21033446.jpg
[2025-11-17 18:51:31] Ruta normalizada enviada al front: uploads/car_691b3bc01196d7.21033446.jpg
[2025-11-17 18:51:31] Ruta original BD: uploads/img_691b5fdb9c4913.98326475.jpg
[2025-11-17 18:51:31] Ruta normalizada enviada al front: uploads/img_691b5fdb9c4913.98326475.jpg
[2025-11-17 18:51:31] Ruta original BD: uploads/img_691b5fdb9ea8a6.91773331.jpg
[2025-11-17 18:51:31] Ruta normalizada enviada al front: uploads/img_691b5fdb9ea8a6.91773331.jpg
[2025-11-17 18:51:31] Procesando auto ID: 15
[2025-11-17 18:51:31] SQL Img: 
        SELECT id, ruta, principal
        FROM imagenes_autos
        WHERE auto_id = ?
        ORDER BY principal DESC, id ASC
    
[2025-11-17 18:51:31] Imágenes encontradas para auto 15: 3
[2025-11-17 18:51:31] Ruta original BD: uploads/car_691b3a135ccfc6.70908182.jpg
[2025-11-17 18:51:31] Ruta normalizada enviada al front: uploads/car_691b3a135ccfc6.70908182.jpg
[2025-11-17 18:51:31] Ruta original BD: uploads/car_691b3a135b5642.01824040.jpg
[2025-11-17 18:51:31] Ruta normalizada enviada al front: uploads/car_691b3a135b5642.01824040.jpg
[2025-11-17 18:51:31] Ruta original BD: uploads/car_691b3a135e14d0.27122190.jpg
[2025-11-17 18:51:31] Ruta normalizada enviada al front: uploads/car_691b3a135e14d0.27122190.jpg
[2025-11-17 18:51:31] Procesando auto ID: 14
[2025-11-17 18:51:31] SQL Img: 
        SELECT id, ruta, principal
        FROM imagenes_autos
        WHERE auto_id = ?
        ORDER BY principal DESC, id ASC
    
[2025-11-17 18:51:31] Imágenes encontradas para auto 14: 3
[2025-11-17 18:51:31] Ruta original BD: uploads/car_691b2eaa0a46a4.03821122.jpg
[2025-11-17 18:51:31] Ruta normalizada enviada al front: uploads/car_691b2eaa0a46a4.03821122.jpg
[2025-11-17 18:51:31] Ruta original BD: uploads/car_691b2fdfb30907.21434018.jpg
[2025-11-17 18:51:31] Ruta normalizada enviada al front: uploads/car_691b2fdfb30907.21434018.jpg
[2025-11-17 18:51:31] Ruta original BD: uploads/img_691b38c60d8994.77930618.jpg
[2025-11-17 18:51:31] Ruta normalizada enviada al front: uploads/img_691b38c60d8994.77930618.jpg
[2025-11-17 18:51:31] Total autos procesados: 4
[2025-11-17 18:51:31] === FIN get_autos.php ===
[2025-11-17 18:52:31] === Iniciando get_autos.php ===
[2025-11-17 18:52:31] SQL Autos: SELECT 
            id, vin, marca, modelo, anio, precio, millaje, 
            combustible, drive_train, descripcion, destacado, 
            estado, fecha_publicacion
        FROM autos 
        ORDER BY id DESC
[2025-11-17 18:52:31] Autos encontrados: 4
[2025-11-17 18:52:31] Procesando auto ID: 17
[2025-11-17 18:52:31] SQL Img: 
        SELECT id, ruta, principal
        FROM imagenes_autos
        WHERE auto_id = ?
        ORDER BY principal DESC, id ASC
    
[2025-11-17 18:52:31] Imágenes encontradas para auto 17: 4
[2025-11-17 18:52:31] Ruta original BD: uploads/car_691b5d85cb6ca3.20992780.jpg
[2025-11-17 18:52:31] Ruta normalizada enviada al front: uploads/car_691b5d85cb6ca3.20992780.jpg
[2025-11-17 18:52:31] Ruta original BD: uploads/car_691b5d85c64370.70952560.jpg
[2025-11-17 18:52:31] Ruta normalizada enviada al front: uploads/car_691b5d85c64370.70952560.jpg
[2025-11-17 18:52:31] Ruta original BD: uploads/car_691b5d85ca3493.62482036.jpg
[2025-11-17 18:52:31] Ruta normalizada enviada al front: uploads/car_691b5d85ca3493.62482036.jpg
[2025-11-17 18:52:31] Ruta original BD: uploads/car_691b5d85cd8a14.42847139.jpg
[2025-11-17 18:52:31] Ruta normalizada enviada al front: uploads/car_691b5d85cd8a14.42847139.jpg
[2025-11-17 18:52:31] Procesando auto ID: 16
[2025-11-17 18:52:31] SQL Img: 
        SELECT id, ruta, principal
        FROM imagenes_autos
        WHERE auto_id = ?
        ORDER BY principal DESC, id ASC
    
[2025-11-17 18:52:31] Imágenes encontradas para auto 16: 3
[2025-11-17 18:52:31] Ruta original BD: uploads/car_691b3bc01196d7.21033446.jpg
[2025-11-17 18:52:31] Ruta normalizada enviada al front: uploads/car_691b3bc01196d7.21033446.jpg
[2025-11-17 18:52:31] Ruta original BD: uploads/img_691b5fdb9c4913.98326475.jpg
[2025-11-17 18:52:31] Ruta normalizada enviada al front: uploads/img_691b5fdb9c4913.98326475.jpg
[2025-11-17 18:52:31] Ruta original BD: uploads/img_691b5fdb9ea8a6.91773331.jpg
[2025-11-17 18:52:31] Ruta normalizada enviada al front: uploads/img_691b5fdb9ea8a6.91773331.jpg
[2025-11-17 18:52:31] Procesando auto ID: 15
[2025-11-17 18:52:31] SQL Img: 
        SELECT id, ruta, principal
        FROM imagenes_autos
        WHERE auto_id = ?
        ORDER BY principal DESC, id ASC
    
[2025-11-17 18:52:31] Imágenes encontradas para auto 15: 3
[2025-11-17 18:52:31] Ruta original BD: uploads/car_691b3a135ccfc6.70908182.jpg
[2025-11-17 18:52:31] Ruta normalizada enviada al front: uploads/car_691b3a135ccfc6.70908182.jpg
[2025-11-17 18:52:31] Ruta original BD: uploads/car_691b3a135b5642.01824040.jpg
[2025-11-17 18:52:31] Ruta normalizada enviada al front: uploads/car_691b3a135b5642.01824040.jpg
[2025-11-17 18:52:31] Ruta original BD: uploads/car_691b3a135e14d0.27122190.jpg
[2025-11-17 18:52:31] Ruta normalizada enviada al front: uploads/car_691b3a135e14d0.27122190.jpg
[2025-11-17 18:52:31] Procesando auto ID: 14
[2025-11-17 18:52:31] SQL Img: 
        SELECT id, ruta, principal
        FROM imagenes_autos
        WHERE auto_id = ?
        ORDER BY principal DESC, id ASC
    
[2025-11-17 18:52:31] Imágenes encontradas para auto 14: 3
[2025-11-17 18:52:31] Ruta original BD: uploads/car_691b2eaa0a46a4.03821122.jpg
[2025-11-17 18:52:31] Ruta normalizada enviada al front: uploads/car_691b2eaa0a46a4.03821122.jpg
[2025-11-17 18:52:31] Ruta original BD: uploads/car_691b2fdfb30907.21434018.jpg
[2025-11-17 18:52:31] Ruta normalizada enviada al front: uploads/car_691b2fdfb30907.21434018.jpg
[2025-11-17 18:52:31] Ruta original BD: uploads/img_691b38c60d8994.77930618.jpg
[2025-11-17 18:52:31] Ruta normalizada enviada al front: uploads/img_691b38c60d8994.77930618.jpg
[2025-11-17 18:52:31] Total autos procesados: 4
[2025-11-17 18:52:31] === FIN get_autos.php ===
[2025-11-17 18:54:38] === Iniciando get_autos.php ===
[2025-11-17 18:54:38] SQL Autos: SELECT 
            id, vin, marca, modelo, anio, precio, millaje, 
            combustible, drive_train, descripcion, destacado, 
            estado, fecha_publicacion
        FROM autos 
        ORDER BY id DESC
[2025-11-17 18:54:38] Autos encontrados: 4
[2025-11-17 18:54:38] Procesando auto ID: 17
[2025-11-17 18:54:38] SQL Img: 
        SELECT id, ruta, principal
        FROM imagenes_autos
        WHERE auto_id = ?
        ORDER BY principal DESC, id ASC
    
[2025-11-17 18:54:38] Imágenes encontradas para auto 17: 4
[2025-11-17 18:54:38] Ruta original BD: uploads/car_691b5d85cb6ca3.20992780.jpg
[2025-11-17 18:54:38] Ruta normalizada enviada al front: uploads/car_691b5d85cb6ca3.20992780.jpg
[2025-11-17 18:54:38] Ruta original BD: uploads/car_691b5d85c64370.70952560.jpg
[2025-11-17 18:54:38] Ruta normalizada enviada al front: uploads/car_691b5d85c64370.70952560.jpg
[2025-11-17 18:54:38] Ruta original BD: uploads/car_691b5d85ca3493.62482036.jpg
[2025-11-17 18:54:38] Ruta normalizada enviada al front: uploads/car_691b5d85ca3493.62482036.jpg
[2025-11-17 18:54:38] Ruta original BD: uploads/car_691b5d85cd8a14.42847139.jpg
[2025-11-17 18:54:38] Ruta normalizada enviada al front: uploads/car_691b5d85cd8a14.42847139.jpg
[2025-11-17 18:54:38] Procesando auto ID: 16
[2025-11-17 18:54:38] SQL Img: 
        SELECT id, ruta, principal
        FROM imagenes_autos
        WHERE auto_id = ?
        ORDER BY principal DESC, id ASC
    
[2025-11-17 18:54:38] Imágenes encontradas para auto 16: 3
[2025-11-17 18:54:38] Ruta original BD: uploads/car_691b3bc01196d7.21033446.jpg
[2025-11-17 18:54:38] Ruta normalizada enviada al front: uploads/car_691b3bc01196d7.21033446.jpg
[2025-11-17 18:54:38] Ruta original BD: uploads/img_691b5fdb9c4913.98326475.jpg
[2025-11-17 18:54:38] Ruta normalizada enviada al front: uploads/img_691b5fdb9c4913.98326475.jpg
[2025-11-17 18:54:38] Ruta original BD: uploads/img_691b5fdb9ea8a6.91773331.jpg
[2025-11-17 18:54:38] Ruta normalizada enviada al front: uploads/img_691b5fdb9ea8a6.91773331.jpg
[2025-11-17 18:54:38] Procesando auto ID: 15
[2025-11-17 18:54:38] SQL Img: 
        SELECT id, ruta, principal
        FROM imagenes_autos
        WHERE auto_id = ?
        ORDER BY principal DESC, id ASC
    
[2025-11-17 18:54:38] Imágenes encontradas para auto 15: 3
[2025-11-17 18:54:38] Ruta original BD: uploads/car_691b3a135ccfc6.70908182.jpg
[2025-11-17 18:54:38] Ruta normalizada enviada al front: uploads/car_691b3a135ccfc6.70908182.jpg
[2025-11-17 18:54:38] Ruta original BD: uploads/car_691b3a135b5642.01824040.jpg
[2025-11-17 18:54:38] Ruta normalizada enviada al front: uploads/car_691b3a135b5642.01824040.jpg
[2025-11-17 18:54:38] Ruta original BD: uploads/car_691b3a135e14d0.27122190.jpg
[2025-11-17 18:54:38] Ruta normalizada enviada al front: uploads/car_691b3a135e14d0.27122190.jpg
[2025-11-17 18:54:38] Procesando auto ID: 14
[2025-11-17 18:54:38] SQL Img: 
        SELECT id, ruta, principal
        FROM imagenes_autos
        WHERE auto_id = ?
        ORDER BY principal DESC, id ASC
    
[2025-11-17 18:54:38] Imágenes encontradas para auto 14: 3
[2025-11-17 18:54:38] Ruta original BD: uploads/car_691b2eaa0a46a4.03821122.jpg
[2025-11-17 18:54:38] Ruta normalizada enviada al front: uploads/car_691b2eaa0a46a4.03821122.jpg
[2025-11-17 18:54:38] Ruta original BD: uploads/car_691b2fdfb30907.21434018.jpg
[2025-11-17 18:54:38] Ruta normalizada enviada al front: uploads/car_691b2fdfb30907.21434018.jpg
[2025-11-17 18:54:38] Ruta original BD: uploads/img_691b38c60d8994.77930618.jpg
[2025-11-17 18:54:38] Ruta normalizada enviada al front: uploads/img_691b38c60d8994.77930618.jpg
[2025-11-17 18:54:38] Total autos procesados: 4
[2025-11-17 18:54:38] === FIN get_autos.php ===
[2025-11-17 19:00:20] === Iniciando get_autos.php ===
[2025-11-17 19:00:20] SQL Autos: SELECT 
            id, vin, marca, modelo, anio, precio, millaje, 
            combustible, drive_train, descripcion, destacado, 
            estado, fecha_publicacion
        FROM autos 
        ORDER BY id DESC
[2025-11-17 19:00:20] Autos encontrados: 4
[2025-11-17 19:00:20] Procesando auto ID: 17
[2025-11-17 19:00:20] SQL Img: 
        SELECT id, ruta, principal
        FROM imagenes_autos
        WHERE auto_id = ?
        ORDER BY principal DESC, id ASC
    
[2025-11-17 19:00:20] Imágenes encontradas para auto 17: 4
[2025-11-17 19:00:20] Ruta original BD: uploads/car_691b5d85cb6ca3.20992780.jpg
[2025-11-17 19:00:20] Ruta normalizada enviada al front: uploads/car_691b5d85cb6ca3.20992780.jpg
[2025-11-17 19:00:20] Ruta original BD: uploads/car_691b5d85c64370.70952560.jpg
[2025-11-17 19:00:20] Ruta normalizada enviada al front: uploads/car_691b5d85c64370.70952560.jpg
[2025-11-17 19:00:20] Ruta original BD: uploads/car_691b5d85ca3493.62482036.jpg
[2025-11-17 19:00:20] Ruta normalizada enviada al front: uploads/car_691b5d85ca3493.62482036.jpg
[2025-11-17 19:00:20] Ruta original BD: uploads/car_691b5d85cd8a14.42847139.jpg
[2025-11-17 19:00:20] Ruta normalizada enviada al front: uploads/car_691b5d85cd8a14.42847139.jpg
[2025-11-17 19:00:20] Procesando auto ID: 16
[2025-11-17 19:00:20] SQL Img: 
        SELECT id, ruta, principal
        FROM imagenes_autos
        WHERE auto_id = ?
        ORDER BY principal DESC, id ASC
    
[2025-11-17 19:00:20] Imágenes encontradas para auto 16: 3
[2025-11-17 19:00:20] Ruta original BD: uploads/car_691b3bc01196d7.21033446.jpg
[2025-11-17 19:00:20] Ruta normalizada enviada al front: uploads/car_691b3bc01196d7.21033446.jpg
[2025-11-17 19:00:20] Ruta original BD: uploads/img_691b5fdb9c4913.98326475.jpg
[2025-11-17 19:00:20] Ruta normalizada enviada al front: uploads/img_691b5fdb9c4913.98326475.jpg
[2025-11-17 19:00:20] Ruta original BD: uploads/img_691b5fdb9ea8a6.91773331.jpg
[2025-11-17 19:00:20] Ruta normalizada enviada al front: uploads/img_691b5fdb9ea8a6.91773331.jpg
[2025-11-17 19:00:20] Procesando auto ID: 15
[2025-11-17 19:00:20] SQL Img: 
        SELECT id, ruta, principal
        FROM imagenes_autos
        WHERE auto_id = ?
        ORDER BY principal DESC, id ASC
    
[2025-11-17 19:00:20] Imágenes encontradas para auto 15: 3
[2025-11-17 19:00:20] Ruta original BD: uploads/car_691b3a135ccfc6.70908182.jpg
[2025-11-17 19:00:20] Ruta normalizada enviada al front: uploads/car_691b3a135ccfc6.70908182.jpg
[2025-11-17 19:00:20] Ruta original BD: uploads/car_691b3a135b5642.01824040.jpg
[2025-11-17 19:00:20] Ruta normalizada enviada al front: uploads/car_691b3a135b5642.01824040.jpg
[2025-11-17 19:00:20] Ruta original BD: uploads/car_691b3a135e14d0.27122190.jpg
[2025-11-17 19:00:20] Ruta normalizada enviada al front: uploads/car_691b3a135e14d0.27122190.jpg
[2025-11-17 19:00:20] Procesando auto ID: 14
[2025-11-17 19:00:20] SQL Img: 
        SELECT id, ruta, principal
        FROM imagenes_autos
        WHERE auto_id = ?
        ORDER BY principal DESC, id ASC
    
[2025-11-17 19:00:20] Imágenes encontradas para auto 14: 3
[2025-11-17 19:00:20] Ruta original BD: uploads/car_691b2eaa0a46a4.03821122.jpg
[2025-11-17 19:00:20] Ruta normalizada enviada al front: uploads/car_691b2eaa0a46a4.03821122.jpg
[2025-11-17 19:00:20] Ruta original BD: uploads/car_691b2fdfb30907.21434018.jpg
[2025-11-17 19:00:20] Ruta normalizada enviada al front: uploads/car_691b2fdfb30907.21434018.jpg
[2025-11-17 19:00:20] Ruta original BD: uploads/img_691b38c60d8994.77930618.jpg
[2025-11-17 19:00:20] Ruta normalizada enviada al front: uploads/img_691b38c60d8994.77930618.jpg
[2025-11-17 19:00:20] Total autos procesados: 4
[2025-11-17 19:00:20] === FIN get_autos.php ===
[2025-11-17 19:03:04] === Iniciando get_autos.php ===
[2025-11-17 19:03:04] SQL Autos: SELECT 
            id, vin, marca, modelo, anio, precio, millaje, 
            combustible, drive_train, descripcion, destacado, 
            estado, fecha_publicacion
        FROM autos 
        ORDER BY id DESC
[2025-11-17 19:03:04] Autos encontrados: 4
[2025-11-17 19:03:04] Procesando auto ID: 17
[2025-11-17 19:03:04] SQL Img: 
        SELECT id, ruta, principal
        FROM imagenes_autos
        WHERE auto_id = ?
        ORDER BY principal DESC, id ASC
    
[2025-11-17 19:03:04] Imágenes encontradas para auto 17: 4
[2025-11-17 19:03:04] Ruta original BD: uploads/car_691b5d85cb6ca3.20992780.jpg
[2025-11-17 19:03:04] Ruta normalizada enviada al front: uploads/car_691b5d85cb6ca3.20992780.jpg
[2025-11-17 19:03:04] Ruta original BD: uploads/car_691b5d85c64370.70952560.jpg
[2025-11-17 19:03:04] Ruta normalizada enviada al front: uploads/car_691b5d85c64370.70952560.jpg
[2025-11-17 19:03:04] Ruta original BD: uploads/car_691b5d85ca3493.62482036.jpg
[2025-11-17 19:03:04] Ruta normalizada enviada al front: uploads/car_691b5d85ca3493.62482036.jpg
[2025-11-17 19:03:04] Ruta original BD: uploads/car_691b5d85cd8a14.42847139.jpg
[2025-11-17 19:03:04] Ruta normalizada enviada al front: uploads/car_691b5d85cd8a14.42847139.jpg
[2025-11-17 19:03:04] Procesando auto ID: 16
[2025-11-17 19:03:04] SQL Img: 
        SELECT id, ruta, principal
        FROM imagenes_autos
        WHERE auto_id = ?
        ORDER BY principal DESC, id ASC
    
[2025-11-17 19:03:04] Imágenes encontradas para auto 16: 3
[2025-11-17 19:03:04] Ruta original BD: uploads/car_691b3bc01196d7.21033446.jpg
[2025-11-17 19:03:04] Ruta normalizada enviada al front: uploads/car_691b3bc01196d7.21033446.jpg
[2025-11-17 19:03:04] Ruta original BD: uploads/img_691b5fdb9c4913.98326475.jpg
[2025-11-17 19:03:04] Ruta normalizada enviada al front: uploads/img_691b5fdb9c4913.98326475.jpg
[2025-11-17 19:03:04] Ruta original BD: uploads/img_691b5fdb9ea8a6.91773331.jpg
[2025-11-17 19:03:04] Ruta normalizada enviada al front: uploads/img_691b5fdb9ea8a6.91773331.jpg
[2025-11-17 19:03:04] Procesando auto ID: 15
[2025-11-17 19:03:04] SQL Img: 
        SELECT id, ruta, principal
        FROM imagenes_autos
        WHERE auto_id = ?
        ORDER BY principal DESC, id ASC
    
[2025-11-17 19:03:04] Imágenes encontradas para auto 15: 3
[2025-11-17 19:03:04] Ruta original BD: uploads/car_691b3a135ccfc6.70908182.jpg
[2025-11-17 19:03:04] Ruta normalizada enviada al front: uploads/car_691b3a135ccfc6.70908182.jpg
[2025-11-17 19:03:04] Ruta original BD: uploads/car_691b3a135b5642.01824040.jpg
[2025-11-17 19:03:04] Ruta normalizada enviada al front: uploads/car_691b3a135b5642.01824040.jpg
[2025-11-17 19:03:04] Ruta original BD: uploads/car_691b3a135e14d0.27122190.jpg
[2025-11-17 19:03:04] Ruta normalizada enviada al front: uploads/car_691b3a135e14d0.27122190.jpg
[2025-11-17 19:03:04] Procesando auto ID: 14
[2025-11-17 19:03:04] SQL Img: 
        SELECT id, ruta, principal
        FROM imagenes_autos
        WHERE auto_id = ?
        ORDER BY principal DESC, id ASC
    
[2025-11-17 19:03:04] Imágenes encontradas para auto 14: 3
[2025-11-17 19:03:04] Ruta original BD: uploads/car_691b2eaa0a46a4.03821122.jpg
[2025-11-17 19:03:04] Ruta normalizada enviada al front: uploads/car_691b2eaa0a46a4.03821122.jpg
[2025-11-17 19:03:04] Ruta original BD: uploads/car_691b2fdfb30907.21434018.jpg
[2025-11-17 19:03:04] Ruta normalizada enviada al front: uploads/car_691b2fdfb30907.21434018.jpg
[2025-11-17 19:03:04] Ruta original BD: uploads/img_691b38c60d8994.77930618.jpg
[2025-11-17 19:03:04] Ruta normalizada enviada al front: uploads/img_691b38c60d8994.77930618.jpg
[2025-11-17 19:03:04] Total autos procesados: 4
[2025-11-17 19:03:04] === FIN get_autos.php ===
[2025-11-17 19:03:44] === Iniciando get_autos.php ===
[2025-11-17 19:03:44] SQL Autos: SELECT 
            id, vin, marca, modelo, anio, precio, millaje, 
            combustible, drive_train, descripcion, destacado, 
            estado, fecha_publicacion
        FROM autos 
        ORDER BY id DESC
[2025-11-17 19:03:45] Autos encontrados: 4
[2025-11-17 19:03:45] Procesando auto ID: 17
[2025-11-17 19:03:45] SQL Img: 
        SELECT id, ruta, principal
        FROM imagenes_autos
        WHERE auto_id = ?
        ORDER BY principal DESC, id ASC
    
[2025-11-17 19:03:45] Imágenes encontradas para auto 17: 4
[2025-11-17 19:03:45] Ruta original BD: uploads/car_691b5d85cb6ca3.20992780.jpg
[2025-11-17 19:03:45] Ruta normalizada enviada al front: uploads/car_691b5d85cb6ca3.20992780.jpg
[2025-11-17 19:03:45] Ruta original BD: uploads/car_691b5d85c64370.70952560.jpg
[2025-11-17 19:03:45] Ruta normalizada enviada al front: uploads/car_691b5d85c64370.70952560.jpg
[2025-11-17 19:03:45] Ruta original BD: uploads/car_691b5d85ca3493.62482036.jpg
[2025-11-17 19:03:45] Ruta normalizada enviada al front: uploads/car_691b5d85ca3493.62482036.jpg
[2025-11-17 19:03:45] Ruta original BD: uploads/car_691b5d85cd8a14.42847139.jpg
[2025-11-17 19:03:45] Ruta normalizada enviada al front: uploads/car_691b5d85cd8a14.42847139.jpg
[2025-11-17 19:03:45] Procesando auto ID: 16
[2025-11-17 19:03:45] SQL Img: 
        SELECT id, ruta, principal
        FROM imagenes_autos
        WHERE auto_id = ?
        ORDER BY principal DESC, id ASC
    
[2025-11-17 19:03:45] Imágenes encontradas para auto 16: 3
[2025-11-17 19:03:45] Ruta original BD: uploads/car_691b3bc01196d7.21033446.jpg
[2025-11-17 19:03:45] Ruta normalizada enviada al front: uploads/car_691b3bc01196d7.21033446.jpg
[2025-11-17 19:03:45] Ruta original BD: uploads/img_691b5fdb9c4913.98326475.jpg
[2025-11-17 19:03:45] Ruta normalizada enviada al front: uploads/img_691b5fdb9c4913.98326475.jpg
[2025-11-17 19:03:45] Ruta original BD: uploads/img_691b5fdb9ea8a6.91773331.jpg
[2025-11-17 19:03:45] Ruta normalizada enviada al front: uploads/img_691b5fdb9ea8a6.91773331.jpg
[2025-11-17 19:03:45] Procesando auto ID: 15
[2025-11-17 19:03:45] SQL Img: 
        SELECT id, ruta, principal
        FROM imagenes_autos
        WHERE auto_id = ?
        ORDER BY principal DESC, id ASC
    
[2025-11-17 19:03:45] Imágenes encontradas para auto 15: 3
[2025-11-17 19:03:45] Ruta original BD: uploads/car_691b3a135ccfc6.70908182.jpg
[2025-11-17 19:03:45] Ruta normalizada enviada al front: uploads/car_691b3a135ccfc6.70908182.jpg
[2025-11-17 19:03:45] Ruta original BD: uploads/car_691b3a135b5642.01824040.jpg
[2025-11-17 19:03:45] Ruta normalizada enviada al front: uploads/car_691b3a135b5642.01824040.jpg
[2025-11-17 19:03:45] Ruta original BD: uploads/car_691b3a135e14d0.27122190.jpg
[2025-11-17 19:03:45] Ruta normalizada enviada al front: uploads/car_691b3a135e14d0.27122190.jpg
[2025-11-17 19:03:45] Procesando auto ID: 14
[2025-11-17 19:03:45] SQL Img: 
        SELECT id, ruta, principal
        FROM imagenes_autos
        WHERE auto_id = ?
        ORDER BY principal DESC, id ASC
    
[2025-11-17 19:03:45] Imágenes encontradas para auto 14: 3
[2025-11-17 19:03:45] Ruta original BD: uploads/car_691b2eaa0a46a4.03821122.jpg
[2025-11-17 19:03:45] Ruta normalizada enviada al front: uploads/car_691b2eaa0a46a4.03821122.jpg
[2025-11-17 19:03:45] Ruta original BD: uploads/car_691b2fdfb30907.21434018.jpg
[2025-11-17 19:03:45] Ruta normalizada enviada al front: uploads/car_691b2fdfb30907.21434018.jpg
[2025-11-17 19:03:45] Ruta original BD: uploads/img_691b38c60d8994.77930618.jpg
[2025-11-17 19:03:45] Ruta normalizada enviada al front: uploads/img_691b38c60d8994.77930618.jpg
[2025-11-17 19:03:45] Total autos procesados: 4
[2025-11-17 19:03:45] === FIN get_autos.php ===
[2025-11-17 19:03:54] === Iniciando get_autos.php ===
[2025-11-17 19:03:54] SQL Autos: SELECT 
            id, vin, marca, modelo, anio, precio, millaje, 
            combustible, drive_train, descripcion, destacado, 
            estado, fecha_publicacion
        FROM autos 
        ORDER BY id DESC
[2025-11-17 19:03:54] Autos encontrados: 4
[2025-11-17 19:03:54] Procesando auto ID: 17
[2025-11-17 19:03:54] SQL Img: 
        SELECT id, ruta, principal
        FROM imagenes_autos
        WHERE auto_id = ?
        ORDER BY principal DESC, id ASC
    
[2025-11-17 19:03:54] Imágenes encontradas para auto 17: 4
[2025-11-17 19:03:54] Ruta original BD: uploads/car_691b5d85cb6ca3.20992780.jpg
[2025-11-17 19:03:54] Ruta normalizada enviada al front: uploads/car_691b5d85cb6ca3.20992780.jpg
[2025-11-17 19:03:54] Ruta original BD: uploads/car_691b5d85c64370.70952560.jpg
[2025-11-17 19:03:54] Ruta normalizada enviada al front: uploads/car_691b5d85c64370.70952560.jpg
[2025-11-17 19:03:54] Ruta original BD: uploads/car_691b5d85ca3493.62482036.jpg
[2025-11-17 19:03:54] Ruta normalizada enviada al front: uploads/car_691b5d85ca3493.62482036.jpg
[2025-11-17 19:03:54] Ruta original BD: uploads/car_691b5d85cd8a14.42847139.jpg
[2025-11-17 19:03:54] Ruta normalizada enviada al front: uploads/car_691b5d85cd8a14.42847139.jpg
[2025-11-17 19:03:54] Procesando auto ID: 16
[2025-11-17 19:03:54] SQL Img: 
        SELECT id, ruta, principal
        FROM imagenes_autos
        WHERE auto_id = ?
        ORDER BY principal DESC, id ASC
    
[2025-11-17 19:03:54] Imágenes encontradas para auto 16: 3
[2025-11-17 19:03:54] Ruta original BD: uploads/car_691b3bc01196d7.21033446.jpg
[2025-11-17 19:03:54] Ruta normalizada enviada al front: uploads/car_691b3bc01196d7.21033446.jpg
[2025-11-17 19:03:54] Ruta original BD: uploads/img_691b5fdb9c4913.98326475.jpg
[2025-11-17 19:03:54] Ruta normalizada enviada al front: uploads/img_691b5fdb9c4913.98326475.jpg
[2025-11-17 19:03:54] Ruta original BD: uploads/img_691b5fdb9ea8a6.91773331.jpg
[2025-11-17 19:03:54] Ruta normalizada enviada al front: uploads/img_691b5fdb9ea8a6.91773331.jpg
[2025-11-17 19:03:54] Procesando auto ID: 15
[2025-11-17 19:03:54] SQL Img: 
        SELECT id, ruta, principal
        FROM imagenes_autos
        WHERE auto_id = ?
        ORDER BY principal DESC, id ASC
    
[2025-11-17 19:03:54] Imágenes encontradas para auto 15: 3
[2025-11-17 19:03:54] Ruta original BD: uploads/car_691b3a135ccfc6.70908182.jpg
[2025-11-17 19:03:54] Ruta normalizada enviada al front: uploads/car_691b3a135ccfc6.70908182.jpg
[2025-11-17 19:03:54] Ruta original BD: uploads/car_691b3a135b5642.01824040.jpg
[2025-11-17 19:03:54] Ruta normalizada enviada al front: uploads/car_691b3a135b5642.01824040.jpg
[2025-11-17 19:03:54] Ruta original BD: uploads/car_691b3a135e14d0.27122190.jpg
[2025-11-17 19:03:54] Ruta normalizada enviada al front: uploads/car_691b3a135e14d0.27122190.jpg
[2025-11-17 19:03:54] Procesando auto ID: 14
[2025-11-17 19:03:54] SQL Img: 
        SELECT id, ruta, principal
        FROM imagenes_autos
        WHERE auto_id = ?
        ORDER BY principal DESC, id ASC
    
[2025-11-17 19:03:54] Imágenes encontradas para auto 14: 3
[2025-11-17 19:03:54] Ruta original BD: uploads/car_691b2eaa0a46a4.03821122.jpg
[2025-11-17 19:03:54] Ruta normalizada enviada al front: uploads/car_691b2eaa0a46a4.03821122.jpg
[2025-11-17 19:03:54] Ruta original BD: uploads/car_691b2fdfb30907.21434018.jpg
[2025-11-17 19:03:54] Ruta normalizada enviada al front: uploads/car_691b2fdfb30907.21434018.jpg
[2025-11-17 19:03:54] Ruta original BD: uploads/img_691b38c60d8994.77930618.jpg
[2025-11-17 19:03:54] Ruta normalizada enviada al front: uploads/img_691b38c60d8994.77930618.jpg
[2025-11-17 19:03:54] Total autos procesados: 4
[2025-11-17 19:03:54] === FIN get_autos.php ===
[2025-11-17 19:03:59] === Iniciando get_autos.php ===
[2025-11-17 19:03:59] SQL Autos: SELECT 
            id, vin, marca, modelo, anio, precio, millaje, 
            combustible, drive_train, descripcion, destacado, 
            estado, fecha_publicacion
        FROM autos 
        ORDER BY id DESC
[2025-11-17 19:03:59] Autos encontrados: 4
[2025-11-17 19:03:59] Procesando auto ID: 17
[2025-11-17 19:03:59] SQL Img: 
        SELECT id, ruta, principal
        FROM imagenes_autos
        WHERE auto_id = ?
        ORDER BY principal DESC, id ASC
    
[2025-11-17 19:03:59] Imágenes encontradas para auto 17: 4
[2025-11-17 19:03:59] Ruta original BD: uploads/car_691b5d85cb6ca3.20992780.jpg
[2025-11-17 19:03:59] Ruta normalizada enviada al front: uploads/car_691b5d85cb6ca3.20992780.jpg
[2025-11-17 19:03:59] Ruta original BD: uploads/car_691b5d85c64370.70952560.jpg
[2025-11-17 19:03:59] Ruta normalizada enviada al front: uploads/car_691b5d85c64370.70952560.jpg
[2025-11-17 19:03:59] Ruta original BD: uploads/car_691b5d85ca3493.62482036.jpg
[2025-11-17 19:03:59] Ruta normalizada enviada al front: uploads/car_691b5d85ca3493.62482036.jpg
[2025-11-17 19:03:59] Ruta original BD: uploads/car_691b5d85cd8a14.42847139.jpg
[2025-11-17 19:03:59] Ruta normalizada enviada al front: uploads/car_691b5d85cd8a14.42847139.jpg
[2025-11-17 19:03:59] Procesando auto ID: 16
[2025-11-17 19:03:59] SQL Img: 
        SELECT id, ruta, principal
        FROM imagenes_autos
        WHERE auto_id = ?
        ORDER BY principal DESC, id ASC
    
[2025-11-17 19:03:59] Imágenes encontradas para auto 16: 3
[2025-11-17 19:03:59] Ruta original BD: uploads/car_691b3bc01196d7.21033446.jpg
[2025-11-17 19:03:59] Ruta normalizada enviada al front: uploads/car_691b3bc01196d7.21033446.jpg
[2025-11-17 19:03:59] Ruta original BD: uploads/img_691b5fdb9c4913.98326475.jpg
[2025-11-17 19:03:59] Ruta normalizada enviada al front: uploads/img_691b5fdb9c4913.98326475.jpg
[2025-11-17 19:03:59] Ruta original BD: uploads/img_691b5fdb9ea8a6.91773331.jpg
[2025-11-17 19:03:59] Ruta normalizada enviada al front: uploads/img_691b5fdb9ea8a6.91773331.jpg
[2025-11-17 19:03:59] Procesando auto ID: 15
[2025-11-17 19:03:59] SQL Img: 
        SELECT id, ruta, principal
        FROM imagenes_autos
        WHERE auto_id = ?
        ORDER BY principal DESC, id ASC
    
[2025-11-17 19:03:59] Imágenes encontradas para auto 15: 3
[2025-11-17 19:03:59] Ruta original BD: uploads/car_691b3a135ccfc6.70908182.jpg
[2025-11-17 19:03:59] Ruta normalizada enviada al front: uploads/car_691b3a135ccfc6.70908182.jpg
[2025-11-17 19:03:59] Ruta original BD: uploads/car_691b3a135b5642.01824040.jpg
[2025-11-17 19:03:59] Ruta normalizada enviada al front: uploads/car_691b3a135b5642.01824040.jpg
[2025-11-17 19:03:59] Ruta original BD: uploads/car_691b3a135e14d0.27122190.jpg
[2025-11-17 19:03:59] Ruta normalizada enviada al front: uploads/car_691b3a135e14d0.27122190.jpg
[2025-11-17 19:03:59] Procesando auto ID: 14
[2025-11-17 19:03:59] SQL Img: 
        SELECT id, ruta, principal
        FROM imagenes_autos
        WHERE auto_id = ?
        ORDER BY principal DESC, id ASC
    
[2025-11-17 19:03:59] Imágenes encontradas para auto 14: 3
[2025-11-17 19:03:59] Ruta original BD: uploads/car_691b2eaa0a46a4.03821122.jpg
[2025-11-17 19:03:59] Ruta normalizada enviada al front: uploads/car_691b2eaa0a46a4.03821122.jpg
[2025-11-17 19:03:59] Ruta original BD: uploads/car_691b2fdfb30907.21434018.jpg
[2025-11-17 19:03:59] Ruta normalizada enviada al front: uploads/car_691b2fdfb30907.21434018.jpg
[2025-11-17 19:03:59] Ruta original BD: uploads/img_691b38c60d8994.77930618.jpg
[2025-11-17 19:03:59] Ruta normalizada enviada al front: uploads/img_691b38c60d8994.77930618.jpg
[2025-11-17 19:03:59] Total autos procesados: 4
[2025-11-17 19:03:59] === FIN get_autos.php ===
[2025-11-17 19:05:09] === Iniciando get_autos.php ===
[2025-11-17 19:05:09] SQL Autos: SELECT 
            id, vin, marca, modelo, anio, precio, millaje, 
            combustible, drive_train, descripcion, destacado, 
            estado, fecha_publicacion
        FROM autos 
        ORDER BY id DESC
[2025-11-17 19:05:09] Autos encontrados: 4
[2025-11-17 19:05:09] Procesando auto ID: 17
[2025-11-17 19:05:09] SQL Img: 
        SELECT id, ruta, principal
        FROM imagenes_autos
        WHERE auto_id = ?
        ORDER BY principal DESC, id ASC
    
[2025-11-17 19:05:09] Imágenes encontradas para auto 17: 4
[2025-11-17 19:05:09] Ruta original BD: uploads/car_691b5d85cb6ca3.20992780.jpg
[2025-11-17 19:05:09] Ruta normalizada enviada al front: uploads/car_691b5d85cb6ca3.20992780.jpg
[2025-11-17 19:05:09] Ruta original BD: uploads/car_691b5d85c64370.70952560.jpg
[2025-11-17 19:05:09] Ruta normalizada enviada al front: uploads/car_691b5d85c64370.70952560.jpg
[2025-11-17 19:05:09] Ruta original BD: uploads/car_691b5d85ca3493.62482036.jpg
[2025-11-17 19:05:09] Ruta normalizada enviada al front: uploads/car_691b5d85ca3493.62482036.jpg
[2025-11-17 19:05:09] Ruta original BD: uploads/car_691b5d85cd8a14.42847139.jpg
[2025-11-17 19:05:09] Ruta normalizada enviada al front: uploads/car_691b5d85cd8a14.42847139.jpg
[2025-11-17 19:05:09] Procesando auto ID: 16
[2025-11-17 19:05:09] SQL Img: 
        SELECT id, ruta, principal
        FROM imagenes_autos
        WHERE auto_id = ?
        ORDER BY principal DESC, id ASC
    
[2025-11-17 19:05:09] Imágenes encontradas para auto 16: 3
[2025-11-17 19:05:09] Ruta original BD: uploads/car_691b3bc01196d7.21033446.jpg
[2025-11-17 19:05:09] Ruta normalizada enviada al front: uploads/car_691b3bc01196d7.21033446.jpg
[2025-11-17 19:05:09] Ruta original BD: uploads/img_691b5fdb9c4913.98326475.jpg
[2025-11-17 19:05:09] Ruta normalizada enviada al front: uploads/img_691b5fdb9c4913.98326475.jpg
[2025-11-17 19:05:09] Ruta original BD: uploads/img_691b5fdb9ea8a6.91773331.jpg
[2025-11-17 19:05:09] Ruta normalizada enviada al front: uploads/img_691b5fdb9ea8a6.91773331.jpg
[2025-11-17 19:05:09] Procesando auto ID: 15
[2025-11-17 19:05:09] SQL Img: 
        SELECT id, ruta, principal
        FROM imagenes_autos
        WHERE auto_id = ?
        ORDER BY principal DESC, id ASC
    
[2025-11-17 19:05:09] Imágenes encontradas para auto 15: 3
[2025-11-17 19:05:09] Ruta original BD: uploads/car_691b3a135ccfc6.70908182.jpg
[2025-11-17 19:05:09] Ruta normalizada enviada al front: uploads/car_691b3a135ccfc6.70908182.jpg
[2025-11-17 19:05:09] Ruta original BD: uploads/car_691b3a135b5642.01824040.jpg
[2025-11-17 19:05:09] Ruta normalizada enviada al front: uploads/car_691b3a135b5642.01824040.jpg
[2025-11-17 19:05:09] Ruta original BD: uploads/car_691b3a135e14d0.27122190.jpg
[2025-11-17 19:05:09] Ruta normalizada enviada al front: uploads/car_691b3a135e14d0.27122190.jpg
[2025-11-17 19:05:09] Procesando auto ID: 14
[2025-11-17 19:05:09] SQL Img: 
        SELECT id, ruta, principal
        FROM imagenes_autos
        WHERE auto_id = ?
        ORDER BY principal DESC, id ASC
    
[2025-11-17 19:05:09] Imágenes encontradas para auto 14: 3
[2025-11-17 19:05:09] Ruta original BD: uploads/car_691b2eaa0a46a4.03821122.jpg
[2025-11-17 19:05:09] Ruta normalizada enviada al front: uploads/car_691b2eaa0a46a4.03821122.jpg
[2025-11-17 19:05:09] Ruta original BD: uploads/car_691b2fdfb30907.21434018.jpg
[2025-11-17 19:05:09] Ruta normalizada enviada al front: uploads/car_691b2fdfb30907.21434018.jpg
[2025-11-17 19:05:09] Ruta original BD: uploads/img_691b38c60d8994.77930618.jpg
[2025-11-17 19:05:09] Ruta normalizada enviada al front: uploads/img_691b38c60d8994.77930618.jpg
[2025-11-17 19:05:09] Total autos procesados: 4
[2025-11-17 19:05:09] === FIN get_autos.php ===
[2025-11-17 19:05:29] === Iniciando get_autos.php ===
[2025-11-17 19:05:29] SQL Autos: SELECT 
            id, vin, marca, modelo, anio, precio, millaje, 
            combustible, drive_train, descripcion, destacado, 
            estado, fecha_publicacion
        FROM autos 
        ORDER BY id DESC
[2025-11-17 19:05:29] Autos encontrados: 4
[2025-11-17 19:05:29] Procesando auto ID: 17
[2025-11-17 19:05:29] SQL Img: 
        SELECT id, ruta, principal
        FROM imagenes_autos
        WHERE auto_id = ?
        ORDER BY principal DESC, id ASC
    
[2025-11-17 19:05:29] Imágenes encontradas para auto 17: 4
[2025-11-17 19:05:29] Ruta original BD: uploads/car_691b5d85cb6ca3.20992780.jpg
[2025-11-17 19:05:29] Ruta normalizada enviada al front: uploads/car_691b5d85cb6ca3.20992780.jpg
[2025-11-17 19:05:29] Ruta original BD: uploads/car_691b5d85c64370.70952560.jpg
[2025-11-17 19:05:29] Ruta normalizada enviada al front: uploads/car_691b5d85c64370.70952560.jpg
[2025-11-17 19:05:29] Ruta original BD: uploads/car_691b5d85ca3493.62482036.jpg
[2025-11-17 19:05:29] Ruta normalizada enviada al front: uploads/car_691b5d85ca3493.62482036.jpg
[2025-11-17 19:05:29] Ruta original BD: uploads/car_691b5d85cd8a14.42847139.jpg
[2025-11-17 19:05:29] Ruta normalizada enviada al front: uploads/car_691b5d85cd8a14.42847139.jpg
[2025-11-17 19:05:29] Procesando auto ID: 16
[2025-11-17 19:05:29] SQL Img: 
        SELECT id, ruta, principal
        FROM imagenes_autos
        WHERE auto_id = ?
        ORDER BY principal DESC, id ASC
    
[2025-11-17 19:05:29] Imágenes encontradas para auto 16: 3
[2025-11-17 19:05:29] Ruta original BD: uploads/car_691b3bc01196d7.21033446.jpg
[2025-11-17 19:05:29] Ruta normalizada enviada al front: uploads/car_691b3bc01196d7.21033446.jpg
[2025-11-17 19:05:29] Ruta original BD: uploads/img_691b5fdb9c4913.98326475.jpg
[2025-11-17 19:05:29] Ruta normalizada enviada al front: uploads/img_691b5fdb9c4913.98326475.jpg
[2025-11-17 19:05:29] Ruta original BD: uploads/img_691b5fdb9ea8a6.91773331.jpg
[2025-11-17 19:05:29] Ruta normalizada enviada al front: uploads/img_691b5fdb9ea8a6.91773331.jpg
[2025-11-17 19:05:29] Procesando auto ID: 15
[2025-11-17 19:05:29] SQL Img: 
        SELECT id, ruta, principal
        FROM imagenes_autos
        WHERE auto_id = ?
        ORDER BY principal DESC, id ASC
    
[2025-11-17 19:05:29] Imágenes encontradas para auto 15: 3
[2025-11-17 19:05:29] Ruta original BD: uploads/car_691b3a135ccfc6.70908182.jpg
[2025-11-17 19:05:29] Ruta normalizada enviada al front: uploads/car_691b3a135ccfc6.70908182.jpg
[2025-11-17 19:05:29] Ruta original BD: uploads/car_691b3a135b5642.01824040.jpg
[2025-11-17 19:05:29] Ruta normalizada enviada al front: uploads/car_691b3a135b5642.01824040.jpg
[2025-11-17 19:05:29] Ruta original BD: uploads/car_691b3a135e14d0.27122190.jpg
[2025-11-17 19:05:29] Ruta normalizada enviada al front: uploads/car_691b3a135e14d0.27122190.jpg
[2025-11-17 19:05:29] Procesando auto ID: 14
[2025-11-17 19:05:29] SQL Img: 
        SELECT id, ruta, principal
        FROM imagenes_autos
        WHERE auto_id = ?
        ORDER BY principal DESC, id ASC
    
[2025-11-17 19:05:29] Imágenes encontradas para auto 14: 3
[2025-11-17 19:05:29] Ruta original BD: uploads/car_691b2eaa0a46a4.03821122.jpg
[2025-11-17 19:05:29] Ruta normalizada enviada al front: uploads/car_691b2eaa0a46a4.03821122.jpg
[2025-11-17 19:05:29] Ruta original BD: uploads/car_691b2fdfb30907.21434018.jpg
[2025-11-17 19:05:29] Ruta normalizada enviada al front: uploads/car_691b2fdfb30907.21434018.jpg
[2025-11-17 19:05:29] Ruta original BD: uploads/img_691b38c60d8994.77930618.jpg
[2025-11-17 19:05:29] Ruta normalizada enviada al front: uploads/img_691b38c60d8994.77930618.jpg
[2025-11-17 19:05:29] Total autos procesados: 4
[2025-11-17 19:05:29] === FIN get_autos.php ===
[2025-11-17 19:10:15] === Iniciando get_autos.php ===
[2025-11-17 19:10:15] SQL Autos: SELECT 
            id, vin, marca, modelo, anio, precio, millaje, 
            combustible, drive_train, descripcion, destacado, 
            estado, fecha_publicacion
        FROM autos 
        ORDER BY id DESC
[2025-11-17 19:10:15] Autos encontrados: 4
[2025-11-17 19:10:15] Procesando auto ID: 17
[2025-11-17 19:10:15] SQL Img: 
        SELECT id, ruta, principal
        FROM imagenes_autos
        WHERE auto_id = ?
        ORDER BY principal DESC, id ASC
    
[2025-11-17 19:10:15] Imágenes encontradas para auto 17: 4
[2025-11-17 19:10:15] Ruta original BD: uploads/car_691b5d85cb6ca3.20992780.jpg
[2025-11-17 19:10:15] Ruta normalizada enviada al front: uploads/car_691b5d85cb6ca3.20992780.jpg
[2025-11-17 19:10:15] Ruta original BD: uploads/car_691b5d85c64370.70952560.jpg
[2025-11-17 19:10:15] Ruta normalizada enviada al front: uploads/car_691b5d85c64370.70952560.jpg
[2025-11-17 19:10:15] Ruta original BD: uploads/car_691b5d85ca3493.62482036.jpg
[2025-11-17 19:10:15] Ruta normalizada enviada al front: uploads/car_691b5d85ca3493.62482036.jpg
[2025-11-17 19:10:15] Ruta original BD: uploads/car_691b5d85cd8a14.42847139.jpg
[2025-11-17 19:10:15] Ruta normalizada enviada al front: uploads/car_691b5d85cd8a14.42847139.jpg
[2025-11-17 19:10:15] Procesando auto ID: 16
[2025-11-17 19:10:15] SQL Img: 
        SELECT id, ruta, principal
        FROM imagenes_autos
        WHERE auto_id = ?
        ORDER BY principal DESC, id ASC
    
[2025-11-17 19:10:15] Imágenes encontradas para auto 16: 3
[2025-11-17 19:10:15] Ruta original BD: uploads/car_691b3bc01196d7.21033446.jpg
[2025-11-17 19:10:15] Ruta normalizada enviada al front: uploads/car_691b3bc01196d7.21033446.jpg
[2025-11-17 19:10:15] Ruta original BD: uploads/img_691b5fdb9c4913.98326475.jpg
[2025-11-17 19:10:15] Ruta normalizada enviada al front: uploads/img_691b5fdb9c4913.98326475.jpg
[2025-11-17 19:10:15] Ruta original BD: uploads/img_691b5fdb9ea8a6.91773331.jpg
[2025-11-17 19:10:15] Ruta normalizada enviada al front: uploads/img_691b5fdb9ea8a6.91773331.jpg
[2025-11-17 19:10:15] Procesando auto ID: 15
[2025-11-17 19:10:15] SQL Img: 
        SELECT id, ruta, principal
        FROM imagenes_autos
        WHERE auto_id = ?
        ORDER BY principal DESC, id ASC
    
[2025-11-17 19:10:15] Imágenes encontradas para auto 15: 3
[2025-11-17 19:10:15] Ruta original BD: uploads/car_691b3a135ccfc6.70908182.jpg
[2025-11-17 19:10:15] Ruta normalizada enviada al front: uploads/car_691b3a135ccfc6.70908182.jpg
[2025-11-17 19:10:15] Ruta original BD: uploads/car_691b3a135b5642.01824040.jpg
[2025-11-17 19:10:15] Ruta normalizada enviada al front: uploads/car_691b3a135b5642.01824040.jpg
[2025-11-17 19:10:15] Ruta original BD: uploads/car_691b3a135e14d0.27122190.jpg
[2025-11-17 19:10:15] Ruta normalizada enviada al front: uploads/car_691b3a135e14d0.27122190.jpg
[2025-11-17 19:10:15] Procesando auto ID: 14
[2025-11-17 19:10:15] SQL Img: 
        SELECT id, ruta, principal
        FROM imagenes_autos
        WHERE auto_id = ?
        ORDER BY principal DESC, id ASC
    
[2025-11-17 19:10:15] Imágenes encontradas para auto 14: 3
[2025-11-17 19:10:15] Ruta original BD: uploads/car_691b2eaa0a46a4.03821122.jpg
[2025-11-17 19:10:15] Ruta normalizada enviada al front: uploads/car_691b2eaa0a46a4.03821122.jpg
[2025-11-17 19:10:15] Ruta original BD: uploads/car_691b2fdfb30907.21434018.jpg
[2025-11-17 19:10:15] Ruta normalizada enviada al front: uploads/car_691b2fdfb30907.21434018.jpg
[2025-11-17 19:10:15] Ruta original BD: uploads/img_691b38c60d8994.77930618.jpg
[2025-11-17 19:10:15] Ruta normalizada enviada al front: uploads/img_691b38c60d8994.77930618.jpg
[2025-11-17 19:10:15] Total autos procesados: 4
[2025-11-17 19:10:15] === FIN get_autos.php ===
[2025-11-17 19:13:22] === Iniciando get_autos.php ===
[2025-11-17 19:13:22] SQL Autos: SELECT 
            id, vin, marca, modelo, anio, precio, millaje, 
            combustible, drive_train, descripcion, destacado, 
            estado, fecha_publicacion
        FROM autos 
        ORDER BY id DESC
[2025-11-17 19:13:22] Autos encontrados: 4
[2025-11-17 19:13:22] Procesando auto ID: 17
[2025-11-17 19:13:22] SQL Img: 
        SELECT id, ruta, principal
        FROM imagenes_autos
        WHERE auto_id = ?
        ORDER BY principal DESC, id ASC
    
[2025-11-17 19:13:22] Imágenes encontradas para auto 17: 4
[2025-11-17 19:13:22] Ruta original BD: uploads/car_691b5d85cb6ca3.20992780.jpg
[2025-11-17 19:13:22] Ruta normalizada enviada al front: uploads/car_691b5d85cb6ca3.20992780.jpg
[2025-11-17 19:13:22] Ruta original BD: uploads/car_691b5d85c64370.70952560.jpg
[2025-11-17 19:13:22] Ruta normalizada enviada al front: uploads/car_691b5d85c64370.70952560.jpg
[2025-11-17 19:13:22] Ruta original BD: uploads/car_691b5d85ca3493.62482036.jpg
[2025-11-17 19:13:22] Ruta normalizada enviada al front: uploads/car_691b5d85ca3493.62482036.jpg
[2025-11-17 19:13:22] Ruta original BD: uploads/car_691b5d85cd8a14.42847139.jpg
[2025-11-17 19:13:22] Ruta normalizada enviada al front: uploads/car_691b5d85cd8a14.42847139.jpg
[2025-11-17 19:13:22] Procesando auto ID: 16
[2025-11-17 19:13:22] SQL Img: 
        SELECT id, ruta, principal
        FROM imagenes_autos
        WHERE auto_id = ?
        ORDER BY principal DESC, id ASC
    
[2025-11-17 19:13:22] Imágenes encontradas para auto 16: 3
[2025-11-17 19:13:22] Ruta original BD: uploads/car_691b3bc01196d7.21033446.jpg
[2025-11-17 19:13:22] Ruta normalizada enviada al front: uploads/car_691b3bc01196d7.21033446.jpg
[2025-11-17 19:13:22] Ruta original BD: uploads/img_691b5fdb9c4913.98326475.jpg
[2025-11-17 19:13:22] Ruta normalizada enviada al front: uploads/img_691b5fdb9c4913.98326475.jpg
[2025-11-17 19:13:22] Ruta original BD: uploads/img_691b5fdb9ea8a6.91773331.jpg
[2025-11-17 19:13:22] Ruta normalizada enviada al front: uploads/img_691b5fdb9ea8a6.91773331.jpg
[2025-11-17 19:13:22] Procesando auto ID: 15
[2025-11-17 19:13:22] SQL Img: 
        SELECT id, ruta, principal
        FROM imagenes_autos
        WHERE auto_id = ?
        ORDER BY principal DESC, id ASC
    
[2025-11-17 19:13:22] Imágenes encontradas para auto 15: 3
[2025-11-17 19:13:22] Ruta original BD: uploads/car_691b3a135ccfc6.70908182.jpg
[2025-11-17 19:13:22] Ruta normalizada enviada al front: uploads/car_691b3a135ccfc6.70908182.jpg
[2025-11-17 19:13:22] Ruta original BD: uploads/car_691b3a135b5642.01824040.jpg
[2025-11-17 19:13:22] Ruta normalizada enviada al front: uploads/car_691b3a135b5642.01824040.jpg
[2025-11-17 19:13:22] Ruta original BD: uploads/car_691b3a135e14d0.27122190.jpg
[2025-11-17 19:13:22] Ruta normalizada enviada al front: uploads/car_691b3a135e14d0.27122190.jpg
[2025-11-17 19:13:22] Procesando auto ID: 14
[2025-11-17 19:13:22] SQL Img: 
        SELECT id, ruta, principal
        FROM imagenes_autos
        WHERE auto_id = ?
        ORDER BY principal DESC, id ASC
    
[2025-11-17 19:13:22] Imágenes encontradas para auto 14: 3
[2025-11-17 19:13:22] Ruta original BD: uploads/car_691b2eaa0a46a4.03821122.jpg
[2025-11-17 19:13:22] Ruta normalizada enviada al front: uploads/car_691b2eaa0a46a4.03821122.jpg
[2025-11-17 19:13:22] Ruta original BD: uploads/car_691b2fdfb30907.21434018.jpg
[2025-11-17 19:13:22] Ruta normalizada enviada al front: uploads/car_691b2fdfb30907.21434018.jpg
[2025-11-17 19:13:22] Ruta original BD: uploads/img_691b38c60d8994.77930618.jpg
[2025-11-17 19:13:22] Ruta normalizada enviada al front: uploads/img_691b38c60d8994.77930618.jpg
[2025-11-17 19:13:22] Total autos procesados: 4
[2025-11-17 19:13:22] === FIN get_autos.php ===
[2025-11-17 19:20:36] === Iniciando get_autos.php ===
[2025-11-17 19:20:36] SQL Autos: SELECT 
            id, vin, marca, modelo, anio, precio, millaje, 
            combustible, drive_train, descripcion, destacado, 
            estado, fecha_publicacion
        FROM autos 
        ORDER BY id DESC
[2025-11-17 19:20:36] Autos encontrados: 4
[2025-11-17 19:20:36] Procesando auto ID: 17
[2025-11-17 19:20:36] SQL Img: 
        SELECT id, ruta, principal
        FROM imagenes_autos
        WHERE auto_id = ?
        ORDER BY principal DESC, id ASC
    
[2025-11-17 19:20:36] Imágenes encontradas para auto 17: 4
[2025-11-17 19:20:36] Ruta original BD: uploads/car_691b5d85cb6ca3.20992780.jpg
[2025-11-17 19:20:36] Ruta normalizada enviada al front: uploads/car_691b5d85cb6ca3.20992780.jpg
[2025-11-17 19:20:36] Ruta original BD: uploads/car_691b5d85c64370.70952560.jpg
[2025-11-17 19:20:36] Ruta normalizada enviada al front: uploads/car_691b5d85c64370.70952560.jpg
[2025-11-17 19:20:36] Ruta original BD: uploads/car_691b5d85ca3493.62482036.jpg
[2025-11-17 19:20:36] Ruta normalizada enviada al front: uploads/car_691b5d85ca3493.62482036.jpg
[2025-11-17 19:20:36] Ruta original BD: uploads/car_691b5d85cd8a14.42847139.jpg
[2025-11-17 19:20:36] Ruta normalizada enviada al front: uploads/car_691b5d85cd8a14.42847139.jpg
[2025-11-17 19:20:36] Procesando auto ID: 16
[2025-11-17 19:20:36] SQL Img: 
        SELECT id, ruta, principal
        FROM imagenes_autos
        WHERE auto_id = ?
        ORDER BY principal DESC, id ASC
    
[2025-11-17 19:20:36] Imágenes encontradas para auto 16: 3
[2025-11-17 19:20:36] Ruta original BD: uploads/car_691b3bc01196d7.21033446.jpg
[2025-11-17 19:20:36] Ruta normalizada enviada al front: uploads/car_691b3bc01196d7.21033446.jpg
[2025-11-17 19:20:36] Ruta original BD: uploads/img_691b5fdb9c4913.98326475.jpg
[2025-11-17 19:20:36] Ruta normalizada enviada al front: uploads/img_691b5fdb9c4913.98326475.jpg
[2025-11-17 19:20:36] Ruta original BD: uploads/img_691b5fdb9ea8a6.91773331.jpg
[2025-11-17 19:20:36] Ruta normalizada enviada al front: uploads/img_691b5fdb9ea8a6.91773331.jpg
[2025-11-17 19:20:36] Procesando auto ID: 15
[2025-11-17 19:20:36] SQL Img: 
        SELECT id, ruta, principal
        FROM imagenes_autos
        WHERE auto_id = ?
        ORDER BY principal DESC, id ASC
    
[2025-11-17 19:20:36] Imágenes encontradas para auto 15: 3
[2025-11-17 19:20:36] Ruta original BD: uploads/car_691b3a135ccfc6.70908182.jpg
[2025-11-17 19:20:36] Ruta normalizada enviada al front: uploads/car_691b3a135ccfc6.70908182.jpg
[2025-11-17 19:20:36] Ruta original BD: uploads/car_691b3a135b5642.01824040.jpg
[2025-11-17 19:20:36] Ruta normalizada enviada al front: uploads/car_691b3a135b5642.01824040.jpg
[2025-11-17 19:20:36] Ruta original BD: uploads/car_691b3a135e14d0.27122190.jpg
[2025-11-17 19:20:36] Ruta normalizada enviada al front: uploads/car_691b3a135e14d0.27122190.jpg
[2025-11-17 19:20:36] Procesando auto ID: 14
[2025-11-17 19:20:36] SQL Img: 
        SELECT id, ruta, principal
        FROM imagenes_autos
        WHERE auto_id = ?
        ORDER BY principal DESC, id ASC
    
[2025-11-17 19:20:36] Imágenes encontradas para auto 14: 3
[2025-11-17 19:20:36] Ruta original BD: uploads/car_691b2eaa0a46a4.03821122.jpg
[2025-11-17 19:20:36] Ruta normalizada enviada al front: uploads/car_691b2eaa0a46a4.03821122.jpg
[2025-11-17 19:20:36] Ruta original BD: uploads/car_691b2fdfb30907.21434018.jpg
[2025-11-17 19:20:36] Ruta normalizada enviada al front: uploads/car_691b2fdfb30907.21434018.jpg
[2025-11-17 19:20:36] Ruta original BD: uploads/img_691b38c60d8994.77930618.jpg
[2025-11-17 19:20:36] Ruta normalizada enviada al front: uploads/img_691b38c60d8994.77930618.jpg
[2025-11-17 19:20:36] Total autos procesados: 4
[2025-11-17 19:20:36] === FIN get_autos.php ===
[2025-11-17 19:21:13] === Iniciando get_autos.php ===
[2025-11-17 19:21:13] SQL Autos: SELECT 
            id, vin, marca, modelo, anio, precio, millaje, 
            combustible, drive_train, descripcion, destacado, 
            estado, fecha_publicacion
        FROM autos 
        ORDER BY id DESC
[2025-11-17 19:21:13] Autos encontrados: 4
[2025-11-17 19:21:13] Procesando auto ID: 17
[2025-11-17 19:21:13] SQL Img: 
        SELECT id, ruta, principal
        FROM imagenes_autos
        WHERE auto_id = ?
        ORDER BY principal DESC, id ASC
    
[2025-11-17 19:21:13] Imágenes encontradas para auto 17: 4
[2025-11-17 19:21:13] Ruta original BD: uploads/car_691b5d85cb6ca3.20992780.jpg
[2025-11-17 19:21:13] Ruta normalizada enviada al front: uploads/car_691b5d85cb6ca3.20992780.jpg
[2025-11-17 19:21:13] Ruta original BD: uploads/car_691b5d85c64370.70952560.jpg
[2025-11-17 19:21:13] Ruta normalizada enviada al front: uploads/car_691b5d85c64370.70952560.jpg
[2025-11-17 19:21:13] Ruta original BD: uploads/car_691b5d85ca3493.62482036.jpg
[2025-11-17 19:21:13] Ruta normalizada enviada al front: uploads/car_691b5d85ca3493.62482036.jpg
[2025-11-17 19:21:13] Ruta original BD: uploads/car_691b5d85cd8a14.42847139.jpg
[2025-11-17 19:21:13] Ruta normalizada enviada al front: uploads/car_691b5d85cd8a14.42847139.jpg
[2025-11-17 19:21:13] Procesando auto ID: 16
[2025-11-17 19:21:13] SQL Img: 
        SELECT id, ruta, principal
        FROM imagenes_autos
        WHERE auto_id = ?
        ORDER BY principal DESC, id ASC
    
[2025-11-17 19:21:13] Imágenes encontradas para auto 16: 3
[2025-11-17 19:21:13] Ruta original BD: uploads/car_691b3bc01196d7.21033446.jpg
[2025-11-17 19:21:13] Ruta normalizada enviada al front: uploads/car_691b3bc01196d7.21033446.jpg
[2025-11-17 19:21:13] Ruta original BD: uploads/img_691b5fdb9c4913.98326475.jpg
[2025-11-17 19:21:13] Ruta normalizada enviada al front: uploads/img_691b5fdb9c4913.98326475.jpg
[2025-11-17 19:21:13] Ruta original BD: uploads/img_691b5fdb9ea8a6.91773331.jpg
[2025-11-17 19:21:13] Ruta normalizada enviada al front: uploads/img_691b5fdb9ea8a6.91773331.jpg
[2025-11-17 19:21:13] Procesando auto ID: 15
[2025-11-17 19:21:13] SQL Img: 
        SELECT id, ruta, principal
        FROM imagenes_autos
        WHERE auto_id = ?
        ORDER BY principal DESC, id ASC
    
[2025-11-17 19:21:13] Imágenes encontradas para auto 15: 3
[2025-11-17 19:21:13] Ruta original BD: uploads/car_691b3a135ccfc6.70908182.jpg
[2025-11-17 19:21:13] Ruta normalizada enviada al front: uploads/car_691b3a135ccfc6.70908182.jpg
[2025-11-17 19:21:13] Ruta original BD: uploads/car_691b3a135b5642.01824040.jpg
[2025-11-17 19:21:13] Ruta normalizada enviada al front: uploads/car_691b3a135b5642.01824040.jpg
[2025-11-17 19:21:13] Ruta original BD: uploads/car_691b3a135e14d0.27122190.jpg
[2025-11-17 19:21:13] Ruta normalizada enviada al front: uploads/car_691b3a135e14d0.27122190.jpg
[2025-11-17 19:21:13] Procesando auto ID: 14
[2025-11-17 19:21:13] SQL Img: 
        SELECT id, ruta, principal
        FROM imagenes_autos
        WHERE auto_id = ?
        ORDER BY principal DESC, id ASC
    
[2025-11-17 19:21:13] Imágenes encontradas para auto 14: 3
[2025-11-17 19:21:13] Ruta original BD: uploads/car_691b2eaa0a46a4.03821122.jpg
[2025-11-17 19:21:13] Ruta normalizada enviada al front: uploads/car_691b2eaa0a46a4.03821122.jpg
[2025-11-17 19:21:13] Ruta original BD: uploads/car_691b2fdfb30907.21434018.jpg
[2025-11-17 19:21:13] Ruta normalizada enviada al front: uploads/car_691b2fdfb30907.21434018.jpg
[2025-11-17 19:21:13] Ruta original BD: uploads/img_691b38c60d8994.77930618.jpg
[2025-11-17 19:21:13] Ruta normalizada enviada al front: uploads/img_691b38c60d8994.77930618.jpg
[2025-11-17 19:21:13] Total autos procesados: 4
[2025-11-17 19:21:13] === FIN get_autos.php ===
[2025-11-17 19:21:31] === Iniciando get_autos.php ===
[2025-11-17 19:21:31] SQL Autos: SELECT 
            id, vin, marca, modelo, anio, precio, millaje, 
            combustible, drive_train, descripcion, destacado, 
            estado, fecha_publicacion
        FROM autos 
        ORDER BY id DESC
[2025-11-17 19:21:31] Autos encontrados: 4
[2025-11-17 19:21:31] Procesando auto ID: 17
[2025-11-17 19:21:31] SQL Img: 
        SELECT id, ruta, principal
        FROM imagenes_autos
        WHERE auto_id = ?
        ORDER BY principal DESC, id ASC
    
[2025-11-17 19:21:31] Imágenes encontradas para auto 17: 4
[2025-11-17 19:21:31] Ruta original BD: uploads/car_691b5d85cb6ca3.20992780.jpg
[2025-11-17 19:21:31] Ruta normalizada enviada al front: uploads/car_691b5d85cb6ca3.20992780.jpg
[2025-11-17 19:21:31] Ruta original BD: uploads/car_691b5d85c64370.70952560.jpg
[2025-11-17 19:21:31] Ruta normalizada enviada al front: uploads/car_691b5d85c64370.70952560.jpg
[2025-11-17 19:21:31] Ruta original BD: uploads/car_691b5d85ca3493.62482036.jpg
[2025-11-17 19:21:31] Ruta normalizada enviada al front: uploads/car_691b5d85ca3493.62482036.jpg
[2025-11-17 19:21:31] Ruta original BD: uploads/car_691b5d85cd8a14.42847139.jpg
[2025-11-17 19:21:31] Ruta normalizada enviada al front: uploads/car_691b5d85cd8a14.42847139.jpg
[2025-11-17 19:21:31] Procesando auto ID: 16
[2025-11-17 19:21:31] SQL Img: 
        SELECT id, ruta, principal
        FROM imagenes_autos
        WHERE auto_id = ?
        ORDER BY principal DESC, id ASC
    
[2025-11-17 19:21:31] Imágenes encontradas para auto 16: 3
[2025-11-17 19:21:31] Ruta original BD: uploads/car_691b3bc01196d7.21033446.jpg
[2025-11-17 19:21:31] Ruta normalizada enviada al front: uploads/car_691b3bc01196d7.21033446.jpg
[2025-11-17 19:21:31] Ruta original BD: uploads/img_691b5fdb9c4913.98326475.jpg
[2025-11-17 19:21:31] Ruta normalizada enviada al front: uploads/img_691b5fdb9c4913.98326475.jpg
[2025-11-17 19:21:31] Ruta original BD: uploads/img_691b5fdb9ea8a6.91773331.jpg
[2025-11-17 19:21:31] Ruta normalizada enviada al front: uploads/img_691b5fdb9ea8a6.91773331.jpg
[2025-11-17 19:21:31] Procesando auto ID: 15
[2025-11-17 19:21:31] SQL Img: 
        SELECT id, ruta, principal
        FROM imagenes_autos
        WHERE auto_id = ?
        ORDER BY principal DESC, id ASC
    
[2025-11-17 19:21:31] Imágenes encontradas para auto 15: 3
[2025-11-17 19:21:31] Ruta original BD: uploads/car_691b3a135ccfc6.70908182.jpg
[2025-11-17 19:21:31] Ruta normalizada enviada al front: uploads/car_691b3a135ccfc6.70908182.jpg
[2025-11-17 19:21:31] Ruta original BD: uploads/car_691b3a135b5642.01824040.jpg
[2025-11-17 19:21:31] Ruta normalizada enviada al front: uploads/car_691b3a135b5642.01824040.jpg
[2025-11-17 19:21:31] Ruta original BD: uploads/car_691b3a135e14d0.27122190.jpg
[2025-11-17 19:21:31] Ruta normalizada enviada al front: uploads/car_691b3a135e14d0.27122190.jpg
[2025-11-17 19:21:31] Procesando auto ID: 14
[2025-11-17 19:21:31] SQL Img: 
        SELECT id, ruta, principal
        FROM imagenes_autos
        WHERE auto_id = ?
        ORDER BY principal DESC, id ASC
    
[2025-11-17 19:21:31] Imágenes encontradas para auto 14: 3
[2025-11-17 19:21:31] Ruta original BD: uploads/car_691b2eaa0a46a4.03821122.jpg
[2025-11-17 19:21:31] Ruta normalizada enviada al front: uploads/car_691b2eaa0a46a4.03821122.jpg
[2025-11-17 19:21:31] Ruta original BD: uploads/car_691b2fdfb30907.21434018.jpg
[2025-11-17 19:21:31] Ruta normalizada enviada al front: uploads/car_691b2fdfb30907.21434018.jpg
[2025-11-17 19:21:31] Ruta original BD: uploads/img_691b38c60d8994.77930618.jpg
[2025-11-17 19:21:31] Ruta normalizada enviada al front: uploads/img_691b38c60d8994.77930618.jpg
[2025-11-17 19:21:31] Total autos procesados: 4
[2025-11-17 19:21:31] === FIN get_autos.php ===
[2025-11-17 19:30:10] === Iniciando get_autos.php ===
[2025-11-17 19:30:10] SQL Autos: SELECT 
            id, vin, marca, modelo, anio, precio, millaje, 
            combustible, drive_train, descripcion, destacado, 
            estado, fecha_publicacion
        FROM autos 
        ORDER BY id DESC
[2025-11-17 19:30:10] Autos encontrados: 4
[2025-11-17 19:30:10] Procesando auto ID: 17
[2025-11-17 19:30:10] SQL Img: 
        SELECT id, ruta, principal
        FROM imagenes_autos
        WHERE auto_id = ?
        ORDER BY principal DESC, id ASC
    
[2025-11-17 19:30:10] Imágenes encontradas para auto 17: 4
[2025-11-17 19:30:10] Ruta original BD: uploads/car_691b5d85cb6ca3.20992780.jpg
[2025-11-17 19:30:10] Ruta normalizada enviada al front: uploads/car_691b5d85cb6ca3.20992780.jpg
[2025-11-17 19:30:10] Ruta original BD: uploads/car_691b5d85c64370.70952560.jpg
[2025-11-17 19:30:10] Ruta normalizada enviada al front: uploads/car_691b5d85c64370.70952560.jpg
[2025-11-17 19:30:10] Ruta original BD: uploads/car_691b5d85ca3493.62482036.jpg
[2025-11-17 19:30:10] Ruta normalizada enviada al front: uploads/car_691b5d85ca3493.62482036.jpg
[2025-11-17 19:30:10] Ruta original BD: uploads/car_691b5d85cd8a14.42847139.jpg
[2025-11-17 19:30:10] Ruta normalizada enviada al front: uploads/car_691b5d85cd8a14.42847139.jpg
[2025-11-17 19:30:10] Procesando auto ID: 16
[2025-11-17 19:30:10] SQL Img: 
        SELECT id, ruta, principal
        FROM imagenes_autos
        WHERE auto_id = ?
        ORDER BY principal DESC, id ASC
    
[2025-11-17 19:30:10] Imágenes encontradas para auto 16: 3
[2025-11-17 19:30:10] Ruta original BD: uploads/car_691b3bc01196d7.21033446.jpg
[2025-11-17 19:30:10] Ruta normalizada enviada al front: uploads/car_691b3bc01196d7.21033446.jpg
[2025-11-17 19:30:10] Ruta original BD: uploads/img_691b5fdb9c4913.98326475.jpg
[2025-11-17 19:30:10] Ruta normalizada enviada al front: uploads/img_691b5fdb9c4913.98326475.jpg
[2025-11-17 19:30:10] Ruta original BD: uploads/img_691b5fdb9ea8a6.91773331.jpg
[2025-11-17 19:30:10] Ruta normalizada enviada al front: uploads/img_691b5fdb9ea8a6.91773331.jpg
[2025-11-17 19:30:10] Procesando auto ID: 15
[2025-11-17 19:30:10] SQL Img: 
        SELECT id, ruta, principal
        FROM imagenes_autos
        WHERE auto_id = ?
        ORDER BY principal DESC, id ASC
    
[2025-11-17 19:30:10] Imágenes encontradas para auto 15: 3
[2025-11-17 19:30:10] Ruta original BD: uploads/car_691b3a135ccfc6.70908182.jpg
[2025-11-17 19:30:10] Ruta normalizada enviada al front: uploads/car_691b3a135ccfc6.70908182.jpg
[2025-11-17 19:30:10] Ruta original BD: uploads/car_691b3a135b5642.01824040.jpg
[2025-11-17 19:30:10] Ruta normalizada enviada al front: uploads/car_691b3a135b5642.01824040.jpg
[2025-11-17 19:30:10] Ruta original BD: uploads/car_691b3a135e14d0.27122190.jpg
[2025-11-17 19:30:10] Ruta normalizada enviada al front: uploads/car_691b3a135e14d0.27122190.jpg
[2025-11-17 19:30:10] Procesando auto ID: 14
[2025-11-17 19:30:10] SQL Img: 
        SELECT id, ruta, principal
        FROM imagenes_autos
        WHERE auto_id = ?
        ORDER BY principal DESC, id ASC
    
[2025-11-17 19:30:10] Imágenes encontradas para auto 14: 3
[2025-11-17 19:30:10] Ruta original BD: uploads/car_691b2eaa0a46a4.03821122.jpg
[2025-11-17 19:30:10] Ruta normalizada enviada al front: uploads/car_691b2eaa0a46a4.03821122.jpg
[2025-11-17 19:30:10] Ruta original BD: uploads/car_691b2fdfb30907.21434018.jpg
[2025-11-17 19:30:10] Ruta normalizada enviada al front: uploads/car_691b2fdfb30907.21434018.jpg
[2025-11-17 19:30:10] Ruta original BD: uploads/img_691b38c60d8994.77930618.jpg
[2025-11-17 19:30:10] Ruta normalizada enviada al front: uploads/img_691b38c60d8994.77930618.jpg
[2025-11-17 19:30:10] Total autos procesados: 4
[2025-11-17 19:30:10] === FIN get_autos.php ===
[2025-11-17 19:30:10] === Iniciando get_autos.php ===
[2025-11-17 19:30:10] SQL Autos: SELECT 
            id, vin, marca, modelo, anio, precio, millaje, 
            combustible, drive_train, descripcion, destacado, 
            estado, fecha_publicacion
        FROM autos 
        ORDER BY id DESC
[2025-11-17 19:30:10] Autos encontrados: 4
[2025-11-17 19:30:10] Procesando auto ID: 17
[2025-11-17 19:30:10] SQL Img: 
        SELECT id, ruta, principal
        FROM imagenes_autos
        WHERE auto_id = ?
        ORDER BY principal DESC, id ASC
    
[2025-11-17 19:30:10] Imágenes encontradas para auto 17: 4
[2025-11-17 19:30:10] Ruta original BD: uploads/car_691b5d85cb6ca3.20992780.jpg
[2025-11-17 19:30:10] Ruta normalizada enviada al front: uploads/car_691b5d85cb6ca3.20992780.jpg
[2025-11-17 19:30:10] Ruta original BD: uploads/car_691b5d85c64370.70952560.jpg
[2025-11-17 19:30:10] Ruta normalizada enviada al front: uploads/car_691b5d85c64370.70952560.jpg
[2025-11-17 19:30:10] Ruta original BD: uploads/car_691b5d85ca3493.62482036.jpg
[2025-11-17 19:30:10] Ruta normalizada enviada al front: uploads/car_691b5d85ca3493.62482036.jpg
[2025-11-17 19:30:10] Ruta original BD: uploads/car_691b5d85cd8a14.42847139.jpg
[2025-11-17 19:30:10] Ruta normalizada enviada al front: uploads/car_691b5d85cd8a14.42847139.jpg
[2025-11-17 19:30:10] Procesando auto ID: 16
[2025-11-17 19:30:10] SQL Img: 
        SELECT id, ruta, principal
        FROM imagenes_autos
        WHERE auto_id = ?
        ORDER BY principal DESC, id ASC
    
[2025-11-17 19:30:10] Imágenes encontradas para auto 16: 3
[2025-11-17 19:30:10] Ruta original BD: uploads/car_691b3bc01196d7.21033446.jpg
[2025-11-17 19:30:10] Ruta normalizada enviada al front: uploads/car_691b3bc01196d7.21033446.jpg
[2025-11-17 19:30:10] Ruta original BD: uploads/img_691b5fdb9c4913.98326475.jpg
[2025-11-17 19:30:10] Ruta normalizada enviada al front: uploads/img_691b5fdb9c4913.98326475.jpg
[2025-11-17 19:30:10] Ruta original BD: uploads/img_691b5fdb9ea8a6.91773331.jpg
[2025-11-17 19:30:10] Ruta normalizada enviada al front: uploads/img_691b5fdb9ea8a6.91773331.jpg
[2025-11-17 19:30:10] Procesando auto ID: 15
[2025-11-17 19:30:10] SQL Img: 
        SELECT id, ruta, principal
        FROM imagenes_autos
        WHERE auto_id = ?
        ORDER BY principal DESC, id ASC
    
[2025-11-17 19:30:10] Imágenes encontradas para auto 15: 3
[2025-11-17 19:30:10] Ruta original BD: uploads/car_691b3a135ccfc6.70908182.jpg
[2025-11-17 19:30:10] Ruta normalizada enviada al front: uploads/car_691b3a135ccfc6.70908182.jpg
[2025-11-17 19:30:10] Ruta original BD: uploads/car_691b3a135b5642.01824040.jpg
[2025-11-17 19:30:10] Ruta normalizada enviada al front: uploads/car_691b3a135b5642.01824040.jpg
[2025-11-17 19:30:10] Ruta original BD: uploads/car_691b3a135e14d0.27122190.jpg
[2025-11-17 19:30:10] Ruta normalizada enviada al front: uploads/car_691b3a135e14d0.27122190.jpg
[2025-11-17 19:30:10] Procesando auto ID: 14
[2025-11-17 19:30:10] SQL Img: 
        SELECT id, ruta, principal
        FROM imagenes_autos
        WHERE auto_id = ?
        ORDER BY principal DESC, id ASC
    
[2025-11-17 19:30:10] Imágenes encontradas para auto 14: 3
[2025-11-17 19:30:10] Ruta original BD: uploads/car_691b2eaa0a46a4.03821122.jpg
[2025-11-17 19:30:10] Ruta normalizada enviada al front: uploads/car_691b2eaa0a46a4.03821122.jpg
[2025-11-17 19:30:10] Ruta original BD: uploads/car_691b2fdfb30907.21434018.jpg
[2025-11-17 19:30:10] Ruta normalizada enviada al front: uploads/car_691b2fdfb30907.21434018.jpg
[2025-11-17 19:30:10] Ruta original BD: uploads/img_691b38c60d8994.77930618.jpg
[2025-11-17 19:30:10] Ruta normalizada enviada al front: uploads/img_691b38c60d8994.77930618.jpg
[2025-11-17 19:30:10] Total autos procesados: 4
[2025-11-17 19:30:10] === FIN get_autos.php ===
[2025-11-17 19:30:30] === Iniciando get_autos.php ===
[2025-11-17 19:30:30] SQL Autos: SELECT 
            id, vin, marca, modelo, anio, precio, millaje, 
            combustible, drive_train, descripcion, destacado, 
            estado, fecha_publicacion
        FROM autos 
        ORDER BY id DESC
[2025-11-17 19:30:30] Autos encontrados: 4
[2025-11-17 19:30:30] Procesando auto ID: 17
[2025-11-17 19:30:30] SQL Img: 
        SELECT id, ruta, principal
        FROM imagenes_autos
        WHERE auto_id = ?
        ORDER BY principal DESC, id ASC
    
[2025-11-17 19:30:30] Imágenes encontradas para auto 17: 4
[2025-11-17 19:30:30] Ruta original BD: uploads/car_691b5d85cb6ca3.20992780.jpg
[2025-11-17 19:30:30] Ruta normalizada enviada al front: uploads/car_691b5d85cb6ca3.20992780.jpg
[2025-11-17 19:30:30] Ruta original BD: uploads/car_691b5d85c64370.70952560.jpg
[2025-11-17 19:30:30] Ruta normalizada enviada al front: uploads/car_691b5d85c64370.70952560.jpg
[2025-11-17 19:30:30] Ruta original BD: uploads/car_691b5d85ca3493.62482036.jpg
[2025-11-17 19:30:30] Ruta normalizada enviada al front: uploads/car_691b5d85ca3493.62482036.jpg
[2025-11-17 19:30:30] Ruta original BD: uploads/car_691b5d85cd8a14.42847139.jpg
[2025-11-17 19:30:30] Ruta normalizada enviada al front: uploads/car_691b5d85cd8a14.42847139.jpg
[2025-11-17 19:30:30] Procesando auto ID: 16
[2025-11-17 19:30:30] SQL Img: 
        SELECT id, ruta, principal
        FROM imagenes_autos
        WHERE auto_id = ?
        ORDER BY principal DESC, id ASC
    
[2025-11-17 19:30:30] Imágenes encontradas para auto 16: 3
[2025-11-17 19:30:30] Ruta original BD: uploads/car_691b3bc01196d7.21033446.jpg
[2025-11-17 19:30:30] Ruta normalizada enviada al front: uploads/car_691b3bc01196d7.21033446.jpg
[2025-11-17 19:30:30] Ruta original BD: uploads/img_691b5fdb9c4913.98326475.jpg
[2025-11-17 19:30:30] Ruta normalizada enviada al front: uploads/img_691b5fdb9c4913.98326475.jpg
[2025-11-17 19:30:30] Ruta original BD: uploads/img_691b5fdb9ea8a6.91773331.jpg
[2025-11-17 19:30:30] Ruta normalizada enviada al front: uploads/img_691b5fdb9ea8a6.91773331.jpg
[2025-11-17 19:30:30] Procesando auto ID: 15
[2025-11-17 19:30:30] SQL Img: 
        SELECT id, ruta, principal
        FROM imagenes_autos
        WHERE auto_id = ?
        ORDER BY principal DESC, id ASC
    
[2025-11-17 19:30:30] Imágenes encontradas para auto 15: 3
[2025-11-17 19:30:30] Ruta original BD: uploads/car_691b3a135ccfc6.70908182.jpg
[2025-11-17 19:30:30] Ruta normalizada enviada al front: uploads/car_691b3a135ccfc6.70908182.jpg
[2025-11-17 19:30:30] Ruta original BD: uploads/car_691b3a135b5642.01824040.jpg
[2025-11-17 19:30:30] Ruta normalizada enviada al front: uploads/car_691b3a135b5642.01824040.jpg
[2025-11-17 19:30:30] Ruta original BD: uploads/car_691b3a135e14d0.27122190.jpg
[2025-11-17 19:30:30] Ruta normalizada enviada al front: uploads/car_691b3a135e14d0.27122190.jpg
[2025-11-17 19:30:30] Procesando auto ID: 14
[2025-11-17 19:30:30] SQL Img: 
        SELECT id, ruta, principal
        FROM imagenes_autos
        WHERE auto_id = ?
        ORDER BY principal DESC, id ASC
    
[2025-11-17 19:30:30] Imágenes encontradas para auto 14: 3
[2025-11-17 19:30:30] Ruta original BD: uploads/car_691b2eaa0a46a4.03821122.jpg
[2025-11-17 19:30:30] Ruta normalizada enviada al front: uploads/car_691b2eaa0a46a4.03821122.jpg
[2025-11-17 19:30:30] Ruta original BD: uploads/car_691b2fdfb30907.21434018.jpg
[2025-11-17 19:30:30] Ruta normalizada enviada al front: uploads/car_691b2fdfb30907.21434018.jpg
[2025-11-17 19:30:30] Ruta original BD: uploads/img_691b38c60d8994.77930618.jpg
[2025-11-17 19:30:30] Ruta normalizada enviada al front: uploads/img_691b38c60d8994.77930618.jpg
[2025-11-17 19:30:30] Total autos procesados: 4
[2025-11-17 19:30:30] === FIN get_autos.php ===
[2025-11-17 19:31:36] === Iniciando get_autos.php ===
[2025-11-17 19:31:36] SQL Autos: SELECT 
            id, vin, marca, modelo, anio, precio, millaje, 
            combustible, drive_train, descripcion, destacado, 
            estado, fecha_publicacion
        FROM autos 
        ORDER BY id DESC
[2025-11-17 19:31:36] Autos encontrados: 4
[2025-11-17 19:31:36] Procesando auto ID: 17
[2025-11-17 19:31:36] SQL Img: 
        SELECT id, ruta, principal
        FROM imagenes_autos
        WHERE auto_id = ?
        ORDER BY principal DESC, id ASC
    
[2025-11-17 19:31:36] Imágenes encontradas para auto 17: 4
[2025-11-17 19:31:36] Ruta original BD: uploads/car_691b5d85cb6ca3.20992780.jpg
[2025-11-17 19:31:36] Ruta normalizada enviada al front: uploads/car_691b5d85cb6ca3.20992780.jpg
[2025-11-17 19:31:36] Ruta original BD: uploads/car_691b5d85c64370.70952560.jpg
[2025-11-17 19:31:36] Ruta normalizada enviada al front: uploads/car_691b5d85c64370.70952560.jpg
[2025-11-17 19:31:36] Ruta original BD: uploads/car_691b5d85ca3493.62482036.jpg
[2025-11-17 19:31:36] Ruta normalizada enviada al front: uploads/car_691b5d85ca3493.62482036.jpg
[2025-11-17 19:31:36] Ruta original BD: uploads/car_691b5d85cd8a14.42847139.jpg
[2025-11-17 19:31:36] Ruta normalizada enviada al front: uploads/car_691b5d85cd8a14.42847139.jpg
[2025-11-17 19:31:36] Procesando auto ID: 16
[2025-11-17 19:31:36] SQL Img: 
        SELECT id, ruta, principal
        FROM imagenes_autos
        WHERE auto_id = ?
        ORDER BY principal DESC, id ASC
    
[2025-11-17 19:31:36] Imágenes encontradas para auto 16: 3
[2025-11-17 19:31:36] Ruta original BD: uploads/car_691b3bc01196d7.21033446.jpg
[2025-11-17 19:31:36] Ruta normalizada enviada al front: uploads/car_691b3bc01196d7.21033446.jpg
[2025-11-17 19:31:36] Ruta original BD: uploads/img_691b5fdb9c4913.98326475.jpg
[2025-11-17 19:31:36] Ruta normalizada enviada al front: uploads/img_691b5fdb9c4913.98326475.jpg
[2025-11-17 19:31:36] Ruta original BD: uploads/img_691b5fdb9ea8a6.91773331.jpg
[2025-11-17 19:31:36] Ruta normalizada enviada al front: uploads/img_691b5fdb9ea8a6.91773331.jpg
[2025-11-17 19:31:36] Procesando auto ID: 15
[2025-11-17 19:31:36] SQL Img: 
        SELECT id, ruta, principal
        FROM imagenes_autos
        WHERE auto_id = ?
        ORDER BY principal DESC, id ASC
    
[2025-11-17 19:31:36] Imágenes encontradas para auto 15: 3
[2025-11-17 19:31:36] Ruta original BD: uploads/car_691b3a135ccfc6.70908182.jpg
[2025-11-17 19:31:36] Ruta normalizada enviada al front: uploads/car_691b3a135ccfc6.70908182.jpg
[2025-11-17 19:31:36] Ruta original BD: uploads/car_691b3a135b5642.01824040.jpg
[2025-11-17 19:31:36] Ruta normalizada enviada al front: uploads/car_691b3a135b5642.01824040.jpg
[2025-11-17 19:31:36] Ruta original BD: uploads/car_691b3a135e14d0.27122190.jpg
[2025-11-17 19:31:36] Ruta normalizada enviada al front: uploads/car_691b3a135e14d0.27122190.jpg
[2025-11-17 19:31:36] Procesando auto ID: 14
[2025-11-17 19:31:36] SQL Img: 
        SELECT id, ruta, principal
        FROM imagenes_autos
        WHERE auto_id = ?
        ORDER BY principal DESC, id ASC
    
[2025-11-17 19:31:36] Imágenes encontradas para auto 14: 3
[2025-11-17 19:31:36] Ruta original BD: uploads/car_691b2eaa0a46a4.03821122.jpg
[2025-11-17 19:31:36] Ruta normalizada enviada al front: uploads/car_691b2eaa0a46a4.03821122.jpg
[2025-11-17 19:31:36] Ruta original BD: uploads/car_691b2fdfb30907.21434018.jpg
[2025-11-17 19:31:36] Ruta normalizada enviada al front: uploads/car_691b2fdfb30907.21434018.jpg
[2025-11-17 19:31:36] Ruta original BD: uploads/img_691b38c60d8994.77930618.jpg
[2025-11-17 19:31:36] Ruta normalizada enviada al front: uploads/img_691b38c60d8994.77930618.jpg
[2025-11-17 19:31:36] Total autos procesados: 4
[2025-11-17 19:31:36] === FIN get_autos.php ===
[2025-11-17 19:31:41] === Iniciando get_autos.php ===
[2025-11-17 19:31:41] SQL Autos: SELECT 
            id, vin, marca, modelo, anio, precio, millaje, 
            combustible, drive_train, descripcion, destacado, 
            estado, fecha_publicacion
        FROM autos 
        ORDER BY id DESC
[2025-11-17 19:31:41] Autos encontrados: 4
[2025-11-17 19:31:41] Procesando auto ID: 17
[2025-11-17 19:31:41] SQL Img: 
        SELECT id, ruta, principal
        FROM imagenes_autos
        WHERE auto_id = ?
        ORDER BY principal DESC, id ASC
    
[2025-11-17 19:31:41] Imágenes encontradas para auto 17: 4
[2025-11-17 19:31:41] Ruta original BD: uploads/car_691b5d85cb6ca3.20992780.jpg
[2025-11-17 19:31:41] Ruta normalizada enviada al front: uploads/car_691b5d85cb6ca3.20992780.jpg
[2025-11-17 19:31:41] Ruta original BD: uploads/car_691b5d85c64370.70952560.jpg
[2025-11-17 19:31:41] Ruta normalizada enviada al front: uploads/car_691b5d85c64370.70952560.jpg
[2025-11-17 19:31:41] Ruta original BD: uploads/car_691b5d85ca3493.62482036.jpg
[2025-11-17 19:31:41] Ruta normalizada enviada al front: uploads/car_691b5d85ca3493.62482036.jpg
[2025-11-17 19:31:41] Ruta original BD: uploads/car_691b5d85cd8a14.42847139.jpg
[2025-11-17 19:31:41] Ruta normalizada enviada al front: uploads/car_691b5d85cd8a14.42847139.jpg
[2025-11-17 19:31:41] Procesando auto ID: 16
[2025-11-17 19:31:41] SQL Img: 
        SELECT id, ruta, principal
        FROM imagenes_autos
        WHERE auto_id = ?
        ORDER BY principal DESC, id ASC
    
[2025-11-17 19:31:41] Imágenes encontradas para auto 16: 3
[2025-11-17 19:31:41] Ruta original BD: uploads/car_691b3bc01196d7.21033446.jpg
[2025-11-17 19:31:41] Ruta normalizada enviada al front: uploads/car_691b3bc01196d7.21033446.jpg
[2025-11-17 19:31:41] Ruta original BD: uploads/img_691b5fdb9c4913.98326475.jpg
[2025-11-17 19:31:41] Ruta normalizada enviada al front: uploads/img_691b5fdb9c4913.98326475.jpg
[2025-11-17 19:31:41] Ruta original BD: uploads/img_691b5fdb9ea8a6.91773331.jpg
[2025-11-17 19:31:41] Ruta normalizada enviada al front: uploads/img_691b5fdb9ea8a6.91773331.jpg
[2025-11-17 19:31:41] Procesando auto ID: 15
[2025-11-17 19:31:41] SQL Img: 
        SELECT id, ruta, principal
        FROM imagenes_autos
        WHERE auto_id = ?
        ORDER BY principal DESC, id ASC
    
[2025-11-17 19:31:41] Imágenes encontradas para auto 15: 3
[2025-11-17 19:31:41] Ruta original BD: uploads/car_691b3a135ccfc6.70908182.jpg
[2025-11-17 19:31:41] Ruta normalizada enviada al front: uploads/car_691b3a135ccfc6.70908182.jpg
[2025-11-17 19:31:41] Ruta original BD: uploads/car_691b3a135b5642.01824040.jpg
[2025-11-17 19:31:41] Ruta normalizada enviada al front: uploads/car_691b3a135b5642.01824040.jpg
[2025-11-17 19:31:41] Ruta original BD: uploads/car_691b3a135e14d0.27122190.jpg
[2025-11-17 19:31:41] Ruta normalizada enviada al front: uploads/car_691b3a135e14d0.27122190.jpg
[2025-11-17 19:31:41] Procesando auto ID: 14
[2025-11-17 19:31:41] SQL Img: 
        SELECT id, ruta, principal
        FROM imagenes_autos
        WHERE auto_id = ?
        ORDER BY principal DESC, id ASC
    
[2025-11-17 19:31:41] Imágenes encontradas para auto 14: 3
[2025-11-17 19:31:41] Ruta original BD: uploads/car_691b2eaa0a46a4.03821122.jpg
[2025-11-17 19:31:41] Ruta normalizada enviada al front: uploads/car_691b2eaa0a46a4.03821122.jpg
[2025-11-17 19:31:41] Ruta original BD: uploads/car_691b2fdfb30907.21434018.jpg
[2025-11-17 19:31:41] Ruta normalizada enviada al front: uploads/car_691b2fdfb30907.21434018.jpg
[2025-11-17 19:31:41] Ruta original BD: uploads/img_691b38c60d8994.77930618.jpg
[2025-11-17 19:31:41] Ruta normalizada enviada al front: uploads/img_691b38c60d8994.77930618.jpg
[2025-11-17 19:31:41] Total autos procesados: 4
[2025-11-17 19:31:41] === FIN get_autos.php ===
[2025-11-17 19:31:46] === Iniciando get_autos.php ===
[2025-11-17 19:31:46] SQL Autos: SELECT 
            id, vin, marca, modelo, anio, precio, millaje, 
            combustible, drive_train, descripcion, destacado, 
            estado, fecha_publicacion
        FROM autos 
        ORDER BY id DESC
[2025-11-17 19:31:46] Autos encontrados: 4
[2025-11-17 19:31:46] Procesando auto ID: 17
[2025-11-17 19:31:46] SQL Img: 
        SELECT id, ruta, principal
        FROM imagenes_autos
        WHERE auto_id = ?
        ORDER BY principal DESC, id ASC
    
[2025-11-17 19:31:46] Imágenes encontradas para auto 17: 4
[2025-11-17 19:31:46] Ruta original BD: uploads/car_691b5d85cb6ca3.20992780.jpg
[2025-11-17 19:31:46] Ruta normalizada enviada al front: uploads/car_691b5d85cb6ca3.20992780.jpg
[2025-11-17 19:31:46] Ruta original BD: uploads/car_691b5d85c64370.70952560.jpg
[2025-11-17 19:31:46] Ruta normalizada enviada al front: uploads/car_691b5d85c64370.70952560.jpg
[2025-11-17 19:31:46] Ruta original BD: uploads/car_691b5d85ca3493.62482036.jpg
[2025-11-17 19:31:46] Ruta normalizada enviada al front: uploads/car_691b5d85ca3493.62482036.jpg
[2025-11-17 19:31:46] Ruta original BD: uploads/car_691b5d85cd8a14.42847139.jpg
[2025-11-17 19:31:46] Ruta normalizada enviada al front: uploads/car_691b5d85cd8a14.42847139.jpg
[2025-11-17 19:31:46] Procesando auto ID: 16
[2025-11-17 19:31:46] SQL Img: 
        SELECT id, ruta, principal
        FROM imagenes_autos
        WHERE auto_id = ?
        ORDER BY principal DESC, id ASC
    
[2025-11-17 19:31:46] Imágenes encontradas para auto 16: 3
[2025-11-17 19:31:46] Ruta original BD: uploads/car_691b3bc01196d7.21033446.jpg
[2025-11-17 19:31:46] Ruta normalizada enviada al front: uploads/car_691b3bc01196d7.21033446.jpg
[2025-11-17 19:31:46] Ruta original BD: uploads/img_691b5fdb9c4913.98326475.jpg
[2025-11-17 19:31:46] Ruta normalizada enviada al front: uploads/img_691b5fdb9c4913.98326475.jpg
[2025-11-17 19:31:46] Ruta original BD: uploads/img_691b5fdb9ea8a6.91773331.jpg
[2025-11-17 19:31:46] Ruta normalizada enviada al front: uploads/img_691b5fdb9ea8a6.91773331.jpg
[2025-11-17 19:31:46] Procesando auto ID: 15
[2025-11-17 19:31:46] SQL Img: 
        SELECT id, ruta, principal
        FROM imagenes_autos
        WHERE auto_id = ?
        ORDER BY principal DESC, id ASC
    
[2025-11-17 19:31:46] Imágenes encontradas para auto 15: 3
[2025-11-17 19:31:46] Ruta original BD: uploads/car_691b3a135ccfc6.70908182.jpg
[2025-11-17 19:31:46] Ruta normalizada enviada al front: uploads/car_691b3a135ccfc6.70908182.jpg
[2025-11-17 19:31:46] Ruta original BD: uploads/car_691b3a135b5642.01824040.jpg
[2025-11-17 19:31:46] Ruta normalizada enviada al front: uploads/car_691b3a135b5642.01824040.jpg
[2025-11-17 19:31:46] Ruta original BD: uploads/car_691b3a135e14d0.27122190.jpg
[2025-11-17 19:31:46] Ruta normalizada enviada al front: uploads/car_691b3a135e14d0.27122190.jpg
[2025-11-17 19:31:46] Procesando auto ID: 14
[2025-11-17 19:31:46] SQL Img: 
        SELECT id, ruta, principal
        FROM imagenes_autos
        WHERE auto_id = ?
        ORDER BY principal DESC, id ASC
    
[2025-11-17 19:31:46] Imágenes encontradas para auto 14: 3
[2025-11-17 19:31:46] Ruta original BD: uploads/car_691b2eaa0a46a4.03821122.jpg
[2025-11-17 19:31:46] Ruta normalizada enviada al front: uploads/car_691b2eaa0a46a4.03821122.jpg
[2025-11-17 19:31:46] Ruta original BD: uploads/car_691b2fdfb30907.21434018.jpg
[2025-11-17 19:31:46] Ruta normalizada enviada al front: uploads/car_691b2fdfb30907.21434018.jpg
[2025-11-17 19:31:46] Ruta original BD: uploads/img_691b38c60d8994.77930618.jpg
[2025-11-17 19:31:46] Ruta normalizada enviada al front: uploads/img_691b38c60d8994.77930618.jpg
[2025-11-17 19:31:46] Total autos procesados: 4
[2025-11-17 19:31:46] === FIN get_autos.php ===
[2025-11-17 19:31:51] === Iniciando get_autos.php ===
[2025-11-17 19:31:51] SQL Autos: SELECT 
            id, vin, marca, modelo, anio, precio, millaje, 
            combustible, drive_train, descripcion, destacado, 
            estado, fecha_publicacion
        FROM autos 
        ORDER BY id DESC
[2025-11-17 19:31:51] Autos encontrados: 4
[2025-11-17 19:31:51] Procesando auto ID: 17
[2025-11-17 19:31:51] SQL Img: 
        SELECT id, ruta, principal
        FROM imagenes_autos
        WHERE auto_id = ?
        ORDER BY principal DESC, id ASC
    
[2025-11-17 19:31:51] Imágenes encontradas para auto 17: 4
[2025-11-17 19:31:51] Ruta original BD: uploads/car_691b5d85cb6ca3.20992780.jpg
[2025-11-17 19:31:51] Ruta normalizada enviada al front: uploads/car_691b5d85cb6ca3.20992780.jpg
[2025-11-17 19:31:51] Ruta original BD: uploads/car_691b5d85c64370.70952560.jpg
[2025-11-17 19:31:51] Ruta normalizada enviada al front: uploads/car_691b5d85c64370.70952560.jpg
[2025-11-17 19:31:51] Ruta original BD: uploads/car_691b5d85ca3493.62482036.jpg
[2025-11-17 19:31:51] Ruta normalizada enviada al front: uploads/car_691b5d85ca3493.62482036.jpg
[2025-11-17 19:31:51] Ruta original BD: uploads/car_691b5d85cd8a14.42847139.jpg
[2025-11-17 19:31:51] Ruta normalizada enviada al front: uploads/car_691b5d85cd8a14.42847139.jpg
[2025-11-17 19:31:51] Procesando auto ID: 16
[2025-11-17 19:31:51] SQL Img: 
        SELECT id, ruta, principal
        FROM imagenes_autos
        WHERE auto_id = ?
        ORDER BY principal DESC, id ASC
    
[2025-11-17 19:31:51] Imágenes encontradas para auto 16: 3
[2025-11-17 19:31:51] Ruta original BD: uploads/car_691b3bc01196d7.21033446.jpg
[2025-11-17 19:31:51] Ruta normalizada enviada al front: uploads/car_691b3bc01196d7.21033446.jpg
[2025-11-17 19:31:51] Ruta original BD: uploads/img_691b5fdb9c4913.98326475.jpg
[2025-11-17 19:31:51] Ruta normalizada enviada al front: uploads/img_691b5fdb9c4913.98326475.jpg
[2025-11-17 19:31:51] Ruta original BD: uploads/img_691b5fdb9ea8a6.91773331.jpg
[2025-11-17 19:31:51] Ruta normalizada enviada al front: uploads/img_691b5fdb9ea8a6.91773331.jpg
[2025-11-17 19:31:51] Procesando auto ID: 15
[2025-11-17 19:31:51] SQL Img: 
        SELECT id, ruta, principal
        FROM imagenes_autos
        WHERE auto_id = ?
        ORDER BY principal DESC, id ASC
    
[2025-11-17 19:31:51] Imágenes encontradas para auto 15: 3
[2025-11-17 19:31:51] Ruta original BD: uploads/car_691b3a135ccfc6.70908182.jpg
[2025-11-17 19:31:51] Ruta normalizada enviada al front: uploads/car_691b3a135ccfc6.70908182.jpg
[2025-11-17 19:31:51] Ruta original BD: uploads/car_691b3a135b5642.01824040.jpg
[2025-11-17 19:31:51] Ruta normalizada enviada al front: uploads/car_691b3a135b5642.01824040.jpg
[2025-11-17 19:31:51] Ruta original BD: uploads/car_691b3a135e14d0.27122190.jpg
[2025-11-17 19:31:51] Ruta normalizada enviada al front: uploads/car_691b3a135e14d0.27122190.jpg
[2025-11-17 19:31:51] Procesando auto ID: 14
[2025-11-17 19:31:51] SQL Img: 
        SELECT id, ruta, principal
        FROM imagenes_autos
        WHERE auto_id = ?
        ORDER BY principal DESC, id ASC
    
[2025-11-17 19:31:51] Imágenes encontradas para auto 14: 3
[2025-11-17 19:31:51] Ruta original BD: uploads/car_691b2eaa0a46a4.03821122.jpg
[2025-11-17 19:31:51] Ruta normalizada enviada al front: uploads/car_691b2eaa0a46a4.03821122.jpg
[2025-11-17 19:31:51] Ruta original BD: uploads/car_691b2fdfb30907.21434018.jpg
[2025-11-17 19:31:51] Ruta normalizada enviada al front: uploads/car_691b2fdfb30907.21434018.jpg
[2025-11-17 19:31:51] Ruta original BD: uploads/img_691b38c60d8994.77930618.jpg
[2025-11-17 19:31:51] Ruta normalizada enviada al front: uploads/img_691b38c60d8994.77930618.jpg
[2025-11-17 19:31:51] Total autos procesados: 4
[2025-11-17 19:31:51] === FIN get_autos.php ===
[2025-11-17 19:31:53] === Iniciando get_autos.php ===
[2025-11-17 19:31:53] SQL Autos: SELECT 
            id, vin, marca, modelo, anio, precio, millaje, 
            combustible, drive_train, descripcion, destacado, 
            estado, fecha_publicacion
        FROM autos 
        ORDER BY id DESC
[2025-11-17 19:31:53] Autos encontrados: 4
[2025-11-17 19:31:53] Procesando auto ID: 17
[2025-11-17 19:31:53] SQL Img: 
        SELECT id, ruta, principal
        FROM imagenes_autos
        WHERE auto_id = ?
        ORDER BY principal DESC, id ASC
    
[2025-11-17 19:31:53] Imágenes encontradas para auto 17: 4
[2025-11-17 19:31:53] Ruta original BD: uploads/car_691b5d85cb6ca3.20992780.jpg
[2025-11-17 19:31:53] Ruta normalizada enviada al front: uploads/car_691b5d85cb6ca3.20992780.jpg
[2025-11-17 19:31:53] Ruta original BD: uploads/car_691b5d85c64370.70952560.jpg
[2025-11-17 19:31:53] Ruta normalizada enviada al front: uploads/car_691b5d85c64370.70952560.jpg
[2025-11-17 19:31:53] Ruta original BD: uploads/car_691b5d85ca3493.62482036.jpg
[2025-11-17 19:31:53] Ruta normalizada enviada al front: uploads/car_691b5d85ca3493.62482036.jpg
[2025-11-17 19:31:53] Ruta original BD: uploads/car_691b5d85cd8a14.42847139.jpg
[2025-11-17 19:31:53] Ruta normalizada enviada al front: uploads/car_691b5d85cd8a14.42847139.jpg
[2025-11-17 19:31:53] Procesando auto ID: 16
[2025-11-17 19:31:53] SQL Img: 
        SELECT id, ruta, principal
        FROM imagenes_autos
        WHERE auto_id = ?
        ORDER BY principal DESC, id ASC
    
[2025-11-17 19:31:53] Imágenes encontradas para auto 16: 3
[2025-11-17 19:31:53] Ruta original BD: uploads/car_691b3bc01196d7.21033446.jpg
[2025-11-17 19:31:53] Ruta normalizada enviada al front: uploads/car_691b3bc01196d7.21033446.jpg
[2025-11-17 19:31:53] Ruta original BD: uploads/img_691b5fdb9c4913.98326475.jpg
[2025-11-17 19:31:53] Ruta normalizada enviada al front: uploads/img_691b5fdb9c4913.98326475.jpg
[2025-11-17 19:31:53] Ruta original BD: uploads/img_691b5fdb9ea8a6.91773331.jpg
[2025-11-17 19:31:53] Ruta normalizada enviada al front: uploads/img_691b5fdb9ea8a6.91773331.jpg
[2025-11-17 19:31:53] Procesando auto ID: 15
[2025-11-17 19:31:53] SQL Img: 
        SELECT id, ruta, principal
        FROM imagenes_autos
        WHERE auto_id = ?
        ORDER BY principal DESC, id ASC
    
[2025-11-17 19:31:53] Imágenes encontradas para auto 15: 3
[2025-11-17 19:31:53] Ruta original BD: uploads/car_691b3a135ccfc6.70908182.jpg
[2025-11-17 19:31:53] Ruta normalizada enviada al front: uploads/car_691b3a135ccfc6.70908182.jpg
[2025-11-17 19:31:53] Ruta original BD: uploads/car_691b3a135b5642.01824040.jpg
[2025-11-17 19:31:53] Ruta normalizada enviada al front: uploads/car_691b3a135b5642.01824040.jpg
[2025-11-17 19:31:53] Ruta original BD: uploads/car_691b3a135e14d0.27122190.jpg
[2025-11-17 19:31:53] Ruta normalizada enviada al front: uploads/car_691b3a135e14d0.27122190.jpg
[2025-11-17 19:31:53] Procesando auto ID: 14
[2025-11-17 19:31:53] SQL Img: 
        SELECT id, ruta, principal
        FROM imagenes_autos
        WHERE auto_id = ?
        ORDER BY principal DESC, id ASC
    
[2025-11-17 19:31:53] Imágenes encontradas para auto 14: 3
[2025-11-17 19:31:53] Ruta original BD: uploads/car_691b2eaa0a46a4.03821122.jpg
[2025-11-17 19:31:53] Ruta normalizada enviada al front: uploads/car_691b2eaa0a46a4.03821122.jpg
[2025-11-17 19:31:53] Ruta original BD: uploads/car_691b2fdfb30907.21434018.jpg
[2025-11-17 19:31:53] Ruta normalizada enviada al front: uploads/car_691b2fdfb30907.21434018.jpg
[2025-11-17 19:31:53] Ruta original BD: uploads/img_691b38c60d8994.77930618.jpg
[2025-11-17 19:31:53] Ruta normalizada enviada al front: uploads/img_691b38c60d8994.77930618.jpg
[2025-11-17 19:31:53] Total autos procesados: 4
[2025-11-17 19:31:53] === FIN get_autos.php ===
[2025-11-17 19:31:56] === Iniciando get_autos.php ===
[2025-11-17 19:31:56] SQL Autos: SELECT 
            id, vin, marca, modelo, anio, precio, millaje, 
            combustible, drive_train, descripcion, destacado, 
            estado, fecha_publicacion
        FROM autos 
        ORDER BY id DESC
[2025-11-17 19:31:56] Autos encontrados: 4
[2025-11-17 19:31:56] Procesando auto ID: 17
[2025-11-17 19:31:56] SQL Img: 
        SELECT id, ruta, principal
        FROM imagenes_autos
        WHERE auto_id = ?
        ORDER BY principal DESC, id ASC
    
[2025-11-17 19:31:56] Imágenes encontradas para auto 17: 4
[2025-11-17 19:31:56] Ruta original BD: uploads/car_691b5d85cb6ca3.20992780.jpg
[2025-11-17 19:31:56] Ruta normalizada enviada al front: uploads/car_691b5d85cb6ca3.20992780.jpg
[2025-11-17 19:31:56] Ruta original BD: uploads/car_691b5d85c64370.70952560.jpg
[2025-11-17 19:31:56] Ruta normalizada enviada al front: uploads/car_691b5d85c64370.70952560.jpg
[2025-11-17 19:31:56] Ruta original BD: uploads/car_691b5d85ca3493.62482036.jpg
[2025-11-17 19:31:56] Ruta normalizada enviada al front: uploads/car_691b5d85ca3493.62482036.jpg
[2025-11-17 19:31:56] Ruta original BD: uploads/car_691b5d85cd8a14.42847139.jpg
[2025-11-17 19:31:56] Ruta normalizada enviada al front: uploads/car_691b5d85cd8a14.42847139.jpg
[2025-11-17 19:31:56] Procesando auto ID: 16
[2025-11-17 19:31:56] SQL Img: 
        SELECT id, ruta, principal
        FROM imagenes_autos
        WHERE auto_id = ?
        ORDER BY principal DESC, id ASC
    
[2025-11-17 19:31:56] Imágenes encontradas para auto 16: 3
[2025-11-17 19:31:56] Ruta original BD: uploads/car_691b3bc01196d7.21033446.jpg
[2025-11-17 19:31:56] Ruta normalizada enviada al front: uploads/car_691b3bc01196d7.21033446.jpg
[2025-11-17 19:31:56] Ruta original BD: uploads/img_691b5fdb9c4913.98326475.jpg
[2025-11-17 19:31:56] Ruta normalizada enviada al front: uploads/img_691b5fdb9c4913.98326475.jpg
[2025-11-17 19:31:56] Ruta original BD: uploads/img_691b5fdb9ea8a6.91773331.jpg
[2025-11-17 19:31:56] Ruta normalizada enviada al front: uploads/img_691b5fdb9ea8a6.91773331.jpg
[2025-11-17 19:31:56] Procesando auto ID: 15
[2025-11-17 19:31:56] SQL Img: 
        SELECT id, ruta, principal
        FROM imagenes_autos
        WHERE auto_id = ?
        ORDER BY principal DESC, id ASC
    
[2025-11-17 19:31:56] Imágenes encontradas para auto 15: 3
[2025-11-17 19:31:56] Ruta original BD: uploads/car_691b3a135ccfc6.70908182.jpg
[2025-11-17 19:31:56] Ruta normalizada enviada al front: uploads/car_691b3a135ccfc6.70908182.jpg
[2025-11-17 19:31:56] Ruta original BD: uploads/car_691b3a135b5642.01824040.jpg
[2025-11-17 19:31:56] Ruta normalizada enviada al front: uploads/car_691b3a135b5642.01824040.jpg
[2025-11-17 19:31:56] Ruta original BD: uploads/car_691b3a135e14d0.27122190.jpg
[2025-11-17 19:31:56] Ruta normalizada enviada al front: uploads/car_691b3a135e14d0.27122190.jpg
[2025-11-17 19:31:56] Procesando auto ID: 14
[2025-11-17 19:31:56] SQL Img: 
        SELECT id, ruta, principal
        FROM imagenes_autos
        WHERE auto_id = ?
        ORDER BY principal DESC, id ASC
    
[2025-11-17 19:31:56] Imágenes encontradas para auto 14: 3
[2025-11-17 19:31:56] Ruta original BD: uploads/car_691b2eaa0a46a4.03821122.jpg
[2025-11-17 19:31:56] Ruta normalizada enviada al front: uploads/car_691b2eaa0a46a4.03821122.jpg
[2025-11-17 19:31:56] Ruta original BD: uploads/car_691b2fdfb30907.21434018.jpg
[2025-11-17 19:31:56] Ruta normalizada enviada al front: uploads/car_691b2fdfb30907.21434018.jpg
[2025-11-17 19:31:56] Ruta original BD: uploads/img_691b38c60d8994.77930618.jpg
[2025-11-17 19:31:56] Ruta normalizada enviada al front: uploads/img_691b38c60d8994.77930618.jpg
[2025-11-17 19:31:56] Total autos procesados: 4
[2025-11-17 19:31:56] === FIN get_autos.php ===
[2025-11-17 19:32:09] === Iniciando get_autos.php ===
[2025-11-17 19:32:09] SQL Autos: SELECT 
            id, vin, marca, modelo, anio, precio, millaje, 
            combustible, drive_train, descripcion, destacado, 
            estado, fecha_publicacion
        FROM autos 
        ORDER BY id DESC
[2025-11-17 19:32:09] Autos encontrados: 4
[2025-11-17 19:32:09] Procesando auto ID: 17
[2025-11-17 19:32:09] SQL Img: 
        SELECT id, ruta, principal
        FROM imagenes_autos
        WHERE auto_id = ?
        ORDER BY principal DESC, id ASC
    
[2025-11-17 19:32:09] Imágenes encontradas para auto 17: 4
[2025-11-17 19:32:09] Ruta original BD: uploads/car_691b5d85cb6ca3.20992780.jpg
[2025-11-17 19:32:09] Ruta normalizada enviada al front: uploads/car_691b5d85cb6ca3.20992780.jpg
[2025-11-17 19:32:09] Ruta original BD: uploads/car_691b5d85c64370.70952560.jpg
[2025-11-17 19:32:09] Ruta normalizada enviada al front: uploads/car_691b5d85c64370.70952560.jpg
[2025-11-17 19:32:09] Ruta original BD: uploads/car_691b5d85ca3493.62482036.jpg
[2025-11-17 19:32:09] Ruta normalizada enviada al front: uploads/car_691b5d85ca3493.62482036.jpg
[2025-11-17 19:32:09] Ruta original BD: uploads/car_691b5d85cd8a14.42847139.jpg
[2025-11-17 19:32:09] Ruta normalizada enviada al front: uploads/car_691b5d85cd8a14.42847139.jpg
[2025-11-17 19:32:09] Procesando auto ID: 16
[2025-11-17 19:32:09] SQL Img: 
        SELECT id, ruta, principal
        FROM imagenes_autos
        WHERE auto_id = ?
        ORDER BY principal DESC, id ASC
    
[2025-11-17 19:32:09] Imágenes encontradas para auto 16: 3
[2025-11-17 19:32:09] Ruta original BD: uploads/car_691b3bc01196d7.21033446.jpg
[2025-11-17 19:32:09] Ruta normalizada enviada al front: uploads/car_691b3bc01196d7.21033446.jpg
[2025-11-17 19:32:09] Ruta original BD: uploads/img_691b5fdb9c4913.98326475.jpg
[2025-11-17 19:32:09] Ruta normalizada enviada al front: uploads/img_691b5fdb9c4913.98326475.jpg
[2025-11-17 19:32:09] Ruta original BD: uploads/img_691b5fdb9ea8a6.91773331.jpg
[2025-11-17 19:32:09] Ruta normalizada enviada al front: uploads/img_691b5fdb9ea8a6.91773331.jpg
[2025-11-17 19:32:09] Procesando auto ID: 15
[2025-11-17 19:32:09] SQL Img: 
        SELECT id, ruta, principal
        FROM imagenes_autos
        WHERE auto_id = ?
        ORDER BY principal DESC, id ASC
    
[2025-11-17 19:32:09] Imágenes encontradas para auto 15: 3
[2025-11-17 19:32:09] Ruta original BD: uploads/car_691b3a135ccfc6.70908182.jpg
[2025-11-17 19:32:09] Ruta normalizada enviada al front: uploads/car_691b3a135ccfc6.70908182.jpg
[2025-11-17 19:32:09] Ruta original BD: uploads/car_691b3a135b5642.01824040.jpg
[2025-11-17 19:32:09] Ruta normalizada enviada al front: uploads/car_691b3a135b5642.01824040.jpg
[2025-11-17 19:32:09] Ruta original BD: uploads/car_691b3a135e14d0.27122190.jpg
[2025-11-17 19:32:09] Ruta normalizada enviada al front: uploads/car_691b3a135e14d0.27122190.jpg
[2025-11-17 19:32:09] Procesando auto ID: 14
[2025-11-17 19:32:09] SQL Img: 
        SELECT id, ruta, principal
        FROM imagenes_autos
        WHERE auto_id = ?
        ORDER BY principal DESC, id ASC
    
[2025-11-17 19:32:09] Imágenes encontradas para auto 14: 3
[2025-11-17 19:32:09] Ruta original BD: uploads/car_691b2eaa0a46a4.03821122.jpg
[2025-11-17 19:32:09] Ruta normalizada enviada al front: uploads/car_691b2eaa0a46a4.03821122.jpg
[2025-11-17 19:32:09] Ruta original BD: uploads/car_691b2fdfb30907.21434018.jpg
[2025-11-17 19:32:09] Ruta normalizada enviada al front: uploads/car_691b2fdfb30907.21434018.jpg
[2025-11-17 19:32:09] Ruta original BD: uploads/img_691b38c60d8994.77930618.jpg
[2025-11-17 19:32:09] Ruta normalizada enviada al front: uploads/img_691b38c60d8994.77930618.jpg
[2025-11-17 19:32:09] Total autos procesados: 4
[2025-11-17 19:32:09] === FIN get_autos.php ===
[2025-11-17 19:34:33] === Iniciando get_autos.php ===
[2025-11-17 19:34:33] SQL Autos: SELECT 
            id, vin, marca, modelo, anio, precio, millaje, 
            combustible, drive_train, descripcion, destacado, 
            estado, fecha_publicacion
        FROM autos 
        ORDER BY id DESC
[2025-11-17 19:34:33] Autos encontrados: 4
[2025-11-17 19:34:33] Procesando auto ID: 17
[2025-11-17 19:34:33] SQL Img: 
        SELECT id, ruta, principal
        FROM imagenes_autos
        WHERE auto_id = ?
        ORDER BY principal DESC, id ASC
    
[2025-11-17 19:34:33] Imágenes encontradas para auto 17: 4
[2025-11-17 19:34:33] Ruta original BD: uploads/car_691b5d85cb6ca3.20992780.jpg
[2025-11-17 19:34:33] Ruta normalizada enviada al front: uploads/car_691b5d85cb6ca3.20992780.jpg
[2025-11-17 19:34:33] Ruta original BD: uploads/car_691b5d85c64370.70952560.jpg
[2025-11-17 19:34:33] Ruta normalizada enviada al front: uploads/car_691b5d85c64370.70952560.jpg
[2025-11-17 19:34:33] Ruta original BD: uploads/car_691b5d85ca3493.62482036.jpg
[2025-11-17 19:34:33] Ruta normalizada enviada al front: uploads/car_691b5d85ca3493.62482036.jpg
[2025-11-17 19:34:33] Ruta original BD: uploads/car_691b5d85cd8a14.42847139.jpg
[2025-11-17 19:34:33] Ruta normalizada enviada al front: uploads/car_691b5d85cd8a14.42847139.jpg
[2025-11-17 19:34:33] Procesando auto ID: 16
[2025-11-17 19:34:33] SQL Img: 
        SELECT id, ruta, principal
        FROM imagenes_autos
        WHERE auto_id = ?
        ORDER BY principal DESC, id ASC
    
[2025-11-17 19:34:33] Imágenes encontradas para auto 16: 3
[2025-11-17 19:34:33] Ruta original BD: uploads/car_691b3bc01196d7.21033446.jpg
[2025-11-17 19:34:33] Ruta normalizada enviada al front: uploads/car_691b3bc01196d7.21033446.jpg
[2025-11-17 19:34:33] Ruta original BD: uploads/img_691b5fdb9c4913.98326475.jpg
[2025-11-17 19:34:33] Ruta normalizada enviada al front: uploads/img_691b5fdb9c4913.98326475.jpg
[2025-11-17 19:34:33] Ruta original BD: uploads/img_691b5fdb9ea8a6.91773331.jpg
[2025-11-17 19:34:33] Ruta normalizada enviada al front: uploads/img_691b5fdb9ea8a6.91773331.jpg
[2025-11-17 19:34:33] Procesando auto ID: 15
[2025-11-17 19:34:33] SQL Img: 
        SELECT id, ruta, principal
        FROM imagenes_autos
        WHERE auto_id = ?
        ORDER BY principal DESC, id ASC
    
[2025-11-17 19:34:33] Imágenes encontradas para auto 15: 3
[2025-11-17 19:34:33] Ruta original BD: uploads/car_691b3a135ccfc6.70908182.jpg
[2025-11-17 19:34:33] Ruta normalizada enviada al front: uploads/car_691b3a135ccfc6.70908182.jpg
[2025-11-17 19:34:33] Ruta original BD: uploads/car_691b3a135b5642.01824040.jpg
[2025-11-17 19:34:33] Ruta normalizada enviada al front: uploads/car_691b3a135b5642.01824040.jpg
[2025-11-17 19:34:33] Ruta original BD: uploads/car_691b3a135e14d0.27122190.jpg
[2025-11-17 19:34:33] Ruta normalizada enviada al front: uploads/car_691b3a135e14d0.27122190.jpg
[2025-11-17 19:34:33] Procesando auto ID: 14
[2025-11-17 19:34:33] SQL Img: 
        SELECT id, ruta, principal
        FROM imagenes_autos
        WHERE auto_id = ?
        ORDER BY principal DESC, id ASC
    
[2025-11-17 19:34:33] Imágenes encontradas para auto 14: 3
[2025-11-17 19:34:33] Ruta original BD: uploads/car_691b2eaa0a46a4.03821122.jpg
[2025-11-17 19:34:33] Ruta normalizada enviada al front: uploads/car_691b2eaa0a46a4.03821122.jpg
[2025-11-17 19:34:33] Ruta original BD: uploads/car_691b2fdfb30907.21434018.jpg
[2025-11-17 19:34:33] Ruta normalizada enviada al front: uploads/car_691b2fdfb30907.21434018.jpg
[2025-11-17 19:34:33] Ruta original BD: uploads/img_691b38c60d8994.77930618.jpg
[2025-11-17 19:34:33] Ruta normalizada enviada al front: uploads/img_691b38c60d8994.77930618.jpg
[2025-11-17 19:34:33] Total autos procesados: 4
[2025-11-17 19:34:33] === FIN get_autos.php ===
[2025-11-17 19:34:33] === Iniciando get_autos.php ===
[2025-11-17 19:34:33] SQL Autos: SELECT 
            id, vin, marca, modelo, anio, precio, millaje, 
            combustible, drive_train, descripcion, destacado, 
            estado, fecha_publicacion
        FROM autos 
        ORDER BY id DESC
[2025-11-17 19:34:33] Autos encontrados: 4
[2025-11-17 19:34:33] Procesando auto ID: 17
[2025-11-17 19:34:33] SQL Img: 
        SELECT id, ruta, principal
        FROM imagenes_autos
        WHERE auto_id = ?
        ORDER BY principal DESC, id ASC
    
[2025-11-17 19:34:33] Imágenes encontradas para auto 17: 4
[2025-11-17 19:34:33] Ruta original BD: uploads/car_691b5d85cb6ca3.20992780.jpg
[2025-11-17 19:34:33] Ruta normalizada enviada al front: uploads/car_691b5d85cb6ca3.20992780.jpg
[2025-11-17 19:34:33] Ruta original BD: uploads/car_691b5d85c64370.70952560.jpg
[2025-11-17 19:34:33] Ruta normalizada enviada al front: uploads/car_691b5d85c64370.70952560.jpg
[2025-11-17 19:34:33] Ruta original BD: uploads/car_691b5d85ca3493.62482036.jpg
[2025-11-17 19:34:33] Ruta normalizada enviada al front: uploads/car_691b5d85ca3493.62482036.jpg
[2025-11-17 19:34:33] Ruta original BD: uploads/car_691b5d85cd8a14.42847139.jpg
[2025-11-17 19:34:33] Ruta normalizada enviada al front: uploads/car_691b5d85cd8a14.42847139.jpg
[2025-11-17 19:34:33] Procesando auto ID: 16
[2025-11-17 19:34:33] SQL Img: 
        SELECT id, ruta, principal
        FROM imagenes_autos
        WHERE auto_id = ?
        ORDER BY principal DESC, id ASC
    
[2025-11-17 19:34:33] Imágenes encontradas para auto 16: 3
[2025-11-17 19:34:33] Ruta original BD: uploads/car_691b3bc01196d7.21033446.jpg
[2025-11-17 19:34:33] Ruta normalizada enviada al front: uploads/car_691b3bc01196d7.21033446.jpg
[2025-11-17 19:34:33] Ruta original BD: uploads/img_691b5fdb9c4913.98326475.jpg
[2025-11-17 19:34:33] Ruta normalizada enviada al front: uploads/img_691b5fdb9c4913.98326475.jpg
[2025-11-17 19:34:33] Ruta original BD: uploads/img_691b5fdb9ea8a6.91773331.jpg
[2025-11-17 19:34:33] Ruta normalizada enviada al front: uploads/img_691b5fdb9ea8a6.91773331.jpg
[2025-11-17 19:34:33] Procesando auto ID: 15
[2025-11-17 19:34:33] SQL Img: 
        SELECT id, ruta, principal
        FROM imagenes_autos
        WHERE auto_id = ?
        ORDER BY principal DESC, id ASC
    
[2025-11-17 19:34:33] Imágenes encontradas para auto 15: 3
[2025-11-17 19:34:33] Ruta original BD: uploads/car_691b3a135ccfc6.70908182.jpg
[2025-11-17 19:34:33] Ruta normalizada enviada al front: uploads/car_691b3a135ccfc6.70908182.jpg
[2025-11-17 19:34:33] Ruta original BD: uploads/car_691b3a135b5642.01824040.jpg
[2025-11-17 19:34:33] Ruta normalizada enviada al front: uploads/car_691b3a135b5642.01824040.jpg
[2025-11-17 19:34:33] Ruta original BD: uploads/car_691b3a135e14d0.27122190.jpg
[2025-11-17 19:34:33] Ruta normalizada enviada al front: uploads/car_691b3a135e14d0.27122190.jpg
[2025-11-17 19:34:33] Procesando auto ID: 14
[2025-11-17 19:34:33] SQL Img: 
        SELECT id, ruta, principal
        FROM imagenes_autos
        WHERE auto_id = ?
        ORDER BY principal DESC, id ASC
    
[2025-11-17 19:34:33] Imágenes encontradas para auto 14: 3
[2025-11-17 19:34:33] Ruta original BD: uploads/car_691b2eaa0a46a4.03821122.jpg
[2025-11-17 19:34:33] Ruta normalizada enviada al front: uploads/car_691b2eaa0a46a4.03821122.jpg
[2025-11-17 19:34:33] Ruta original BD: uploads/car_691b2fdfb30907.21434018.jpg
[2025-11-17 19:34:33] Ruta normalizada enviada al front: uploads/car_691b2fdfb30907.21434018.jpg
[2025-11-17 19:34:33] Ruta original BD: uploads/img_691b38c60d8994.77930618.jpg
[2025-11-17 19:34:33] Ruta normalizada enviada al front: uploads/img_691b38c60d8994.77930618.jpg
[2025-11-17 19:34:33] Total autos procesados: 4
[2025-11-17 19:34:33] === FIN get_autos.php ===
[2025-11-17 19:34:48] === Iniciando get_autos.php ===
[2025-11-17 19:34:48] SQL Autos: SELECT 
            id, vin, marca, modelo, anio, precio, millaje, 
            combustible, drive_train, descripcion, destacado, 
            estado, fecha_publicacion
        FROM autos 
        ORDER BY id DESC
[2025-11-17 19:34:48] Autos encontrados: 4
[2025-11-17 19:34:48] Procesando auto ID: 17
[2025-11-17 19:34:48] SQL Img: 
        SELECT id, ruta, principal
        FROM imagenes_autos
        WHERE auto_id = ?
        ORDER BY principal DESC, id ASC
    
[2025-11-17 19:34:48] Imágenes encontradas para auto 17: 4
[2025-11-17 19:34:48] Ruta original BD: uploads/car_691b5d85cb6ca3.20992780.jpg
[2025-11-17 19:34:48] Ruta normalizada enviada al front: uploads/car_691b5d85cb6ca3.20992780.jpg
[2025-11-17 19:34:48] Ruta original BD: uploads/car_691b5d85c64370.70952560.jpg
[2025-11-17 19:34:48] Ruta normalizada enviada al front: uploads/car_691b5d85c64370.70952560.jpg
[2025-11-17 19:34:48] Ruta original BD: uploads/car_691b5d85ca3493.62482036.jpg
[2025-11-17 19:34:48] Ruta normalizada enviada al front: uploads/car_691b5d85ca3493.62482036.jpg
[2025-11-17 19:34:48] Ruta original BD: uploads/car_691b5d85cd8a14.42847139.jpg
[2025-11-17 19:34:48] Ruta normalizada enviada al front: uploads/car_691b5d85cd8a14.42847139.jpg
[2025-11-17 19:34:48] Procesando auto ID: 16
[2025-11-17 19:34:48] SQL Img: 
        SELECT id, ruta, principal
        FROM imagenes_autos
        WHERE auto_id = ?
        ORDER BY principal DESC, id ASC
    
[2025-11-17 19:34:48] Imágenes encontradas para auto 16: 3
[2025-11-17 19:34:48] Ruta original BD: uploads/car_691b3bc01196d7.21033446.jpg
[2025-11-17 19:34:48] Ruta normalizada enviada al front: uploads/car_691b3bc01196d7.21033446.jpg
[2025-11-17 19:34:48] Ruta original BD: uploads/img_691b5fdb9c4913.98326475.jpg
[2025-11-17 19:34:48] Ruta normalizada enviada al front: uploads/img_691b5fdb9c4913.98326475.jpg
[2025-11-17 19:34:48] Ruta original BD: uploads/img_691b5fdb9ea8a6.91773331.jpg
[2025-11-17 19:34:48] Ruta normalizada enviada al front: uploads/img_691b5fdb9ea8a6.91773331.jpg
[2025-11-17 19:34:48] Procesando auto ID: 15
[2025-11-17 19:34:48] SQL Img: 
        SELECT id, ruta, principal
        FROM imagenes_autos
        WHERE auto_id = ?
        ORDER BY principal DESC, id ASC
    
[2025-11-17 19:34:48] Imágenes encontradas para auto 15: 3
[2025-11-17 19:34:48] Ruta original BD: uploads/car_691b3a135ccfc6.70908182.jpg
[2025-11-17 19:34:48] Ruta normalizada enviada al front: uploads/car_691b3a135ccfc6.70908182.jpg
[2025-11-17 19:34:48] Ruta original BD: uploads/car_691b3a135b5642.01824040.jpg
[2025-11-17 19:34:48] Ruta normalizada enviada al front: uploads/car_691b3a135b5642.01824040.jpg
[2025-11-17 19:34:48] Ruta original BD: uploads/car_691b3a135e14d0.27122190.jpg
[2025-11-17 19:34:48] Ruta normalizada enviada al front: uploads/car_691b3a135e14d0.27122190.jpg
[2025-11-17 19:34:48] Procesando auto ID: 14
[2025-11-17 19:34:48] SQL Img: 
        SELECT id, ruta, principal
        FROM imagenes_autos
        WHERE auto_id = ?
        ORDER BY principal DESC, id ASC
    
[2025-11-17 19:34:48] Imágenes encontradas para auto 14: 3
[2025-11-17 19:34:48] Ruta original BD: uploads/car_691b2eaa0a46a4.03821122.jpg
[2025-11-17 19:34:48] Ruta normalizada enviada al front: uploads/car_691b2eaa0a46a4.03821122.jpg
[2025-11-17 19:34:48] Ruta original BD: uploads/car_691b2fdfb30907.21434018.jpg
[2025-11-17 19:34:48] Ruta normalizada enviada al front: uploads/car_691b2fdfb30907.21434018.jpg
[2025-11-17 19:34:48] Ruta original BD: uploads/img_691b38c60d8994.77930618.jpg
[2025-11-17 19:34:48] Ruta normalizada enviada al front: uploads/img_691b38c60d8994.77930618.jpg
[2025-11-17 19:34:48] Total autos procesados: 4
[2025-11-17 19:34:48] === FIN get_autos.php ===
[2025-11-17 19:34:57] === Iniciando get_autos.php ===
[2025-11-17 19:34:57] SQL Autos: SELECT 
            id, vin, marca, modelo, anio, precio, millaje, 
            combustible, drive_train, descripcion, destacado, 
            estado, fecha_publicacion
        FROM autos 
        ORDER BY id DESC
[2025-11-17 19:34:57] Autos encontrados: 4
[2025-11-17 19:34:57] Procesando auto ID: 17
[2025-11-17 19:34:57] SQL Img: 
        SELECT id, ruta, principal
        FROM imagenes_autos
        WHERE auto_id = ?
        ORDER BY principal DESC, id ASC
    
[2025-11-17 19:34:57] Imágenes encontradas para auto 17: 4
[2025-11-17 19:34:57] Ruta original BD: uploads/car_691b5d85cb6ca3.20992780.jpg
[2025-11-17 19:34:57] Ruta normalizada enviada al front: uploads/car_691b5d85cb6ca3.20992780.jpg
[2025-11-17 19:34:57] Ruta original BD: uploads/car_691b5d85c64370.70952560.jpg
[2025-11-17 19:34:57] Ruta normalizada enviada al front: uploads/car_691b5d85c64370.70952560.jpg
[2025-11-17 19:34:57] Ruta original BD: uploads/car_691b5d85ca3493.62482036.jpg
[2025-11-17 19:34:57] Ruta normalizada enviada al front: uploads/car_691b5d85ca3493.62482036.jpg
[2025-11-17 19:34:57] Ruta original BD: uploads/car_691b5d85cd8a14.42847139.jpg
[2025-11-17 19:34:57] Ruta normalizada enviada al front: uploads/car_691b5d85cd8a14.42847139.jpg
[2025-11-17 19:34:57] Procesando auto ID: 16
[2025-11-17 19:34:57] SQL Img: 
        SELECT id, ruta, principal
        FROM imagenes_autos
        WHERE auto_id = ?
        ORDER BY principal DESC, id ASC
    
[2025-11-17 19:34:57] Imágenes encontradas para auto 16: 3
[2025-11-17 19:34:57] Ruta original BD: uploads/car_691b3bc01196d7.21033446.jpg
[2025-11-17 19:34:57] Ruta normalizada enviada al front: uploads/car_691b3bc01196d7.21033446.jpg
[2025-11-17 19:34:57] Ruta original BD: uploads/img_691b5fdb9c4913.98326475.jpg
[2025-11-17 19:34:57] Ruta normalizada enviada al front: uploads/img_691b5fdb9c4913.98326475.jpg
[2025-11-17 19:34:57] Ruta original BD: uploads/img_691b5fdb9ea8a6.91773331.jpg
[2025-11-17 19:34:57] Ruta normalizada enviada al front: uploads/img_691b5fdb9ea8a6.91773331.jpg
[2025-11-17 19:34:57] Procesando auto ID: 15
[2025-11-17 19:34:57] SQL Img: 
        SELECT id, ruta, principal
        FROM imagenes_autos
        WHERE auto_id = ?
        ORDER BY principal DESC, id ASC
    
[2025-11-17 19:34:57] Imágenes encontradas para auto 15: 3
[2025-11-17 19:34:57] Ruta original BD: uploads/car_691b3a135ccfc6.70908182.jpg
[2025-11-17 19:34:57] Ruta normalizada enviada al front: uploads/car_691b3a135ccfc6.70908182.jpg
[2025-11-17 19:34:57] Ruta original BD: uploads/car_691b3a135b5642.01824040.jpg
[2025-11-17 19:34:57] Ruta normalizada enviada al front: uploads/car_691b3a135b5642.01824040.jpg
[2025-11-17 19:34:57] Ruta original BD: uploads/car_691b3a135e14d0.27122190.jpg
[2025-11-17 19:34:57] Ruta normalizada enviada al front: uploads/car_691b3a135e14d0.27122190.jpg
[2025-11-17 19:34:57] Procesando auto ID: 14
[2025-11-17 19:34:57] SQL Img: 
        SELECT id, ruta, principal
        FROM imagenes_autos
        WHERE auto_id = ?
        ORDER BY principal DESC, id ASC
    
[2025-11-17 19:34:57] Imágenes encontradas para auto 14: 3
[2025-11-17 19:34:57] Ruta original BD: uploads/car_691b2eaa0a46a4.03821122.jpg
[2025-11-17 19:34:57] Ruta normalizada enviada al front: uploads/car_691b2eaa0a46a4.03821122.jpg
[2025-11-17 19:34:57] Ruta original BD: uploads/car_691b2fdfb30907.21434018.jpg
[2025-11-17 19:34:57] Ruta normalizada enviada al front: uploads/car_691b2fdfb30907.21434018.jpg
[2025-11-17 19:34:57] Ruta original BD: uploads/img_691b38c60d8994.77930618.jpg
[2025-11-17 19:34:57] Ruta normalizada enviada al front: uploads/img_691b38c60d8994.77930618.jpg
[2025-11-17 19:34:57] Total autos procesados: 4
[2025-11-17 19:34:57] === FIN get_autos.php ===
[2025-11-17 19:35:22] === Iniciando get_autos.php ===
[2025-11-17 19:35:22] SQL Autos: SELECT 
            id, vin, marca, modelo, anio, precio, millaje, 
            combustible, drive_train, descripcion, destacado, 
            estado, fecha_publicacion
        FROM autos 
        ORDER BY id DESC
[2025-11-17 19:35:22] Autos encontrados: 4
[2025-11-17 19:35:22] Procesando auto ID: 17
[2025-11-17 19:35:22] SQL Img: 
        SELECT id, ruta, principal
        FROM imagenes_autos
        WHERE auto_id = ?
        ORDER BY principal DESC, id ASC
    
[2025-11-17 19:35:22] Imágenes encontradas para auto 17: 4
[2025-11-17 19:35:22] Ruta original BD: uploads/car_691b5d85cb6ca3.20992780.jpg
[2025-11-17 19:35:22] Ruta normalizada enviada al front: uploads/car_691b5d85cb6ca3.20992780.jpg
[2025-11-17 19:35:22] Ruta original BD: uploads/car_691b5d85c64370.70952560.jpg
[2025-11-17 19:35:22] Ruta normalizada enviada al front: uploads/car_691b5d85c64370.70952560.jpg
[2025-11-17 19:35:22] Ruta original BD: uploads/car_691b5d85ca3493.62482036.jpg
[2025-11-17 19:35:22] Ruta normalizada enviada al front: uploads/car_691b5d85ca3493.62482036.jpg
[2025-11-17 19:35:22] Ruta original BD: uploads/car_691b5d85cd8a14.42847139.jpg
[2025-11-17 19:35:22] Ruta normalizada enviada al front: uploads/car_691b5d85cd8a14.42847139.jpg
[2025-11-17 19:35:22] Procesando auto ID: 16
[2025-11-17 19:35:22] SQL Img: 
        SELECT id, ruta, principal
        FROM imagenes_autos
        WHERE auto_id = ?
        ORDER BY principal DESC, id ASC
    
[2025-11-17 19:35:22] Imágenes encontradas para auto 16: 3
[2025-11-17 19:35:22] Ruta original BD: uploads/car_691b3bc01196d7.21033446.jpg
[2025-11-17 19:35:22] Ruta normalizada enviada al front: uploads/car_691b3bc01196d7.21033446.jpg
[2025-11-17 19:35:22] Ruta original BD: uploads/img_691b5fdb9c4913.98326475.jpg
[2025-11-17 19:35:22] Ruta normalizada enviada al front: uploads/img_691b5fdb9c4913.98326475.jpg
[2025-11-17 19:35:22] Ruta original BD: uploads/img_691b5fdb9ea8a6.91773331.jpg
[2025-11-17 19:35:22] Ruta normalizada enviada al front: uploads/img_691b5fdb9ea8a6.91773331.jpg
[2025-11-17 19:35:22] Procesando auto ID: 15
[2025-11-17 19:35:22] SQL Img: 
        SELECT id, ruta, principal
        FROM imagenes_autos
        WHERE auto_id = ?
        ORDER BY principal DESC, id ASC
    
[2025-11-17 19:35:22] Imágenes encontradas para auto 15: 3
[2025-11-17 19:35:22] Ruta original BD: uploads/car_691b3a135ccfc6.70908182.jpg
[2025-11-17 19:35:22] Ruta normalizada enviada al front: uploads/car_691b3a135ccfc6.70908182.jpg
[2025-11-17 19:35:22] Ruta original BD: uploads/car_691b3a135b5642.01824040.jpg
[2025-11-17 19:35:22] Ruta normalizada enviada al front: uploads/car_691b3a135b5642.01824040.jpg
[2025-11-17 19:35:22] Ruta original BD: uploads/car_691b3a135e14d0.27122190.jpg
[2025-11-17 19:35:22] Ruta normalizada enviada al front: uploads/car_691b3a135e14d0.27122190.jpg
[2025-11-17 19:35:22] Procesando auto ID: 14
[2025-11-17 19:35:22] SQL Img: 
        SELECT id, ruta, principal
        FROM imagenes_autos
        WHERE auto_id = ?
        ORDER BY principal DESC, id ASC
    
[2025-11-17 19:35:22] Imágenes encontradas para auto 14: 3
[2025-11-17 19:35:22] Ruta original BD: uploads/car_691b2eaa0a46a4.03821122.jpg
[2025-11-17 19:35:22] Ruta normalizada enviada al front: uploads/car_691b2eaa0a46a4.03821122.jpg
[2025-11-17 19:35:22] Ruta original BD: uploads/car_691b2fdfb30907.21434018.jpg
[2025-11-17 19:35:22] Ruta normalizada enviada al front: uploads/car_691b2fdfb30907.21434018.jpg
[2025-11-17 19:35:22] Ruta original BD: uploads/img_691b38c60d8994.77930618.jpg
[2025-11-17 19:35:22] Ruta normalizada enviada al front: uploads/img_691b38c60d8994.77930618.jpg
[2025-11-17 19:35:22] Total autos procesados: 4
[2025-11-17 19:35:22] === FIN get_autos.php ===
[2025-11-17 19:43:28] === Iniciando get_autos.php ===
[2025-11-17 19:43:28] SQL Autos: SELECT 
            id, vin, marca, modelo, anio, precio, millaje, 
            combustible, drive_train, descripcion, destacado, 
            estado, fecha_publicacion
        FROM autos 
        ORDER BY id DESC
[2025-11-17 19:43:28] Autos encontrados: 4
[2025-11-17 19:43:28] Procesando auto ID: 17
[2025-11-17 19:43:28] SQL Img: 
        SELECT id, ruta, principal
        FROM imagenes_autos
        WHERE auto_id = ?
        ORDER BY principal DESC, id ASC
    
[2025-11-17 19:43:28] Imágenes encontradas para auto 17: 4
[2025-11-17 19:43:28] Ruta original BD: uploads/car_691b5d85cb6ca3.20992780.jpg
[2025-11-17 19:43:28] Ruta normalizada enviada al front: uploads/car_691b5d85cb6ca3.20992780.jpg
[2025-11-17 19:43:28] Ruta original BD: uploads/car_691b5d85c64370.70952560.jpg
[2025-11-17 19:43:28] Ruta normalizada enviada al front: uploads/car_691b5d85c64370.70952560.jpg
[2025-11-17 19:43:28] Ruta original BD: uploads/car_691b5d85ca3493.62482036.jpg
[2025-11-17 19:43:28] Ruta normalizada enviada al front: uploads/car_691b5d85ca3493.62482036.jpg
[2025-11-17 19:43:28] Ruta original BD: uploads/car_691b5d85cd8a14.42847139.jpg
[2025-11-17 19:43:28] Ruta normalizada enviada al front: uploads/car_691b5d85cd8a14.42847139.jpg
[2025-11-17 19:43:28] Procesando auto ID: 16
[2025-11-17 19:43:28] SQL Img: 
        SELECT id, ruta, principal
        FROM imagenes_autos
        WHERE auto_id = ?
        ORDER BY principal DESC, id ASC
    
[2025-11-17 19:43:28] Imágenes encontradas para auto 16: 3
[2025-11-17 19:43:28] Ruta original BD: uploads/car_691b3bc01196d7.21033446.jpg
[2025-11-17 19:43:28] Ruta normalizada enviada al front: uploads/car_691b3bc01196d7.21033446.jpg
[2025-11-17 19:43:28] Ruta original BD: uploads/img_691b5fdb9c4913.98326475.jpg
[2025-11-17 19:43:28] Ruta normalizada enviada al front: uploads/img_691b5fdb9c4913.98326475.jpg
[2025-11-17 19:43:28] Ruta original BD: uploads/img_691b5fdb9ea8a6.91773331.jpg
[2025-11-17 19:43:28] Ruta normalizada enviada al front: uploads/img_691b5fdb9ea8a6.91773331.jpg
[2025-11-17 19:43:28] Procesando auto ID: 15
[2025-11-17 19:43:28] SQL Img: 
        SELECT id, ruta, principal
        FROM imagenes_autos
        WHERE auto_id = ?
        ORDER BY principal DESC, id ASC
    
[2025-11-17 19:43:28] Imágenes encontradas para auto 15: 3
[2025-11-17 19:43:28] Ruta original BD: uploads/car_691b3a135ccfc6.70908182.jpg
[2025-11-17 19:43:28] Ruta normalizada enviada al front: uploads/car_691b3a135ccfc6.70908182.jpg
[2025-11-17 19:43:28] Ruta original BD: uploads/car_691b3a135b5642.01824040.jpg
[2025-11-17 19:43:28] Ruta normalizada enviada al front: uploads/car_691b3a135b5642.01824040.jpg
[2025-11-17 19:43:28] Ruta original BD: uploads/car_691b3a135e14d0.27122190.jpg
[2025-11-17 19:43:28] Ruta normalizada enviada al front: uploads/car_691b3a135e14d0.27122190.jpg
[2025-11-17 19:43:28] Procesando auto ID: 14
[2025-11-17 19:43:28] SQL Img: 
        SELECT id, ruta, principal
        FROM imagenes_autos
        WHERE auto_id = ?
        ORDER BY principal DESC, id ASC
    
[2025-11-17 19:43:28] Imágenes encontradas para auto 14: 3
[2025-11-17 19:43:28] Ruta original BD: uploads/car_691b2eaa0a46a4.03821122.jpg
[2025-11-17 19:43:28] Ruta normalizada enviada al front: uploads/car_691b2eaa0a46a4.03821122.jpg
[2025-11-17 19:43:28] Ruta original BD: uploads/car_691b2fdfb30907.21434018.jpg
[2025-11-17 19:43:28] Ruta normalizada enviada al front: uploads/car_691b2fdfb30907.21434018.jpg
[2025-11-17 19:43:28] Ruta original BD: uploads/img_691b38c60d8994.77930618.jpg
[2025-11-17 19:43:28] Ruta normalizada enviada al front: uploads/img_691b38c60d8994.77930618.jpg
[2025-11-17 19:43:28] Total autos procesados: 4
[2025-11-17 19:43:28] === FIN get_autos.php ===
[2025-11-17 19:44:10] === Iniciando get_autos.php ===
[2025-11-17 19:44:10] SQL Autos: SELECT 
            id, vin, marca, modelo, anio, precio, millaje, 
            combustible, drive_train, descripcion, destacado, 
            estado, fecha_publicacion
        FROM autos 
        ORDER BY id DESC
[2025-11-17 19:44:10] Autos encontrados: 4
[2025-11-17 19:44:10] Procesando auto ID: 17
[2025-11-17 19:44:10] SQL Img: 
        SELECT id, ruta, principal
        FROM imagenes_autos
        WHERE auto_id = ?
        ORDER BY principal DESC, id ASC
    
[2025-11-17 19:44:10] Imágenes encontradas para auto 17: 4
[2025-11-17 19:44:10] Ruta original BD: uploads/car_691b5d85cb6ca3.20992780.jpg
[2025-11-17 19:44:10] Ruta normalizada enviada al front: uploads/car_691b5d85cb6ca3.20992780.jpg
[2025-11-17 19:44:10] Ruta original BD: uploads/car_691b5d85c64370.70952560.jpg
[2025-11-17 19:44:10] Ruta normalizada enviada al front: uploads/car_691b5d85c64370.70952560.jpg
[2025-11-17 19:44:10] Ruta original BD: uploads/car_691b5d85ca3493.62482036.jpg
[2025-11-17 19:44:10] Ruta normalizada enviada al front: uploads/car_691b5d85ca3493.62482036.jpg
[2025-11-17 19:44:10] Ruta original BD: uploads/car_691b5d85cd8a14.42847139.jpg
[2025-11-17 19:44:10] Ruta normalizada enviada al front: uploads/car_691b5d85cd8a14.42847139.jpg
[2025-11-17 19:44:10] Procesando auto ID: 16
[2025-11-17 19:44:10] SQL Img: 
        SELECT id, ruta, principal
        FROM imagenes_autos
        WHERE auto_id = ?
        ORDER BY principal DESC, id ASC
    
[2025-11-17 19:44:10] Imágenes encontradas para auto 16: 3
[2025-11-17 19:44:10] Ruta original BD: uploads/car_691b3bc01196d7.21033446.jpg
[2025-11-17 19:44:10] Ruta normalizada enviada al front: uploads/car_691b3bc01196d7.21033446.jpg
[2025-11-17 19:44:10] Ruta original BD: uploads/img_691b5fdb9c4913.98326475.jpg
[2025-11-17 19:44:10] Ruta normalizada enviada al front: uploads/img_691b5fdb9c4913.98326475.jpg
[2025-11-17 19:44:10] Ruta original BD: uploads/img_691b5fdb9ea8a6.91773331.jpg
[2025-11-17 19:44:10] Ruta normalizada enviada al front: uploads/img_691b5fdb9ea8a6.91773331.jpg
[2025-11-17 19:44:10] Procesando auto ID: 15
[2025-11-17 19:44:10] SQL Img: 
        SELECT id, ruta, principal
        FROM imagenes_autos
        WHERE auto_id = ?
        ORDER BY principal DESC, id ASC
    
[2025-11-17 19:44:10] Imágenes encontradas para auto 15: 3
[2025-11-17 19:44:10] Ruta original BD: uploads/car_691b3a135ccfc6.70908182.jpg
[2025-11-17 19:44:10] Ruta normalizada enviada al front: uploads/car_691b3a135ccfc6.70908182.jpg
[2025-11-17 19:44:10] Ruta original BD: uploads/car_691b3a135b5642.01824040.jpg
[2025-11-17 19:44:10] Ruta normalizada enviada al front: uploads/car_691b3a135b5642.01824040.jpg
[2025-11-17 19:44:10] Ruta original BD: uploads/car_691b3a135e14d0.27122190.jpg
[2025-11-17 19:44:10] Ruta normalizada enviada al front: uploads/car_691b3a135e14d0.27122190.jpg
[2025-11-17 19:44:10] Procesando auto ID: 14
[2025-11-17 19:44:10] SQL Img: 
        SELECT id, ruta, principal
        FROM imagenes_autos
        WHERE auto_id = ?
        ORDER BY principal DESC, id ASC
    
[2025-11-17 19:44:10] Imágenes encontradas para auto 14: 3
[2025-11-17 19:44:10] Ruta original BD: uploads/car_691b2eaa0a46a4.03821122.jpg
[2025-11-17 19:44:10] Ruta normalizada enviada al front: uploads/car_691b2eaa0a46a4.03821122.jpg
[2025-11-17 19:44:10] Ruta original BD: uploads/car_691b2fdfb30907.21434018.jpg
[2025-11-17 19:44:10] Ruta normalizada enviada al front: uploads/car_691b2fdfb30907.21434018.jpg
[2025-11-17 19:44:10] Ruta original BD: uploads/img_691b38c60d8994.77930618.jpg
[2025-11-17 19:44:10] Ruta normalizada enviada al front: uploads/img_691b38c60d8994.77930618.jpg
[2025-11-17 19:44:10] Total autos procesados: 4
[2025-11-17 19:44:10] === FIN get_autos.php ===
[2025-11-17 19:45:13] === Iniciando get_autos.php ===
[2025-11-17 19:45:13] SQL Autos: SELECT 
            id, vin, marca, modelo, anio, precio, millaje, 
            combustible, drive_train, descripcion, destacado, 
            estado, fecha_publicacion
        FROM autos 
        ORDER BY id DESC
[2025-11-17 19:45:13] Autos encontrados: 4
[2025-11-17 19:45:13] Procesando auto ID: 17
[2025-11-17 19:45:13] SQL Img: 
        SELECT id, ruta, principal
        FROM imagenes_autos
        WHERE auto_id = ?
        ORDER BY principal DESC, id ASC
    
[2025-11-17 19:45:13] Imágenes encontradas para auto 17: 4
[2025-11-17 19:45:13] Ruta original BD: uploads/car_691b5d85cb6ca3.20992780.jpg
[2025-11-17 19:45:13] Ruta normalizada enviada al front: uploads/car_691b5d85cb6ca3.20992780.jpg
[2025-11-17 19:45:13] Ruta original BD: uploads/car_691b5d85c64370.70952560.jpg
[2025-11-17 19:45:13] Ruta normalizada enviada al front: uploads/car_691b5d85c64370.70952560.jpg
[2025-11-17 19:45:13] Ruta original BD: uploads/car_691b5d85ca3493.62482036.jpg
[2025-11-17 19:45:13] Ruta normalizada enviada al front: uploads/car_691b5d85ca3493.62482036.jpg
[2025-11-17 19:45:13] Ruta original BD: uploads/car_691b5d85cd8a14.42847139.jpg
[2025-11-17 19:45:13] Ruta normalizada enviada al front: uploads/car_691b5d85cd8a14.42847139.jpg
[2025-11-17 19:45:13] Procesando auto ID: 16
[2025-11-17 19:45:13] SQL Img: 
        SELECT id, ruta, principal
        FROM imagenes_autos
        WHERE auto_id = ?
        ORDER BY principal DESC, id ASC
    
[2025-11-17 19:45:13] Imágenes encontradas para auto 16: 3
[2025-11-17 19:45:13] Ruta original BD: uploads/car_691b3bc01196d7.21033446.jpg
[2025-11-17 19:45:13] Ruta normalizada enviada al front: uploads/car_691b3bc01196d7.21033446.jpg
[2025-11-17 19:45:13] Ruta original BD: uploads/img_691b5fdb9c4913.98326475.jpg
[2025-11-17 19:45:13] Ruta normalizada enviada al front: uploads/img_691b5fdb9c4913.98326475.jpg
[2025-11-17 19:45:13] Ruta original BD: uploads/img_691b5fdb9ea8a6.91773331.jpg
[2025-11-17 19:45:13] Ruta normalizada enviada al front: uploads/img_691b5fdb9ea8a6.91773331.jpg
[2025-11-17 19:45:13] Procesando auto ID: 15
[2025-11-17 19:45:13] SQL Img: 
        SELECT id, ruta, principal
        FROM imagenes_autos
        WHERE auto_id = ?
        ORDER BY principal DESC, id ASC
    
[2025-11-17 19:45:13] Imágenes encontradas para auto 15: 3
[2025-11-17 19:45:13] Ruta original BD: uploads/car_691b3a135ccfc6.70908182.jpg
[2025-11-17 19:45:13] Ruta normalizada enviada al front: uploads/car_691b3a135ccfc6.70908182.jpg
[2025-11-17 19:45:13] Ruta original BD: uploads/car_691b3a135b5642.01824040.jpg
[2025-11-17 19:45:13] Ruta normalizada enviada al front: uploads/car_691b3a135b5642.01824040.jpg
[2025-11-17 19:45:13] Ruta original BD: uploads/car_691b3a135e14d0.27122190.jpg
[2025-11-17 19:45:13] Ruta normalizada enviada al front: uploads/car_691b3a135e14d0.27122190.jpg
[2025-11-17 19:45:13] Procesando auto ID: 14
[2025-11-17 19:45:13] SQL Img: 
        SELECT id, ruta, principal
        FROM imagenes_autos
        WHERE auto_id = ?
        ORDER BY principal DESC, id ASC
    
[2025-11-17 19:45:13] Imágenes encontradas para auto 14: 3
[2025-11-17 19:45:13] Ruta original BD: uploads/car_691b2eaa0a46a4.03821122.jpg
[2025-11-17 19:45:13] Ruta normalizada enviada al front: uploads/car_691b2eaa0a46a4.03821122.jpg
[2025-11-17 19:45:13] Ruta original BD: uploads/car_691b2fdfb30907.21434018.jpg
[2025-11-17 19:45:13] Ruta normalizada enviada al front: uploads/car_691b2fdfb30907.21434018.jpg
[2025-11-17 19:45:13] Ruta original BD: uploads/img_691b38c60d8994.77930618.jpg
[2025-11-17 19:45:13] Ruta normalizada enviada al front: uploads/img_691b38c60d8994.77930618.jpg
[2025-11-17 19:45:13] Total autos procesados: 4
[2025-11-17 19:45:13] === FIN get_autos.php ===
[2025-11-17 19:50:33] === Iniciando get_autos.php ===
[2025-11-17 19:50:33] SQL Autos: SELECT 
            id, vin, marca, modelo, anio, precio, millaje, 
            combustible, drive_train, descripcion, destacado, 
            estado, fecha_publicacion
        FROM autos 
        ORDER BY id DESC
[2025-11-17 19:50:33] Autos encontrados: 4
[2025-11-17 19:50:33] Procesando auto ID: 17
[2025-11-17 19:50:33] SQL Img: 
        SELECT id, ruta, principal
        FROM imagenes_autos
        WHERE auto_id = ?
        ORDER BY principal DESC, id ASC
    
[2025-11-17 19:50:33] Imágenes encontradas para auto 17: 4
[2025-11-17 19:50:33] Ruta original BD: uploads/car_691b5d85cb6ca3.20992780.jpg
[2025-11-17 19:50:33] Ruta normalizada enviada al front: uploads/car_691b5d85cb6ca3.20992780.jpg
[2025-11-17 19:50:33] Ruta original BD: uploads/car_691b5d85c64370.70952560.jpg
[2025-11-17 19:50:33] Ruta normalizada enviada al front: uploads/car_691b5d85c64370.70952560.jpg
[2025-11-17 19:50:33] Ruta original BD: uploads/car_691b5d85ca3493.62482036.jpg
[2025-11-17 19:50:33] Ruta normalizada enviada al front: uploads/car_691b5d85ca3493.62482036.jpg
[2025-11-17 19:50:33] Ruta original BD: uploads/car_691b5d85cd8a14.42847139.jpg
[2025-11-17 19:50:33] Ruta normalizada enviada al front: uploads/car_691b5d85cd8a14.42847139.jpg
[2025-11-17 19:50:33] Procesando auto ID: 16
[2025-11-17 19:50:33] SQL Img: 
        SELECT id, ruta, principal
        FROM imagenes_autos
        WHERE auto_id = ?
        ORDER BY principal DESC, id ASC
    
[2025-11-17 19:50:33] Imágenes encontradas para auto 16: 3
[2025-11-17 19:50:33] Ruta original BD: uploads/car_691b3bc01196d7.21033446.jpg
[2025-11-17 19:50:33] Ruta normalizada enviada al front: uploads/car_691b3bc01196d7.21033446.jpg
[2025-11-17 19:50:33] Ruta original BD: uploads/img_691b5fdb9c4913.98326475.jpg
[2025-11-17 19:50:33] Ruta normalizada enviada al front: uploads/img_691b5fdb9c4913.98326475.jpg
[2025-11-17 19:50:33] Ruta original BD: uploads/img_691b5fdb9ea8a6.91773331.jpg
[2025-11-17 19:50:33] Ruta normalizada enviada al front: uploads/img_691b5fdb9ea8a6.91773331.jpg
[2025-11-17 19:50:33] Procesando auto ID: 15
[2025-11-17 19:50:33] SQL Img: 
        SELECT id, ruta, principal
        FROM imagenes_autos
        WHERE auto_id = ?
        ORDER BY principal DESC, id ASC
    
[2025-11-17 19:50:33] Imágenes encontradas para auto 15: 3
[2025-11-17 19:50:33] Ruta original BD: uploads/car_691b3a135ccfc6.70908182.jpg
[2025-11-17 19:50:33] Ruta normalizada enviada al front: uploads/car_691b3a135ccfc6.70908182.jpg
[2025-11-17 19:50:33] Ruta original BD: uploads/car_691b3a135b5642.01824040.jpg
[2025-11-17 19:50:33] Ruta normalizada enviada al front: uploads/car_691b3a135b5642.01824040.jpg
[2025-11-17 19:50:33] Ruta original BD: uploads/car_691b3a135e14d0.27122190.jpg
[2025-11-17 19:50:33] Ruta normalizada enviada al front: uploads/car_691b3a135e14d0.27122190.jpg
[2025-11-17 19:50:33] Procesando auto ID: 14
[2025-11-17 19:50:33] SQL Img: 
        SELECT id, ruta, principal
        FROM imagenes_autos
        WHERE auto_id = ?
        ORDER BY principal DESC, id ASC
    
[2025-11-17 19:50:33] Imágenes encontradas para auto 14: 3
[2025-11-17 19:50:33] Ruta original BD: uploads/car_691b2eaa0a46a4.03821122.jpg
[2025-11-17 19:50:33] Ruta normalizada enviada al front: uploads/car_691b2eaa0a46a4.03821122.jpg
[2025-11-17 19:50:33] Ruta original BD: uploads/car_691b2fdfb30907.21434018.jpg
[2025-11-17 19:50:33] Ruta normalizada enviada al front: uploads/car_691b2fdfb30907.21434018.jpg
[2025-11-17 19:50:33] Ruta original BD: uploads/img_691b38c60d8994.77930618.jpg
[2025-11-17 19:50:33] Ruta normalizada enviada al front: uploads/img_691b38c60d8994.77930618.jpg
[2025-11-17 19:50:33] Total autos procesados: 4
[2025-11-17 19:50:33] === FIN get_autos.php ===
[2025-11-17 19:51:41] === Iniciando get_autos.php ===
[2025-11-17 19:51:41] SQL Autos: SELECT 
            id, vin, marca, modelo, anio, precio, millaje, 
            combustible, drive_train, descripcion, destacado, 
            estado, fecha_publicacion
        FROM autos 
        ORDER BY id DESC
[2025-11-17 19:51:41] Autos encontrados: 4
[2025-11-17 19:51:41] Procesando auto ID: 17
[2025-11-17 19:51:41] SQL Img: 
        SELECT id, ruta, principal
        FROM imagenes_autos
        WHERE auto_id = ?
        ORDER BY principal DESC, id ASC
    
[2025-11-17 19:51:41] Imágenes encontradas para auto 17: 4
[2025-11-17 19:51:41] Ruta original BD: uploads/car_691b5d85cb6ca3.20992780.jpg
[2025-11-17 19:51:41] Ruta normalizada enviada al front: uploads/car_691b5d85cb6ca3.20992780.jpg
[2025-11-17 19:51:41] Ruta original BD: uploads/car_691b5d85c64370.70952560.jpg
[2025-11-17 19:51:41] Ruta normalizada enviada al front: uploads/car_691b5d85c64370.70952560.jpg
[2025-11-17 19:51:41] Ruta original BD: uploads/car_691b5d85ca3493.62482036.jpg
[2025-11-17 19:51:41] Ruta normalizada enviada al front: uploads/car_691b5d85ca3493.62482036.jpg
[2025-11-17 19:51:41] Ruta original BD: uploads/car_691b5d85cd8a14.42847139.jpg
[2025-11-17 19:51:41] Ruta normalizada enviada al front: uploads/car_691b5d85cd8a14.42847139.jpg
[2025-11-17 19:51:41] Procesando auto ID: 16
[2025-11-17 19:51:41] SQL Img: 
        SELECT id, ruta, principal
        FROM imagenes_autos
        WHERE auto_id = ?
        ORDER BY principal DESC, id ASC
    
[2025-11-17 19:51:41] Imágenes encontradas para auto 16: 3
[2025-11-17 19:51:41] Ruta original BD: uploads/car_691b3bc01196d7.21033446.jpg
[2025-11-17 19:51:41] Ruta normalizada enviada al front: uploads/car_691b3bc01196d7.21033446.jpg
[2025-11-17 19:51:41] Ruta original BD: uploads/img_691b5fdb9c4913.98326475.jpg
[2025-11-17 19:51:41] Ruta normalizada enviada al front: uploads/img_691b5fdb9c4913.98326475.jpg
[2025-11-17 19:51:41] Ruta original BD: uploads/img_691b5fdb9ea8a6.91773331.jpg
[2025-11-17 19:51:41] Ruta normalizada enviada al front: uploads/img_691b5fdb9ea8a6.91773331.jpg
[2025-11-17 19:51:41] Procesando auto ID: 15
[2025-11-17 19:51:41] SQL Img: 
        SELECT id, ruta, principal
        FROM imagenes_autos
        WHERE auto_id = ?
        ORDER BY principal DESC, id ASC
    
[2025-11-17 19:51:41] Imágenes encontradas para auto 15: 3
[2025-11-17 19:51:41] Ruta original BD: uploads/car_691b3a135ccfc6.70908182.jpg
[2025-11-17 19:51:41] Ruta normalizada enviada al front: uploads/car_691b3a135ccfc6.70908182.jpg
[2025-11-17 19:51:41] Ruta original BD: uploads/car_691b3a135b5642.01824040.jpg
[2025-11-17 19:51:41] Ruta normalizada enviada al front: uploads/car_691b3a135b5642.01824040.jpg
[2025-11-17 19:51:41] Ruta original BD: uploads/car_691b3a135e14d0.27122190.jpg
[2025-11-17 19:51:41] Ruta normalizada enviada al front: uploads/car_691b3a135e14d0.27122190.jpg
[2025-11-17 19:51:41] Procesando auto ID: 14
[2025-11-17 19:51:41] SQL Img: 
        SELECT id, ruta, principal
        FROM imagenes_autos
        WHERE auto_id = ?
        ORDER BY principal DESC, id ASC
    
[2025-11-17 19:51:41] Imágenes encontradas para auto 14: 3
[2025-11-17 19:51:41] Ruta original BD: uploads/car_691b2eaa0a46a4.03821122.jpg
[2025-11-17 19:51:41] Ruta normalizada enviada al front: uploads/car_691b2eaa0a46a4.03821122.jpg
[2025-11-17 19:51:41] Ruta original BD: uploads/car_691b2fdfb30907.21434018.jpg
[2025-11-17 19:51:41] Ruta normalizada enviada al front: uploads/car_691b2fdfb30907.21434018.jpg
[2025-11-17 19:51:41] Ruta original BD: uploads/img_691b38c60d8994.77930618.jpg
[2025-11-17 19:51:41] Ruta normalizada enviada al front: uploads/img_691b38c60d8994.77930618.jpg
[2025-11-17 19:51:41] Total autos procesados: 4
[2025-11-17 19:51:41] === FIN get_autos.php ===
[2025-11-17 20:02:06] === Iniciando get_autos.php ===
[2025-11-17 20:02:06] SQL Autos: SELECT 
            id, vin, marca, modelo, anio, precio, millaje, 
            combustible, drive_train, descripcion, destacado, 
            estado, fecha_publicacion
        FROM autos 
        ORDER BY id DESC
[2025-11-17 20:02:06] Autos encontrados: 4
[2025-11-17 20:02:06] Procesando auto ID: 17
[2025-11-17 20:02:06] SQL Img: 
        SELECT id, ruta, principal
        FROM imagenes_autos
        WHERE auto_id = ?
        ORDER BY principal DESC, id ASC
    
[2025-11-17 20:02:06] Imágenes encontradas para auto 17: 4
[2025-11-17 20:02:06] Ruta original BD: uploads/car_691b5d85cb6ca3.20992780.jpg
[2025-11-17 20:02:06] Ruta normalizada enviada al front: uploads/car_691b5d85cb6ca3.20992780.jpg
[2025-11-17 20:02:06] Ruta original BD: uploads/car_691b5d85c64370.70952560.jpg
[2025-11-17 20:02:06] Ruta normalizada enviada al front: uploads/car_691b5d85c64370.70952560.jpg
[2025-11-17 20:02:06] Ruta original BD: uploads/car_691b5d85ca3493.62482036.jpg
[2025-11-17 20:02:06] Ruta normalizada enviada al front: uploads/car_691b5d85ca3493.62482036.jpg
[2025-11-17 20:02:06] Ruta original BD: uploads/car_691b5d85cd8a14.42847139.jpg
[2025-11-17 20:02:06] Ruta normalizada enviada al front: uploads/car_691b5d85cd8a14.42847139.jpg
[2025-11-17 20:02:06] Procesando auto ID: 16
[2025-11-17 20:02:06] SQL Img: 
        SELECT id, ruta, principal
        FROM imagenes_autos
        WHERE auto_id = ?
        ORDER BY principal DESC, id ASC
    
[2025-11-17 20:02:06] Imágenes encontradas para auto 16: 3
[2025-11-17 20:02:06] Ruta original BD: uploads/car_691b3bc01196d7.21033446.jpg
[2025-11-17 20:02:06] Ruta normalizada enviada al front: uploads/car_691b3bc01196d7.21033446.jpg
[2025-11-17 20:02:06] Ruta original BD: uploads/img_691b5fdb9c4913.98326475.jpg
[2025-11-17 20:02:06] Ruta normalizada enviada al front: uploads/img_691b5fdb9c4913.98326475.jpg
[2025-11-17 20:02:06] Ruta original BD: uploads/img_691b5fdb9ea8a6.91773331.jpg
[2025-11-17 20:02:06] Ruta normalizada enviada al front: uploads/img_691b5fdb9ea8a6.91773331.jpg
[2025-11-17 20:02:06] Procesando auto ID: 15
[2025-11-17 20:02:06] SQL Img: 
        SELECT id, ruta, principal
        FROM imagenes_autos
        WHERE auto_id = ?
        ORDER BY principal DESC, id ASC
    
[2025-11-17 20:02:06] Imágenes encontradas para auto 15: 3
[2025-11-17 20:02:06] Ruta original BD: uploads/car_691b3a135ccfc6.70908182.jpg
[2025-11-17 20:02:06] Ruta normalizada enviada al front: uploads/car_691b3a135ccfc6.70908182.jpg
[2025-11-17 20:02:06] Ruta original BD: uploads/car_691b3a135b5642.01824040.jpg
[2025-11-17 20:02:06] Ruta normalizada enviada al front: uploads/car_691b3a135b5642.01824040.jpg
[2025-11-17 20:02:06] Ruta original BD: uploads/car_691b3a135e14d0.27122190.jpg
[2025-11-17 20:02:06] Ruta normalizada enviada al front: uploads/car_691b3a135e14d0.27122190.jpg
[2025-11-17 20:02:06] Procesando auto ID: 14
[2025-11-17 20:02:06] SQL Img: 
        SELECT id, ruta, principal
        FROM imagenes_autos
        WHERE auto_id = ?
        ORDER BY principal DESC, id ASC
    
[2025-11-17 20:02:06] Imágenes encontradas para auto 14: 3
[2025-11-17 20:02:06] Ruta original BD: uploads/car_691b2eaa0a46a4.03821122.jpg
[2025-11-17 20:02:06] Ruta normalizada enviada al front: uploads/car_691b2eaa0a46a4.03821122.jpg
[2025-11-17 20:02:06] Ruta original BD: uploads/car_691b2fdfb30907.21434018.jpg
[2025-11-17 20:02:06] Ruta normalizada enviada al front: uploads/car_691b2fdfb30907.21434018.jpg
[2025-11-17 20:02:06] Ruta original BD: uploads/img_691b38c60d8994.77930618.jpg
[2025-11-17 20:02:06] Ruta normalizada enviada al front: uploads/img_691b38c60d8994.77930618.jpg
[2025-11-17 20:02:06] Total autos procesados: 4
[2025-11-17 20:02:06] === FIN get_autos.php ===
[2025-11-17 20:03:41] === Iniciando get_autos.php ===
[2025-11-17 20:03:41] SQL Autos: SELECT 
            id, vin, marca, modelo, anio, precio, millaje, 
            combustible, drive_train, descripcion, destacado, 
            estado, fecha_publicacion
        FROM autos 
        ORDER BY id DESC
[2025-11-17 20:03:41] Autos encontrados: 4
[2025-11-17 20:03:41] Procesando auto ID: 17
[2025-11-17 20:03:41] SQL Img: 
        SELECT id, ruta, principal
        FROM imagenes_autos
        WHERE auto_id = ?
        ORDER BY principal DESC, id ASC
    
[2025-11-17 20:03:41] Imágenes encontradas para auto 17: 4
[2025-11-17 20:03:41] Ruta original BD: uploads/car_691b5d85cb6ca3.20992780.jpg
[2025-11-17 20:03:41] Ruta normalizada enviada al front: uploads/car_691b5d85cb6ca3.20992780.jpg
[2025-11-17 20:03:41] Ruta original BD: uploads/car_691b5d85c64370.70952560.jpg
[2025-11-17 20:03:41] Ruta normalizada enviada al front: uploads/car_691b5d85c64370.70952560.jpg
[2025-11-17 20:03:41] Ruta original BD: uploads/car_691b5d85ca3493.62482036.jpg
[2025-11-17 20:03:41] Ruta normalizada enviada al front: uploads/car_691b5d85ca3493.62482036.jpg
[2025-11-17 20:03:41] Ruta original BD: uploads/car_691b5d85cd8a14.42847139.jpg
[2025-11-17 20:03:41] Ruta normalizada enviada al front: uploads/car_691b5d85cd8a14.42847139.jpg
[2025-11-17 20:03:41] Procesando auto ID: 16
[2025-11-17 20:03:41] SQL Img: 
        SELECT id, ruta, principal
        FROM imagenes_autos
        WHERE auto_id = ?
        ORDER BY principal DESC, id ASC
    
[2025-11-17 20:03:41] Imágenes encontradas para auto 16: 3
[2025-11-17 20:03:41] Ruta original BD: uploads/car_691b3bc01196d7.21033446.jpg
[2025-11-17 20:03:41] Ruta normalizada enviada al front: uploads/car_691b3bc01196d7.21033446.jpg
[2025-11-17 20:03:41] Ruta original BD: uploads/img_691b5fdb9c4913.98326475.jpg
[2025-11-17 20:03:41] Ruta normalizada enviada al front: uploads/img_691b5fdb9c4913.98326475.jpg
[2025-11-17 20:03:41] Ruta original BD: uploads/img_691b5fdb9ea8a6.91773331.jpg
[2025-11-17 20:03:41] Ruta normalizada enviada al front: uploads/img_691b5fdb9ea8a6.91773331.jpg
[2025-11-17 20:03:41] Procesando auto ID: 15
[2025-11-17 20:03:41] SQL Img: 
        SELECT id, ruta, principal
        FROM imagenes_autos
        WHERE auto_id = ?
        ORDER BY principal DESC, id ASC
    
[2025-11-17 20:03:41] Imágenes encontradas para auto 15: 3
[2025-11-17 20:03:41] Ruta original BD: uploads/car_691b3a135ccfc6.70908182.jpg
[2025-11-17 20:03:41] Ruta normalizada enviada al front: uploads/car_691b3a135ccfc6.70908182.jpg
[2025-11-17 20:03:41] Ruta original BD: uploads/car_691b3a135b5642.01824040.jpg
[2025-11-17 20:03:41] Ruta normalizada enviada al front: uploads/car_691b3a135b5642.01824040.jpg
[2025-11-17 20:03:41] Ruta original BD: uploads/car_691b3a135e14d0.27122190.jpg
[2025-11-17 20:03:41] Ruta normalizada enviada al front: uploads/car_691b3a135e14d0.27122190.jpg
[2025-11-17 20:03:41] Procesando auto ID: 14
[2025-11-17 20:03:41] SQL Img: 
        SELECT id, ruta, principal
        FROM imagenes_autos
        WHERE auto_id = ?
        ORDER BY principal DESC, id ASC
    
[2025-11-17 20:03:41] Imágenes encontradas para auto 14: 3
[2025-11-17 20:03:41] Ruta original BD: uploads/car_691b2eaa0a46a4.03821122.jpg
[2025-11-17 20:03:41] Ruta normalizada enviada al front: uploads/car_691b2eaa0a46a4.03821122.jpg
[2025-11-17 20:03:41] Ruta original BD: uploads/car_691b2fdfb30907.21434018.jpg
[2025-11-17 20:03:41] Ruta normalizada enviada al front: uploads/car_691b2fdfb30907.21434018.jpg
[2025-11-17 20:03:41] Ruta original BD: uploads/img_691b38c60d8994.77930618.jpg
[2025-11-17 20:03:41] Ruta normalizada enviada al front: uploads/img_691b38c60d8994.77930618.jpg
[2025-11-17 20:03:41] Total autos procesados: 4
[2025-11-17 20:03:41] === FIN get_autos.php ===
[2025-11-17 20:04:12] === Iniciando get_autos.php ===
[2025-11-17 20:04:12] SQL Autos: SELECT 
            id, vin, marca, modelo, anio, precio, millaje, 
            combustible, drive_train, descripcion, destacado, 
            estado, fecha_publicacion
        FROM autos 
        ORDER BY id DESC
[2025-11-17 20:04:12] Autos encontrados: 4
[2025-11-17 20:04:12] Procesando auto ID: 17
[2025-11-17 20:04:12] SQL Img: 
        SELECT id, ruta, principal
        FROM imagenes_autos
        WHERE auto_id = ?
        ORDER BY principal DESC, id ASC
    
[2025-11-17 20:04:12] Imágenes encontradas para auto 17: 4
[2025-11-17 20:04:12] Ruta original BD: uploads/car_691b5d85cb6ca3.20992780.jpg
[2025-11-17 20:04:12] Ruta normalizada enviada al front: uploads/car_691b5d85cb6ca3.20992780.jpg
[2025-11-17 20:04:12] Ruta original BD: uploads/car_691b5d85c64370.70952560.jpg
[2025-11-17 20:04:12] Ruta normalizada enviada al front: uploads/car_691b5d85c64370.70952560.jpg
[2025-11-17 20:04:12] Ruta original BD: uploads/car_691b5d85ca3493.62482036.jpg
[2025-11-17 20:04:12] Ruta normalizada enviada al front: uploads/car_691b5d85ca3493.62482036.jpg
[2025-11-17 20:04:12] Ruta original BD: uploads/car_691b5d85cd8a14.42847139.jpg
[2025-11-17 20:04:12] Ruta normalizada enviada al front: uploads/car_691b5d85cd8a14.42847139.jpg
[2025-11-17 20:04:12] Procesando auto ID: 16
[2025-11-17 20:04:12] SQL Img: 
        SELECT id, ruta, principal
        FROM imagenes_autos
        WHERE auto_id = ?
        ORDER BY principal DESC, id ASC
    
[2025-11-17 20:04:12] Imágenes encontradas para auto 16: 3
[2025-11-17 20:04:12] Ruta original BD: uploads/car_691b3bc01196d7.21033446.jpg
[2025-11-17 20:04:12] Ruta normalizada enviada al front: uploads/car_691b3bc01196d7.21033446.jpg
[2025-11-17 20:04:12] Ruta original BD: uploads/img_691b5fdb9c4913.98326475.jpg
[2025-11-17 20:04:12] Ruta normalizada enviada al front: uploads/img_691b5fdb9c4913.98326475.jpg
[2025-11-17 20:04:12] Ruta original BD: uploads/img_691b5fdb9ea8a6.91773331.jpg
[2025-11-17 20:04:12] Ruta normalizada enviada al front: uploads/img_691b5fdb9ea8a6.91773331.jpg
[2025-11-17 20:04:12] Procesando auto ID: 15
[2025-11-17 20:04:12] SQL Img: 
        SELECT id, ruta, principal
        FROM imagenes_autos
        WHERE auto_id = ?
        ORDER BY principal DESC, id ASC
    
[2025-11-17 20:04:12] Imágenes encontradas para auto 15: 3
[2025-11-17 20:04:12] Ruta original BD: uploads/car_691b3a135ccfc6.70908182.jpg
[2025-11-17 20:04:12] Ruta normalizada enviada al front: uploads/car_691b3a135ccfc6.70908182.jpg
[2025-11-17 20:04:12] Ruta original BD: uploads/car_691b3a135b5642.01824040.jpg
[2025-11-17 20:04:12] Ruta normalizada enviada al front: uploads/car_691b3a135b5642.01824040.jpg
[2025-11-17 20:04:12] Ruta original BD: uploads/car_691b3a135e14d0.27122190.jpg
[2025-11-17 20:04:12] Ruta normalizada enviada al front: uploads/car_691b3a135e14d0.27122190.jpg
[2025-11-17 20:04:12] Procesando auto ID: 14
[2025-11-17 20:04:12] SQL Img: 
        SELECT id, ruta, principal
        FROM imagenes_autos
        WHERE auto_id = ?
        ORDER BY principal DESC, id ASC
    
[2025-11-17 20:04:12] Imágenes encontradas para auto 14: 3
[2025-11-17 20:04:12] Ruta original BD: uploads/car_691b2eaa0a46a4.03821122.jpg
[2025-11-17 20:04:12] Ruta normalizada enviada al front: uploads/car_691b2eaa0a46a4.03821122.jpg
[2025-11-17 20:04:12] Ruta original BD: uploads/car_691b2fdfb30907.21434018.jpg
[2025-11-17 20:04:12] Ruta normalizada enviada al front: uploads/car_691b2fdfb30907.21434018.jpg
[2025-11-17 20:04:12] Ruta original BD: uploads/img_691b38c60d8994.77930618.jpg
[2025-11-17 20:04:12] Ruta normalizada enviada al front: uploads/img_691b38c60d8994.77930618.jpg
[2025-11-17 20:04:12] Total autos procesados: 4
[2025-11-17 20:04:12] === FIN get_autos.php ===
[2025-11-17 20:05:58] === Iniciando get_autos.php ===
[2025-11-17 20:05:58] SQL Autos: SELECT 
            id, vin, marca, modelo, anio, precio, millaje, 
            combustible, drive_train, descripcion, destacado, 
            estado, fecha_publicacion
        FROM autos 
        ORDER BY id DESC
[2025-11-17 20:05:58] Autos encontrados: 4
[2025-11-17 20:05:58] Procesando auto ID: 17
[2025-11-17 20:05:58] SQL Img: 
        SELECT id, ruta, principal
        FROM imagenes_autos
        WHERE auto_id = ?
        ORDER BY principal DESC, id ASC
    
[2025-11-17 20:05:58] Imágenes encontradas para auto 17: 4
[2025-11-17 20:05:58] Ruta original BD: uploads/car_691b5d85cb6ca3.20992780.jpg
[2025-11-17 20:05:58] Ruta normalizada enviada al front: uploads/car_691b5d85cb6ca3.20992780.jpg
[2025-11-17 20:05:58] Ruta original BD: uploads/car_691b5d85c64370.70952560.jpg
[2025-11-17 20:05:58] Ruta normalizada enviada al front: uploads/car_691b5d85c64370.70952560.jpg
[2025-11-17 20:05:58] Ruta original BD: uploads/car_691b5d85ca3493.62482036.jpg
[2025-11-17 20:05:58] Ruta normalizada enviada al front: uploads/car_691b5d85ca3493.62482036.jpg
[2025-11-17 20:05:58] Ruta original BD: uploads/car_691b5d85cd8a14.42847139.jpg
[2025-11-17 20:05:58] Ruta normalizada enviada al front: uploads/car_691b5d85cd8a14.42847139.jpg
[2025-11-17 20:05:58] Procesando auto ID: 16
[2025-11-17 20:05:58] SQL Img: 
        SELECT id, ruta, principal
        FROM imagenes_autos
        WHERE auto_id = ?
        ORDER BY principal DESC, id ASC
    
[2025-11-17 20:05:58] Imágenes encontradas para auto 16: 3
[2025-11-17 20:05:58] Ruta original BD: uploads/car_691b3bc01196d7.21033446.jpg
[2025-11-17 20:05:58] Ruta normalizada enviada al front: uploads/car_691b3bc01196d7.21033446.jpg
[2025-11-17 20:05:58] Ruta original BD: uploads/img_691b5fdb9c4913.98326475.jpg
[2025-11-17 20:05:58] Ruta normalizada enviada al front: uploads/img_691b5fdb9c4913.98326475.jpg
[2025-11-17 20:05:58] Ruta original BD: uploads/img_691b5fdb9ea8a6.91773331.jpg
[2025-11-17 20:05:58] Ruta normalizada enviada al front: uploads/img_691b5fdb9ea8a6.91773331.jpg
[2025-11-17 20:05:58] Procesando auto ID: 15
[2025-11-17 20:05:58] SQL Img: 
        SELECT id, ruta, principal
        FROM imagenes_autos
        WHERE auto_id = ?
        ORDER BY principal DESC, id ASC
    
[2025-11-17 20:05:58] Imágenes encontradas para auto 15: 3
[2025-11-17 20:05:58] Ruta original BD: uploads/car_691b3a135ccfc6.70908182.jpg
[2025-11-17 20:05:58] Ruta normalizada enviada al front: uploads/car_691b3a135ccfc6.70908182.jpg
[2025-11-17 20:05:58] Ruta original BD: uploads/car_691b3a135b5642.01824040.jpg
[2025-11-17 20:05:58] Ruta normalizada enviada al front: uploads/car_691b3a135b5642.01824040.jpg
[2025-11-17 20:05:58] Ruta original BD: uploads/car_691b3a135e14d0.27122190.jpg
[2025-11-17 20:05:58] Ruta normalizada enviada al front: uploads/car_691b3a135e14d0.27122190.jpg
[2025-11-17 20:05:58] Procesando auto ID: 14
[2025-11-17 20:05:58] SQL Img: 
        SELECT id, ruta, principal
        FROM imagenes_autos
        WHERE auto_id = ?
        ORDER BY principal DESC, id ASC
    
[2025-11-17 20:05:58] Imágenes encontradas para auto 14: 3
[2025-11-17 20:05:58] Ruta original BD: uploads/car_691b2eaa0a46a4.03821122.jpg
[2025-11-17 20:05:58] Ruta normalizada enviada al front: uploads/car_691b2eaa0a46a4.03821122.jpg
[2025-11-17 20:05:58] Ruta original BD: uploads/car_691b2fdfb30907.21434018.jpg
[2025-11-17 20:05:58] Ruta normalizada enviada al front: uploads/car_691b2fdfb30907.21434018.jpg
[2025-11-17 20:05:58] Ruta original BD: uploads/img_691b38c60d8994.77930618.jpg
[2025-11-17 20:05:58] Ruta normalizada enviada al front: uploads/img_691b38c60d8994.77930618.jpg
[2025-11-17 20:05:58] Total autos procesados: 4
[2025-11-17 20:05:58] === FIN get_autos.php ===
[2025-11-17 20:06:56] === Iniciando get_autos.php ===
[2025-11-17 20:06:56] SQL Autos: SELECT 
            id, vin, marca, modelo, anio, precio, millaje, 
            combustible, drive_train, descripcion, destacado, 
            estado, fecha_publicacion
        FROM autos 
        ORDER BY id DESC
[2025-11-17 20:06:56] Autos encontrados: 4
[2025-11-17 20:06:56] Procesando auto ID: 17
[2025-11-17 20:06:56] SQL Img: 
        SELECT id, ruta, principal
        FROM imagenes_autos
        WHERE auto_id = ?
        ORDER BY principal DESC, id ASC
    
[2025-11-17 20:06:56] Imágenes encontradas para auto 17: 4
[2025-11-17 20:06:56] Ruta original BD: uploads/car_691b5d85cb6ca3.20992780.jpg
[2025-11-17 20:06:56] Ruta normalizada enviada al front: uploads/car_691b5d85cb6ca3.20992780.jpg
[2025-11-17 20:06:56] Ruta original BD: uploads/car_691b5d85c64370.70952560.jpg
[2025-11-17 20:06:56] Ruta normalizada enviada al front: uploads/car_691b5d85c64370.70952560.jpg
[2025-11-17 20:06:56] Ruta original BD: uploads/car_691b5d85ca3493.62482036.jpg
[2025-11-17 20:06:56] Ruta normalizada enviada al front: uploads/car_691b5d85ca3493.62482036.jpg
[2025-11-17 20:06:56] Ruta original BD: uploads/car_691b5d85cd8a14.42847139.jpg
[2025-11-17 20:06:56] Ruta normalizada enviada al front: uploads/car_691b5d85cd8a14.42847139.jpg
[2025-11-17 20:06:56] Procesando auto ID: 16
[2025-11-17 20:06:56] SQL Img: 
        SELECT id, ruta, principal
        FROM imagenes_autos
        WHERE auto_id = ?
        ORDER BY principal DESC, id ASC
    
[2025-11-17 20:06:56] Imágenes encontradas para auto 16: 3
[2025-11-17 20:06:56] Ruta original BD: uploads/car_691b3bc01196d7.21033446.jpg
[2025-11-17 20:06:56] Ruta normalizada enviada al front: uploads/car_691b3bc01196d7.21033446.jpg
[2025-11-17 20:06:56] Ruta original BD: uploads/img_691b5fdb9c4913.98326475.jpg
[2025-11-17 20:06:56] Ruta normalizada enviada al front: uploads/img_691b5fdb9c4913.98326475.jpg
[2025-11-17 20:06:56] Ruta original BD: uploads/img_691b5fdb9ea8a6.91773331.jpg
[2025-11-17 20:06:56] Ruta normalizada enviada al front: uploads/img_691b5fdb9ea8a6.91773331.jpg
[2025-11-17 20:06:56] Procesando auto ID: 15
[2025-11-17 20:06:56] SQL Img: 
        SELECT id, ruta, principal
        FROM imagenes_autos
        WHERE auto_id = ?
        ORDER BY principal DESC, id ASC
    
[2025-11-17 20:06:56] Imágenes encontradas para auto 15: 3
[2025-11-17 20:06:56] Ruta original BD: uploads/car_691b3a135ccfc6.70908182.jpg
[2025-11-17 20:06:56] Ruta normalizada enviada al front: uploads/car_691b3a135ccfc6.70908182.jpg
[2025-11-17 20:06:56] Ruta original BD: uploads/car_691b3a135b5642.01824040.jpg
[2025-11-17 20:06:56] Ruta normalizada enviada al front: uploads/car_691b3a135b5642.01824040.jpg
[2025-11-17 20:06:56] Ruta original BD: uploads/car_691b3a135e14d0.27122190.jpg
[2025-11-17 20:06:56] Ruta normalizada enviada al front: uploads/car_691b3a135e14d0.27122190.jpg
[2025-11-17 20:06:56] Procesando auto ID: 14
[2025-11-17 20:06:56] SQL Img: 
        SELECT id, ruta, principal
        FROM imagenes_autos
        WHERE auto_id = ?
        ORDER BY principal DESC, id ASC
    
[2025-11-17 20:06:56] Imágenes encontradas para auto 14: 3
[2025-11-17 20:06:56] Ruta original BD: uploads/car_691b2eaa0a46a4.03821122.jpg
[2025-11-17 20:06:56] Ruta normalizada enviada al front: uploads/car_691b2eaa0a46a4.03821122.jpg
[2025-11-17 20:06:56] Ruta original BD: uploads/car_691b2fdfb30907.21434018.jpg
[2025-11-17 20:06:56] Ruta normalizada enviada al front: uploads/car_691b2fdfb30907.21434018.jpg
[2025-11-17 20:06:56] Ruta original BD: uploads/img_691b38c60d8994.77930618.jpg
[2025-11-17 20:06:56] Ruta normalizada enviada al front: uploads/img_691b38c60d8994.77930618.jpg
[2025-11-17 20:06:56] Total autos procesados: 4
[2025-11-17 20:06:56] === FIN get_autos.php ===
[2025-11-17 20:11:04] === Iniciando get_autos.php ===
[2025-11-17 20:11:04] SQL Autos: SELECT 
            id, vin, marca, modelo, anio, precio, millaje, 
            combustible, drive_train, descripcion, destacado, 
            estado, fecha_publicacion
        FROM autos 
        ORDER BY id DESC
[2025-11-17 20:11:04] Autos encontrados: 4
[2025-11-17 20:11:04] Procesando auto ID: 17
[2025-11-17 20:11:04] SQL Img: 
        SELECT id, ruta, principal
        FROM imagenes_autos
        WHERE auto_id = ?
        ORDER BY principal DESC, id ASC
    
[2025-11-17 20:11:04] Imágenes encontradas para auto 17: 4
[2025-11-17 20:11:04] Ruta original BD: uploads/car_691b5d85cb6ca3.20992780.jpg
[2025-11-17 20:11:04] Ruta normalizada enviada al front: uploads/car_691b5d85cb6ca3.20992780.jpg
[2025-11-17 20:11:04] Ruta original BD: uploads/car_691b5d85c64370.70952560.jpg
[2025-11-17 20:11:04] Ruta normalizada enviada al front: uploads/car_691b5d85c64370.70952560.jpg
[2025-11-17 20:11:04] Ruta original BD: uploads/car_691b5d85ca3493.62482036.jpg
[2025-11-17 20:11:04] Ruta normalizada enviada al front: uploads/car_691b5d85ca3493.62482036.jpg
[2025-11-17 20:11:04] Ruta original BD: uploads/car_691b5d85cd8a14.42847139.jpg
[2025-11-17 20:11:04] Ruta normalizada enviada al front: uploads/car_691b5d85cd8a14.42847139.jpg
[2025-11-17 20:11:04] Procesando auto ID: 16
[2025-11-17 20:11:04] SQL Img: 
        SELECT id, ruta, principal
        FROM imagenes_autos
        WHERE auto_id = ?
        ORDER BY principal DESC, id ASC
    
[2025-11-17 20:11:04] Imágenes encontradas para auto 16: 3
[2025-11-17 20:11:04] Ruta original BD: uploads/car_691b3bc01196d7.21033446.jpg
[2025-11-17 20:11:04] Ruta normalizada enviada al front: uploads/car_691b3bc01196d7.21033446.jpg
[2025-11-17 20:11:04] Ruta original BD: uploads/img_691b5fdb9c4913.98326475.jpg
[2025-11-17 20:11:04] Ruta normalizada enviada al front: uploads/img_691b5fdb9c4913.98326475.jpg
[2025-11-17 20:11:04] Ruta original BD: uploads/img_691b5fdb9ea8a6.91773331.jpg
[2025-11-17 20:11:04] Ruta normalizada enviada al front: uploads/img_691b5fdb9ea8a6.91773331.jpg
[2025-11-17 20:11:04] Procesando auto ID: 15
[2025-11-17 20:11:04] SQL Img: 
        SELECT id, ruta, principal
        FROM imagenes_autos
        WHERE auto_id = ?
        ORDER BY principal DESC, id ASC
    
[2025-11-17 20:11:04] Imágenes encontradas para auto 15: 3
[2025-11-17 20:11:04] Ruta original BD: uploads/car_691b3a135ccfc6.70908182.jpg
[2025-11-17 20:11:04] Ruta normalizada enviada al front: uploads/car_691b3a135ccfc6.70908182.jpg
[2025-11-17 20:11:04] Ruta original BD: uploads/car_691b3a135b5642.01824040.jpg
[2025-11-17 20:11:04] Ruta normalizada enviada al front: uploads/car_691b3a135b5642.01824040.jpg
[2025-11-17 20:11:04] Ruta original BD: uploads/car_691b3a135e14d0.27122190.jpg
[2025-11-17 20:11:04] Ruta normalizada enviada al front: uploads/car_691b3a135e14d0.27122190.jpg
[2025-11-17 20:11:04] Procesando auto ID: 14
[2025-11-17 20:11:04] SQL Img: 
        SELECT id, ruta, principal
        FROM imagenes_autos
        WHERE auto_id = ?
        ORDER BY principal DESC, id ASC
    
[2025-11-17 20:11:04] Imágenes encontradas para auto 14: 3
[2025-11-17 20:11:04] Ruta original BD: uploads/car_691b2eaa0a46a4.03821122.jpg
[2025-11-17 20:11:04] Ruta normalizada enviada al front: uploads/car_691b2eaa0a46a4.03821122.jpg
[2025-11-17 20:11:04] Ruta original BD: uploads/car_691b2fdfb30907.21434018.jpg
[2025-11-17 20:11:04] Ruta normalizada enviada al front: uploads/car_691b2fdfb30907.21434018.jpg
[2025-11-17 20:11:04] Ruta original BD: uploads/img_691b38c60d8994.77930618.jpg
[2025-11-17 20:11:04] Ruta normalizada enviada al front: uploads/img_691b38c60d8994.77930618.jpg
[2025-11-17 20:11:04] Total autos procesados: 4
[2025-11-17 20:11:04] === FIN get_autos.php ===
[2025-11-17 20:12:40] === Iniciando get_autos.php ===
[2025-11-17 20:12:40] SQL Autos: SELECT 
            id, vin, marca, modelo, anio, precio, millaje, 
            combustible, drive_train, descripcion, destacado, 
            estado, fecha_publicacion
        FROM autos 
        ORDER BY id DESC
[2025-11-17 20:12:40] Autos encontrados: 4
[2025-11-17 20:12:40] Procesando auto ID: 17
[2025-11-17 20:12:40] SQL Img: 
        SELECT id, ruta, principal
        FROM imagenes_autos
        WHERE auto_id = ?
        ORDER BY principal DESC, id ASC
    
[2025-11-17 20:12:40] Imágenes encontradas para auto 17: 4
[2025-11-17 20:12:40] Ruta original BD: uploads/car_691b5d85cb6ca3.20992780.jpg
[2025-11-17 20:12:40] Ruta normalizada enviada al front: uploads/car_691b5d85cb6ca3.20992780.jpg
[2025-11-17 20:12:40] Ruta original BD: uploads/car_691b5d85c64370.70952560.jpg
[2025-11-17 20:12:40] Ruta normalizada enviada al front: uploads/car_691b5d85c64370.70952560.jpg
[2025-11-17 20:12:40] Ruta original BD: uploads/car_691b5d85ca3493.62482036.jpg
[2025-11-17 20:12:40] Ruta normalizada enviada al front: uploads/car_691b5d85ca3493.62482036.jpg
[2025-11-17 20:12:40] Ruta original BD: uploads/car_691b5d85cd8a14.42847139.jpg
[2025-11-17 20:12:40] Ruta normalizada enviada al front: uploads/car_691b5d85cd8a14.42847139.jpg
[2025-11-17 20:12:40] Procesando auto ID: 16
[2025-11-17 20:12:40] SQL Img: 
        SELECT id, ruta, principal
        FROM imagenes_autos
        WHERE auto_id = ?
        ORDER BY principal DESC, id ASC
    
[2025-11-17 20:12:40] Imágenes encontradas para auto 16: 3
[2025-11-17 20:12:40] Ruta original BD: uploads/car_691b3bc01196d7.21033446.jpg
[2025-11-17 20:12:40] Ruta normalizada enviada al front: uploads/car_691b3bc01196d7.21033446.jpg
[2025-11-17 20:12:40] Ruta original BD: uploads/img_691b5fdb9c4913.98326475.jpg
[2025-11-17 20:12:40] Ruta normalizada enviada al front: uploads/img_691b5fdb9c4913.98326475.jpg
[2025-11-17 20:12:40] Ruta original BD: uploads/img_691b5fdb9ea8a6.91773331.jpg
[2025-11-17 20:12:40] Ruta normalizada enviada al front: uploads/img_691b5fdb9ea8a6.91773331.jpg
[2025-11-17 20:12:40] Procesando auto ID: 15
[2025-11-17 20:12:40] SQL Img: 
        SELECT id, ruta, principal
        FROM imagenes_autos
        WHERE auto_id = ?
        ORDER BY principal DESC, id ASC
    
[2025-11-17 20:12:40] Imágenes encontradas para auto 15: 3
[2025-11-17 20:12:40] Ruta original BD: uploads/car_691b3a135ccfc6.70908182.jpg
[2025-11-17 20:12:40] Ruta normalizada enviada al front: uploads/car_691b3a135ccfc6.70908182.jpg
[2025-11-17 20:12:40] Ruta original BD: uploads/car_691b3a135b5642.01824040.jpg
[2025-11-17 20:12:40] Ruta normalizada enviada al front: uploads/car_691b3a135b5642.01824040.jpg
[2025-11-17 20:12:40] Ruta original BD: uploads/car_691b3a135e14d0.27122190.jpg
[2025-11-17 20:12:40] Ruta normalizada enviada al front: uploads/car_691b3a135e14d0.27122190.jpg
[2025-11-17 20:12:40] Procesando auto ID: 14
[2025-11-17 20:12:40] SQL Img: 
        SELECT id, ruta, principal
        FROM imagenes_autos
        WHERE auto_id = ?
        ORDER BY principal DESC, id ASC
    
[2025-11-17 20:12:40] Imágenes encontradas para auto 14: 3
[2025-11-17 20:12:40] Ruta original BD: uploads/car_691b2eaa0a46a4.03821122.jpg
[2025-11-17 20:12:40] Ruta normalizada enviada al front: uploads/car_691b2eaa0a46a4.03821122.jpg
[2025-11-17 20:12:40] Ruta original BD: uploads/car_691b2fdfb30907.21434018.jpg
[2025-11-17 20:12:40] Ruta normalizada enviada al front: uploads/car_691b2fdfb30907.21434018.jpg
[2025-11-17 20:12:40] Ruta original BD: uploads/img_691b38c60d8994.77930618.jpg
[2025-11-17 20:12:40] Ruta normalizada enviada al front: uploads/img_691b38c60d8994.77930618.jpg
[2025-11-17 20:12:40] Total autos procesados: 4
[2025-11-17 20:12:40] === FIN get_autos.php ===
[2025-11-17 20:13:09] === Iniciando get_autos.php ===
[2025-11-17 20:13:09] SQL Autos: SELECT 
            id, vin, marca, modelo, anio, precio, millaje, 
            combustible, drive_train, descripcion, destacado, 
            estado, fecha_publicacion
        FROM autos 
        ORDER BY id DESC
[2025-11-17 20:13:09] Autos encontrados: 4
[2025-11-17 20:13:09] Procesando auto ID: 17
[2025-11-17 20:13:09] SQL Img: 
        SELECT id, ruta, principal
        FROM imagenes_autos
        WHERE auto_id = ?
        ORDER BY principal DESC, id ASC
    
[2025-11-17 20:13:09] Imágenes encontradas para auto 17: 4
[2025-11-17 20:13:09] Ruta original BD: uploads/car_691b5d85cb6ca3.20992780.jpg
[2025-11-17 20:13:09] Ruta normalizada enviada al front: uploads/car_691b5d85cb6ca3.20992780.jpg
[2025-11-17 20:13:09] Ruta original BD: uploads/car_691b5d85c64370.70952560.jpg
[2025-11-17 20:13:09] Ruta normalizada enviada al front: uploads/car_691b5d85c64370.70952560.jpg
[2025-11-17 20:13:09] Ruta original BD: uploads/car_691b5d85ca3493.62482036.jpg
[2025-11-17 20:13:09] Ruta normalizada enviada al front: uploads/car_691b5d85ca3493.62482036.jpg
[2025-11-17 20:13:09] Ruta original BD: uploads/car_691b5d85cd8a14.42847139.jpg
[2025-11-17 20:13:09] Ruta normalizada enviada al front: uploads/car_691b5d85cd8a14.42847139.jpg
[2025-11-17 20:13:09] Procesando auto ID: 16
[2025-11-17 20:13:09] SQL Img: 
        SELECT id, ruta, principal
        FROM imagenes_autos
        WHERE auto_id = ?
        ORDER BY principal DESC, id ASC
    
[2025-11-17 20:13:09] Imágenes encontradas para auto 16: 3
[2025-11-17 20:13:09] Ruta original BD: uploads/car_691b3bc01196d7.21033446.jpg
[2025-11-17 20:13:09] Ruta normalizada enviada al front: uploads/car_691b3bc01196d7.21033446.jpg
[2025-11-17 20:13:09] Ruta original BD: uploads/img_691b5fdb9c4913.98326475.jpg
[2025-11-17 20:13:09] Ruta normalizada enviada al front: uploads/img_691b5fdb9c4913.98326475.jpg
[2025-11-17 20:13:09] Ruta original BD: uploads/img_691b5fdb9ea8a6.91773331.jpg
[2025-11-17 20:13:09] Ruta normalizada enviada al front: uploads/img_691b5fdb9ea8a6.91773331.jpg
[2025-11-17 20:13:09] Procesando auto ID: 15
[2025-11-17 20:13:09] SQL Img: 
        SELECT id, ruta, principal
        FROM imagenes_autos
        WHERE auto_id = ?
        ORDER BY principal DESC, id ASC
    
[2025-11-17 20:13:09] Imágenes encontradas para auto 15: 3
[2025-11-17 20:13:09] Ruta original BD: uploads/car_691b3a135ccfc6.70908182.jpg
[2025-11-17 20:13:09] Ruta normalizada enviada al front: uploads/car_691b3a135ccfc6.70908182.jpg
[2025-11-17 20:13:09] Ruta original BD: uploads/car_691b3a135b5642.01824040.jpg
[2025-11-17 20:13:09] Ruta normalizada enviada al front: uploads/car_691b3a135b5642.01824040.jpg
[2025-11-17 20:13:09] Ruta original BD: uploads/car_691b3a135e14d0.27122190.jpg
[2025-11-17 20:13:09] Ruta normalizada enviada al front: uploads/car_691b3a135e14d0.27122190.jpg
[2025-11-17 20:13:09] Procesando auto ID: 14
[2025-11-17 20:13:09] SQL Img: 
        SELECT id, ruta, principal
        FROM imagenes_autos
        WHERE auto_id = ?
        ORDER BY principal DESC, id ASC
    
[2025-11-17 20:13:09] Imágenes encontradas para auto 14: 3
[2025-11-17 20:13:09] Ruta original BD: uploads/car_691b2eaa0a46a4.03821122.jpg
[2025-11-17 20:13:09] Ruta normalizada enviada al front: uploads/car_691b2eaa0a46a4.03821122.jpg
[2025-11-17 20:13:09] Ruta original BD: uploads/car_691b2fdfb30907.21434018.jpg
[2025-11-17 20:13:09] Ruta normalizada enviada al front: uploads/car_691b2fdfb30907.21434018.jpg
[2025-11-17 20:13:09] Ruta original BD: uploads/img_691b38c60d8994.77930618.jpg
[2025-11-17 20:13:09] Ruta normalizada enviada al front: uploads/img_691b38c60d8994.77930618.jpg
[2025-11-17 20:13:09] Total autos procesados: 4
[2025-11-17 20:13:09] === FIN get_autos.php ===
[2025-11-17 20:16:24] === Iniciando get_autos.php ===
[2025-11-17 20:16:24] SQL Autos: SELECT 
            id, vin, marca, modelo, anio, precio, millaje, 
            combustible, drive_train, descripcion, destacado, 
            estado, fecha_publicacion
        FROM autos 
        ORDER BY id DESC
[2025-11-17 20:16:24] Autos encontrados: 4
[2025-11-17 20:16:24] Procesando auto ID: 17
[2025-11-17 20:16:24] SQL Img: 
        SELECT id, ruta, principal
        FROM imagenes_autos
        WHERE auto_id = ?
        ORDER BY principal DESC, id ASC
    
[2025-11-17 20:16:24] Imágenes encontradas para auto 17: 4
[2025-11-17 20:16:24] Ruta original BD: uploads/car_691b5d85cb6ca3.20992780.jpg
[2025-11-17 20:16:24] Ruta normalizada enviada al front: uploads/car_691b5d85cb6ca3.20992780.jpg
[2025-11-17 20:16:24] Ruta original BD: uploads/car_691b5d85c64370.70952560.jpg
[2025-11-17 20:16:24] Ruta normalizada enviada al front: uploads/car_691b5d85c64370.70952560.jpg
[2025-11-17 20:16:24] Ruta original BD: uploads/car_691b5d85ca3493.62482036.jpg
[2025-11-17 20:16:24] Ruta normalizada enviada al front: uploads/car_691b5d85ca3493.62482036.jpg
[2025-11-17 20:16:24] Ruta original BD: uploads/car_691b5d85cd8a14.42847139.jpg
[2025-11-17 20:16:24] Ruta normalizada enviada al front: uploads/car_691b5d85cd8a14.42847139.jpg
[2025-11-17 20:16:24] Procesando auto ID: 16
[2025-11-17 20:16:24] SQL Img: 
        SELECT id, ruta, principal
        FROM imagenes_autos
        WHERE auto_id = ?
        ORDER BY principal DESC, id ASC
    
[2025-11-17 20:16:24] Imágenes encontradas para auto 16: 3
[2025-11-17 20:16:24] Ruta original BD: uploads/car_691b3bc01196d7.21033446.jpg
[2025-11-17 20:16:24] Ruta normalizada enviada al front: uploads/car_691b3bc01196d7.21033446.jpg
[2025-11-17 20:16:24] Ruta original BD: uploads/img_691b5fdb9c4913.98326475.jpg
[2025-11-17 20:16:24] Ruta normalizada enviada al front: uploads/img_691b5fdb9c4913.98326475.jpg
[2025-11-17 20:16:24] Ruta original BD: uploads/img_691b5fdb9ea8a6.91773331.jpg
[2025-11-17 20:16:24] Ruta normalizada enviada al front: uploads/img_691b5fdb9ea8a6.91773331.jpg
[2025-11-17 20:16:24] Procesando auto ID: 15
[2025-11-17 20:16:24] SQL Img: 
        SELECT id, ruta, principal
        FROM imagenes_autos
        WHERE auto_id = ?
        ORDER BY principal DESC, id ASC
    
[2025-11-17 20:16:24] Imágenes encontradas para auto 15: 3
[2025-11-17 20:16:24] Ruta original BD: uploads/car_691b3a135ccfc6.70908182.jpg
[2025-11-17 20:16:24] Ruta normalizada enviada al front: uploads/car_691b3a135ccfc6.70908182.jpg
[2025-11-17 20:16:24] Ruta original BD: uploads/car_691b3a135b5642.01824040.jpg
[2025-11-17 20:16:24] Ruta normalizada enviada al front: uploads/car_691b3a135b5642.01824040.jpg
[2025-11-17 20:16:24] Ruta original BD: uploads/car_691b3a135e14d0.27122190.jpg
[2025-11-17 20:16:24] Ruta normalizada enviada al front: uploads/car_691b3a135e14d0.27122190.jpg
[2025-11-17 20:16:24] Procesando auto ID: 14
[2025-11-17 20:16:24] SQL Img: 
        SELECT id, ruta, principal
        FROM imagenes_autos
        WHERE auto_id = ?
        ORDER BY principal DESC, id ASC
    
[2025-11-17 20:16:24] Imágenes encontradas para auto 14: 3
[2025-11-17 20:16:24] Ruta original BD: uploads/car_691b2eaa0a46a4.03821122.jpg
[2025-11-17 20:16:24] Ruta normalizada enviada al front: uploads/car_691b2eaa0a46a4.03821122.jpg
[2025-11-17 20:16:24] Ruta original BD: uploads/car_691b2fdfb30907.21434018.jpg
[2025-11-17 20:16:24] Ruta normalizada enviada al front: uploads/car_691b2fdfb30907.21434018.jpg
[2025-11-17 20:16:24] Ruta original BD: uploads/img_691b38c60d8994.77930618.jpg
[2025-11-17 20:16:24] Ruta normalizada enviada al front: uploads/img_691b38c60d8994.77930618.jpg
[2025-11-17 20:16:24] Total autos procesados: 4
[2025-11-17 20:16:24] === FIN get_autos.php ===
[2025-11-17 20:20:30] === Iniciando get_autos.php ===
[2025-11-17 20:20:30] SQL Autos: SELECT 
            id, vin, marca, modelo, anio, precio, millaje, 
            combustible, drive_train, descripcion, destacado, 
            estado, fecha_publicacion
        FROM autos 
        ORDER BY id DESC
[2025-11-17 20:20:30] Autos encontrados: 4
[2025-11-17 20:20:30] Procesando auto ID: 17
[2025-11-17 20:20:30] SQL Img: 
        SELECT id, ruta, principal
        FROM imagenes_autos
        WHERE auto_id = ?
        ORDER BY principal DESC, id ASC
    
[2025-11-17 20:20:30] Imágenes encontradas para auto 17: 4
[2025-11-17 20:20:30] Ruta original BD: uploads/car_691b5d85cb6ca3.20992780.jpg
[2025-11-17 20:20:30] Ruta normalizada enviada al front: uploads/car_691b5d85cb6ca3.20992780.jpg
[2025-11-17 20:20:30] Ruta original BD: uploads/car_691b5d85c64370.70952560.jpg
[2025-11-17 20:20:30] Ruta normalizada enviada al front: uploads/car_691b5d85c64370.70952560.jpg
[2025-11-17 20:20:30] Ruta original BD: uploads/car_691b5d85ca3493.62482036.jpg
[2025-11-17 20:20:30] Ruta normalizada enviada al front: uploads/car_691b5d85ca3493.62482036.jpg
[2025-11-17 20:20:30] Ruta original BD: uploads/car_691b5d85cd8a14.42847139.jpg
[2025-11-17 20:20:30] Ruta normalizada enviada al front: uploads/car_691b5d85cd8a14.42847139.jpg
[2025-11-17 20:20:30] Procesando auto ID: 16
[2025-11-17 20:20:30] SQL Img: 
        SELECT id, ruta, principal
        FROM imagenes_autos
        WHERE auto_id = ?
        ORDER BY principal DESC, id ASC
    
[2025-11-17 20:20:30] Imágenes encontradas para auto 16: 3
[2025-11-17 20:20:30] Ruta original BD: uploads/car_691b3bc01196d7.21033446.jpg
[2025-11-17 20:20:30] Ruta normalizada enviada al front: uploads/car_691b3bc01196d7.21033446.jpg
[2025-11-17 20:20:30] Ruta original BD: uploads/img_691b5fdb9c4913.98326475.jpg
[2025-11-17 20:20:30] Ruta normalizada enviada al front: uploads/img_691b5fdb9c4913.98326475.jpg
[2025-11-17 20:20:30] Ruta original BD: uploads/img_691b5fdb9ea8a6.91773331.jpg
[2025-11-17 20:20:30] Ruta normalizada enviada al front: uploads/img_691b5fdb9ea8a6.91773331.jpg
[2025-11-17 20:20:30] Procesando auto ID: 15
[2025-11-17 20:20:30] SQL Img: 
        SELECT id, ruta, principal
        FROM imagenes_autos
        WHERE auto_id = ?
        ORDER BY principal DESC, id ASC
    
[2025-11-17 20:20:30] Imágenes encontradas para auto 15: 3
[2025-11-17 20:20:30] Ruta original BD: uploads/car_691b3a135ccfc6.70908182.jpg
[2025-11-17 20:20:30] Ruta normalizada enviada al front: uploads/car_691b3a135ccfc6.70908182.jpg
[2025-11-17 20:20:30] Ruta original BD: uploads/car_691b3a135b5642.01824040.jpg
[2025-11-17 20:20:30] Ruta normalizada enviada al front: uploads/car_691b3a135b5642.01824040.jpg
[2025-11-17 20:20:30] Ruta original BD: uploads/car_691b3a135e14d0.27122190.jpg
[2025-11-17 20:20:30] Ruta normalizada enviada al front: uploads/car_691b3a135e14d0.27122190.jpg
[2025-11-17 20:20:30] Procesando auto ID: 14
[2025-11-17 20:20:30] SQL Img: 
        SELECT id, ruta, principal
        FROM imagenes_autos
        WHERE auto_id = ?
        ORDER BY principal DESC, id ASC
    
[2025-11-17 20:20:30] Imágenes encontradas para auto 14: 3
[2025-11-17 20:20:30] Ruta original BD: uploads/car_691b2eaa0a46a4.03821122.jpg
[2025-11-17 20:20:30] Ruta normalizada enviada al front: uploads/car_691b2eaa0a46a4.03821122.jpg
[2025-11-17 20:20:30] Ruta original BD: uploads/car_691b2fdfb30907.21434018.jpg
[2025-11-17 20:20:30] Ruta normalizada enviada al front: uploads/car_691b2fdfb30907.21434018.jpg
[2025-11-17 20:20:30] Ruta original BD: uploads/img_691b38c60d8994.77930618.jpg
[2025-11-17 20:20:30] Ruta normalizada enviada al front: uploads/img_691b38c60d8994.77930618.jpg
[2025-11-17 20:20:30] Total autos procesados: 4
[2025-11-17 20:20:30] === FIN get_autos.php ===
[2025-11-17 20:34:51] === Iniciando get_autos.php ===
[2025-11-17 20:34:51] SQL Autos: SELECT 
            id, vin, marca, modelo, anio, precio, millaje, 
            combustible, drive_train, descripcion, destacado, 
            estado, fecha_publicacion
        FROM autos 
        ORDER BY id DESC
[2025-11-17 20:34:51] Autos encontrados: 4
[2025-11-17 20:34:51] Procesando auto ID: 17
[2025-11-17 20:34:51] SQL Img: 
        SELECT id, ruta, principal
        FROM imagenes_autos
        WHERE auto_id = ?
        ORDER BY principal DESC, id ASC
    
[2025-11-17 20:34:51] Imágenes encontradas para auto 17: 4
[2025-11-17 20:34:51] Ruta original BD: uploads/car_691b5d85cb6ca3.20992780.jpg
[2025-11-17 20:34:51] Ruta normalizada enviada al front: uploads/car_691b5d85cb6ca3.20992780.jpg
[2025-11-17 20:34:51] Ruta original BD: uploads/car_691b5d85c64370.70952560.jpg
[2025-11-17 20:34:51] Ruta normalizada enviada al front: uploads/car_691b5d85c64370.70952560.jpg
[2025-11-17 20:34:51] Ruta original BD: uploads/car_691b5d85ca3493.62482036.jpg
[2025-11-17 20:34:51] Ruta normalizada enviada al front: uploads/car_691b5d85ca3493.62482036.jpg
[2025-11-17 20:34:51] Ruta original BD: uploads/car_691b5d85cd8a14.42847139.jpg
[2025-11-17 20:34:51] Ruta normalizada enviada al front: uploads/car_691b5d85cd8a14.42847139.jpg
[2025-11-17 20:34:51] Procesando auto ID: 16
[2025-11-17 20:34:51] SQL Img: 
        SELECT id, ruta, principal
        FROM imagenes_autos
        WHERE auto_id = ?
        ORDER BY principal DESC, id ASC
    
[2025-11-17 20:34:51] Imágenes encontradas para auto 16: 3
[2025-11-17 20:34:51] Ruta original BD: uploads/car_691b3bc01196d7.21033446.jpg
[2025-11-17 20:34:51] Ruta normalizada enviada al front: uploads/car_691b3bc01196d7.21033446.jpg
[2025-11-17 20:34:51] Ruta original BD: uploads/img_691b5fdb9c4913.98326475.jpg
[2025-11-17 20:34:51] Ruta normalizada enviada al front: uploads/img_691b5fdb9c4913.98326475.jpg
[2025-11-17 20:34:51] Ruta original BD: uploads/img_691b5fdb9ea8a6.91773331.jpg
[2025-11-17 20:34:51] Ruta normalizada enviada al front: uploads/img_691b5fdb9ea8a6.91773331.jpg
[2025-11-17 20:34:51] Procesando auto ID: 15
[2025-11-17 20:34:51] SQL Img: 
        SELECT id, ruta, principal
        FROM imagenes_autos
        WHERE auto_id = ?
        ORDER BY principal DESC, id ASC
    
[2025-11-17 20:34:51] Imágenes encontradas para auto 15: 3
[2025-11-17 20:34:51] Ruta original BD: uploads/car_691b3a135ccfc6.70908182.jpg
[2025-11-17 20:34:51] Ruta normalizada enviada al front: uploads/car_691b3a135ccfc6.70908182.jpg
[2025-11-17 20:34:51] Ruta original BD: uploads/car_691b3a135b5642.01824040.jpg
[2025-11-17 20:34:51] Ruta normalizada enviada al front: uploads/car_691b3a135b5642.01824040.jpg
[2025-11-17 20:34:51] Ruta original BD: uploads/car_691b3a135e14d0.27122190.jpg
[2025-11-17 20:34:51] Ruta normalizada enviada al front: uploads/car_691b3a135e14d0.27122190.jpg
[2025-11-17 20:34:51] Procesando auto ID: 14
[2025-11-17 20:34:51] SQL Img: 
        SELECT id, ruta, principal
        FROM imagenes_autos
        WHERE auto_id = ?
        ORDER BY principal DESC, id ASC
    
[2025-11-17 20:34:51] Imágenes encontradas para auto 14: 3
[2025-11-17 20:34:51] Ruta original BD: uploads/car_691b2eaa0a46a4.03821122.jpg
[2025-11-17 20:34:51] Ruta normalizada enviada al front: uploads/car_691b2eaa0a46a4.03821122.jpg
[2025-11-17 20:34:51] Ruta original BD: uploads/car_691b2fdfb30907.21434018.jpg
[2025-11-17 20:34:51] Ruta normalizada enviada al front: uploads/car_691b2fdfb30907.21434018.jpg
[2025-11-17 20:34:51] Ruta original BD: uploads/img_691b38c60d8994.77930618.jpg
[2025-11-17 20:34:51] Ruta normalizada enviada al front: uploads/img_691b38c60d8994.77930618.jpg
[2025-11-17 20:34:51] Total autos procesados: 4
[2025-11-17 20:34:51] === FIN get_autos.php ===
[2025-11-17 20:35:21] === Iniciando get_autos.php ===
[2025-11-17 20:35:21] SQL Autos: SELECT 
            id, vin, marca, modelo, anio, precio, millaje, 
            combustible, drive_train, descripcion, destacado, 
            estado, fecha_publicacion
        FROM autos 
        ORDER BY id DESC
[2025-11-17 20:35:21] Autos encontrados: 4
[2025-11-17 20:35:21] Procesando auto ID: 17
[2025-11-17 20:35:21] SQL Img: 
        SELECT id, ruta, principal
        FROM imagenes_autos
        WHERE auto_id = ?
        ORDER BY principal DESC, id ASC
    
[2025-11-17 20:35:21] Imágenes encontradas para auto 17: 4
[2025-11-17 20:35:21] Ruta original BD: uploads/car_691b5d85cb6ca3.20992780.jpg
[2025-11-17 20:35:21] Ruta normalizada enviada al front: uploads/car_691b5d85cb6ca3.20992780.jpg
[2025-11-17 20:35:21] Ruta original BD: uploads/car_691b5d85c64370.70952560.jpg
[2025-11-17 20:35:21] Ruta normalizada enviada al front: uploads/car_691b5d85c64370.70952560.jpg
[2025-11-17 20:35:21] Ruta original BD: uploads/car_691b5d85ca3493.62482036.jpg
[2025-11-17 20:35:21] Ruta normalizada enviada al front: uploads/car_691b5d85ca3493.62482036.jpg
[2025-11-17 20:35:21] Ruta original BD: uploads/car_691b5d85cd8a14.42847139.jpg
[2025-11-17 20:35:21] Ruta normalizada enviada al front: uploads/car_691b5d85cd8a14.42847139.jpg
[2025-11-17 20:35:21] Procesando auto ID: 16
[2025-11-17 20:35:21] SQL Img: 
        SELECT id, ruta, principal
        FROM imagenes_autos
        WHERE auto_id = ?
        ORDER BY principal DESC, id ASC
    
[2025-11-17 20:35:21] Imágenes encontradas para auto 16: 3
[2025-11-17 20:35:21] Ruta original BD: uploads/car_691b3bc01196d7.21033446.jpg
[2025-11-17 20:35:21] Ruta normalizada enviada al front: uploads/car_691b3bc01196d7.21033446.jpg
[2025-11-17 20:35:21] Ruta original BD: uploads/img_691b5fdb9c4913.98326475.jpg
[2025-11-17 20:35:21] Ruta normalizada enviada al front: uploads/img_691b5fdb9c4913.98326475.jpg
[2025-11-17 20:35:21] Ruta original BD: uploads/img_691b5fdb9ea8a6.91773331.jpg
[2025-11-17 20:35:21] Ruta normalizada enviada al front: uploads/img_691b5fdb9ea8a6.91773331.jpg
[2025-11-17 20:35:21] Procesando auto ID: 15
[2025-11-17 20:35:21] SQL Img: 
        SELECT id, ruta, principal
        FROM imagenes_autos
        WHERE auto_id = ?
        ORDER BY principal DESC, id ASC
    
[2025-11-17 20:35:21] Imágenes encontradas para auto 15: 3
[2025-11-17 20:35:21] Ruta original BD: uploads/car_691b3a135ccfc6.70908182.jpg
[2025-11-17 20:35:21] Ruta normalizada enviada al front: uploads/car_691b3a135ccfc6.70908182.jpg
[2025-11-17 20:35:21] Ruta original BD: uploads/car_691b3a135b5642.01824040.jpg
[2025-11-17 20:35:21] Ruta normalizada enviada al front: uploads/car_691b3a135b5642.01824040.jpg
[2025-11-17 20:35:21] Ruta original BD: uploads/car_691b3a135e14d0.27122190.jpg
[2025-11-17 20:35:21] Ruta normalizada enviada al front: uploads/car_691b3a135e14d0.27122190.jpg
[2025-11-17 20:35:21] Procesando auto ID: 14
[2025-11-17 20:35:21] SQL Img: 
        SELECT id, ruta, principal
        FROM imagenes_autos
        WHERE auto_id = ?
        ORDER BY principal DESC, id ASC
    
[2025-11-17 20:35:21] Imágenes encontradas para auto 14: 3
[2025-11-17 20:35:21] Ruta original BD: uploads/car_691b2eaa0a46a4.03821122.jpg
[2025-11-17 20:35:21] Ruta normalizada enviada al front: uploads/car_691b2eaa0a46a4.03821122.jpg
[2025-11-17 20:35:21] Ruta original BD: uploads/car_691b2fdfb30907.21434018.jpg
[2025-11-17 20:35:21] Ruta normalizada enviada al front: uploads/car_691b2fdfb30907.21434018.jpg
[2025-11-17 20:35:21] Ruta original BD: uploads/img_691b38c60d8994.77930618.jpg
[2025-11-17 20:35:21] Ruta normalizada enviada al front: uploads/img_691b38c60d8994.77930618.jpg
[2025-11-17 20:35:21] Total autos procesados: 4
[2025-11-17 20:35:21] === FIN get_autos.php ===
[2025-11-17 20:37:40] === Iniciando get_autos.php ===
[2025-11-17 20:37:40] SQL Autos: SELECT 
            id, vin, marca, modelo, anio, precio, millaje, 
            combustible, drive_train, descripcion, destacado, 
            estado, fecha_publicacion
        FROM autos 
        ORDER BY id DESC
[2025-11-17 20:37:40] Autos encontrados: 4
[2025-11-17 20:37:40] Procesando auto ID: 17
[2025-11-17 20:37:40] SQL Img: 
        SELECT id, ruta, principal
        FROM imagenes_autos
        WHERE auto_id = ?
        ORDER BY principal DESC, id ASC
    
[2025-11-17 20:37:40] Imágenes encontradas para auto 17: 4
[2025-11-17 20:37:40] Ruta original BD: uploads/car_691b5d85cb6ca3.20992780.jpg
[2025-11-17 20:37:40] Ruta normalizada enviada al front: uploads/car_691b5d85cb6ca3.20992780.jpg
[2025-11-17 20:37:40] Ruta original BD: uploads/car_691b5d85c64370.70952560.jpg
[2025-11-17 20:37:40] Ruta normalizada enviada al front: uploads/car_691b5d85c64370.70952560.jpg
[2025-11-17 20:37:40] Ruta original BD: uploads/car_691b5d85ca3493.62482036.jpg
[2025-11-17 20:37:40] Ruta normalizada enviada al front: uploads/car_691b5d85ca3493.62482036.jpg
[2025-11-17 20:37:40] Ruta original BD: uploads/car_691b5d85cd8a14.42847139.jpg
[2025-11-17 20:37:40] Ruta normalizada enviada al front: uploads/car_691b5d85cd8a14.42847139.jpg
[2025-11-17 20:37:40] Procesando auto ID: 16
[2025-11-17 20:37:40] SQL Img: 
        SELECT id, ruta, principal
        FROM imagenes_autos
        WHERE auto_id = ?
        ORDER BY principal DESC, id ASC
    
[2025-11-17 20:37:40] Imágenes encontradas para auto 16: 3
[2025-11-17 20:37:40] Ruta original BD: uploads/car_691b3bc01196d7.21033446.jpg
[2025-11-17 20:37:40] Ruta normalizada enviada al front: uploads/car_691b3bc01196d7.21033446.jpg
[2025-11-17 20:37:40] Ruta original BD: uploads/img_691b5fdb9c4913.98326475.jpg
[2025-11-17 20:37:40] Ruta normalizada enviada al front: uploads/img_691b5fdb9c4913.98326475.jpg
[2025-11-17 20:37:40] Ruta original BD: uploads/img_691b5fdb9ea8a6.91773331.jpg
[2025-11-17 20:37:40] Ruta normalizada enviada al front: uploads/img_691b5fdb9ea8a6.91773331.jpg
[2025-11-17 20:37:40] Procesando auto ID: 15
[2025-11-17 20:37:40] SQL Img: 
        SELECT id, ruta, principal
        FROM imagenes_autos
        WHERE auto_id = ?
        ORDER BY principal DESC, id ASC
    
[2025-11-17 20:37:40] Imágenes encontradas para auto 15: 3
[2025-11-17 20:37:40] Ruta original BD: uploads/car_691b3a135ccfc6.70908182.jpg
[2025-11-17 20:37:40] Ruta normalizada enviada al front: uploads/car_691b3a135ccfc6.70908182.jpg
[2025-11-17 20:37:40] Ruta original BD: uploads/car_691b3a135b5642.01824040.jpg
[2025-11-17 20:37:40] Ruta normalizada enviada al front: uploads/car_691b3a135b5642.01824040.jpg
[2025-11-17 20:37:40] Ruta original BD: uploads/car_691b3a135e14d0.27122190.jpg
[2025-11-17 20:37:40] Ruta normalizada enviada al front: uploads/car_691b3a135e14d0.27122190.jpg
[2025-11-17 20:37:40] Procesando auto ID: 14
[2025-11-17 20:37:40] SQL Img: 
        SELECT id, ruta, principal
        FROM imagenes_autos
        WHERE auto_id = ?
        ORDER BY principal DESC, id ASC
    
[2025-11-17 20:37:40] Imágenes encontradas para auto 14: 3
[2025-11-17 20:37:40] Ruta original BD: uploads/car_691b2eaa0a46a4.03821122.jpg
[2025-11-17 20:37:40] Ruta normalizada enviada al front: uploads/car_691b2eaa0a46a4.03821122.jpg
[2025-11-17 20:37:40] Ruta original BD: uploads/car_691b2fdfb30907.21434018.jpg
[2025-11-17 20:37:40] Ruta normalizada enviada al front: uploads/car_691b2fdfb30907.21434018.jpg
[2025-11-17 20:37:40] Ruta original BD: uploads/img_691b38c60d8994.77930618.jpg
[2025-11-17 20:37:40] Ruta normalizada enviada al front: uploads/img_691b38c60d8994.77930618.jpg
[2025-11-17 20:37:40] Total autos procesados: 4
[2025-11-17 20:37:40] === FIN get_autos.php ===
[2025-11-17 20:38:13] === Iniciando get_autos.php ===
[2025-11-17 20:38:13] SQL Autos: SELECT 
            id, vin, marca, modelo, anio, precio, millaje, 
            combustible, drive_train, descripcion, destacado, 
            estado, fecha_publicacion
        FROM autos 
        ORDER BY id DESC
[2025-11-17 20:38:13] Autos encontrados: 5
[2025-11-17 20:38:13] Procesando auto ID: 18
[2025-11-17 20:38:13] SQL Img: 
        SELECT id, ruta, principal
        FROM imagenes_autos
        WHERE auto_id = ?
        ORDER BY principal DESC, id ASC
    
[2025-11-17 20:38:13] Imágenes encontradas para auto 18: 1
[2025-11-17 20:38:13] Ruta original BD: uploads/car_691b79a533b245.44259453.jpg
[2025-11-17 20:38:13] Ruta normalizada enviada al front: uploads/car_691b79a533b245.44259453.jpg
[2025-11-17 20:38:13] Procesando auto ID: 17
[2025-11-17 20:38:13] SQL Img: 
        SELECT id, ruta, principal
        FROM imagenes_autos
        WHERE auto_id = ?
        ORDER BY principal DESC, id ASC
    
[2025-11-17 20:38:13] Imágenes encontradas para auto 17: 4
[2025-11-17 20:38:13] Ruta original BD: uploads/car_691b5d85cb6ca3.20992780.jpg
[2025-11-17 20:38:13] Ruta normalizada enviada al front: uploads/car_691b5d85cb6ca3.20992780.jpg
[2025-11-17 20:38:13] Ruta original BD: uploads/car_691b5d85c64370.70952560.jpg
[2025-11-17 20:38:13] Ruta normalizada enviada al front: uploads/car_691b5d85c64370.70952560.jpg
[2025-11-17 20:38:13] Ruta original BD: uploads/car_691b5d85ca3493.62482036.jpg
[2025-11-17 20:38:13] Ruta normalizada enviada al front: uploads/car_691b5d85ca3493.62482036.jpg
[2025-11-17 20:38:13] Ruta original BD: uploads/car_691b5d85cd8a14.42847139.jpg
[2025-11-17 20:38:13] Ruta normalizada enviada al front: uploads/car_691b5d85cd8a14.42847139.jpg
[2025-11-17 20:38:13] Procesando auto ID: 16
[2025-11-17 20:38:13] SQL Img: 
        SELECT id, ruta, principal
        FROM imagenes_autos
        WHERE auto_id = ?
        ORDER BY principal DESC, id ASC
    
[2025-11-17 20:38:13] Imágenes encontradas para auto 16: 3
[2025-11-17 20:38:13] Ruta original BD: uploads/car_691b3bc01196d7.21033446.jpg
[2025-11-17 20:38:13] Ruta normalizada enviada al front: uploads/car_691b3bc01196d7.21033446.jpg
[2025-11-17 20:38:13] Ruta original BD: uploads/img_691b5fdb9c4913.98326475.jpg
[2025-11-17 20:38:13] Ruta normalizada enviada al front: uploads/img_691b5fdb9c4913.98326475.jpg
[2025-11-17 20:38:13] Ruta original BD: uploads/img_691b5fdb9ea8a6.91773331.jpg
[2025-11-17 20:38:13] Ruta normalizada enviada al front: uploads/img_691b5fdb9ea8a6.91773331.jpg
[2025-11-17 20:38:13] Procesando auto ID: 15
[2025-11-17 20:38:13] SQL Img: 
        SELECT id, ruta, principal
        FROM imagenes_autos
        WHERE auto_id = ?
        ORDER BY principal DESC, id ASC
    
[2025-11-17 20:38:13] Imágenes encontradas para auto 15: 3
[2025-11-17 20:38:13] Ruta original BD: uploads/car_691b3a135ccfc6.70908182.jpg
[2025-11-17 20:38:13] Ruta normalizada enviada al front: uploads/car_691b3a135ccfc6.70908182.jpg
[2025-11-17 20:38:13] Ruta original BD: uploads/car_691b3a135b5642.01824040.jpg
[2025-11-17 20:38:13] Ruta normalizada enviada al front: uploads/car_691b3a135b5642.01824040.jpg
[2025-11-17 20:38:13] Ruta original BD: uploads/car_691b3a135e14d0.27122190.jpg
[2025-11-17 20:38:13] Ruta normalizada enviada al front: uploads/car_691b3a135e14d0.27122190.jpg
[2025-11-17 20:38:13] Procesando auto ID: 14
[2025-11-17 20:38:13] SQL Img: 
        SELECT id, ruta, principal
        FROM imagenes_autos
        WHERE auto_id = ?
        ORDER BY principal DESC, id ASC
    
[2025-11-17 20:38:13] Imágenes encontradas para auto 14: 3
[2025-11-17 20:38:13] Ruta original BD: uploads/car_691b2eaa0a46a4.03821122.jpg
[2025-11-17 20:38:13] Ruta normalizada enviada al front: uploads/car_691b2eaa0a46a4.03821122.jpg
[2025-11-17 20:38:13] Ruta original BD: uploads/car_691b2fdfb30907.21434018.jpg
[2025-11-17 20:38:13] Ruta normalizada enviada al front: uploads/car_691b2fdfb30907.21434018.jpg
[2025-11-17 20:38:13] Ruta original BD: uploads/img_691b38c60d8994.77930618.jpg
[2025-11-17 20:38:13] Ruta normalizada enviada al front: uploads/img_691b38c60d8994.77930618.jpg
[2025-11-17 20:38:13] Total autos procesados: 5
[2025-11-17 20:38:13] === FIN get_autos.php ===
[2025-11-17 20:38:58] === Iniciando get_autos.php ===
[2025-11-17 20:38:58] SQL Autos: SELECT 
            id, vin, marca, modelo, anio, precio, millaje, 
            combustible, drive_train, descripcion, destacado, 
            estado, fecha_publicacion
        FROM autos 
        ORDER BY id DESC
[2025-11-17 20:38:58] Autos encontrados: 5
[2025-11-17 20:38:58] Procesando auto ID: 18
[2025-11-17 20:38:58] SQL Img: 
        SELECT id, ruta, principal
        FROM imagenes_autos
        WHERE auto_id = ?
        ORDER BY principal DESC, id ASC
    
[2025-11-17 20:38:58] Imágenes encontradas para auto 18: 2
[2025-11-17 20:38:58] Ruta original BD: uploads/car_691b79a533b245.44259453.jpg
[2025-11-17 20:38:58] Ruta normalizada enviada al front: uploads/car_691b79a533b245.44259453.jpg
[2025-11-17 20:38:58] Ruta original BD: uploads/img_691b79d2b04d88.84815219.jpg
[2025-11-17 20:38:58] Ruta normalizada enviada al front: uploads/img_691b79d2b04d88.84815219.jpg
[2025-11-17 20:38:58] Procesando auto ID: 17
[2025-11-17 20:38:58] SQL Img: 
        SELECT id, ruta, principal
        FROM imagenes_autos
        WHERE auto_id = ?
        ORDER BY principal DESC, id ASC
    
[2025-11-17 20:38:58] Imágenes encontradas para auto 17: 4
[2025-11-17 20:38:58] Ruta original BD: uploads/car_691b5d85cb6ca3.20992780.jpg
[2025-11-17 20:38:58] Ruta normalizada enviada al front: uploads/car_691b5d85cb6ca3.20992780.jpg
[2025-11-17 20:38:58] Ruta original BD: uploads/car_691b5d85c64370.70952560.jpg
[2025-11-17 20:38:58] Ruta normalizada enviada al front: uploads/car_691b5d85c64370.70952560.jpg
[2025-11-17 20:38:58] Ruta original BD: uploads/car_691b5d85ca3493.62482036.jpg
[2025-11-17 20:38:58] Ruta normalizada enviada al front: uploads/car_691b5d85ca3493.62482036.jpg
[2025-11-17 20:38:58] Ruta original BD: uploads/car_691b5d85cd8a14.42847139.jpg
[2025-11-17 20:38:58] Ruta normalizada enviada al front: uploads/car_691b5d85cd8a14.42847139.jpg
[2025-11-17 20:38:58] Procesando auto ID: 16
[2025-11-17 20:38:58] SQL Img: 
        SELECT id, ruta, principal
        FROM imagenes_autos
        WHERE auto_id = ?
        ORDER BY principal DESC, id ASC
    
[2025-11-17 20:38:58] Imágenes encontradas para auto 16: 3
[2025-11-17 20:38:58] Ruta original BD: uploads/car_691b3bc01196d7.21033446.jpg
[2025-11-17 20:38:58] Ruta normalizada enviada al front: uploads/car_691b3bc01196d7.21033446.jpg
[2025-11-17 20:38:58] Ruta original BD: uploads/img_691b5fdb9c4913.98326475.jpg
[2025-11-17 20:38:58] Ruta normalizada enviada al front: uploads/img_691b5fdb9c4913.98326475.jpg
[2025-11-17 20:38:58] Ruta original BD: uploads/img_691b5fdb9ea8a6.91773331.jpg
[2025-11-17 20:38:58] Ruta normalizada enviada al front: uploads/img_691b5fdb9ea8a6.91773331.jpg
[2025-11-17 20:38:58] Procesando auto ID: 15
[2025-11-17 20:38:58] SQL Img: 
        SELECT id, ruta, principal
        FROM imagenes_autos
        WHERE auto_id = ?
        ORDER BY principal DESC, id ASC
    
[2025-11-17 20:38:58] Imágenes encontradas para auto 15: 3
[2025-11-17 20:38:58] Ruta original BD: uploads/car_691b3a135ccfc6.70908182.jpg
[2025-11-17 20:38:58] Ruta normalizada enviada al front: uploads/car_691b3a135ccfc6.70908182.jpg
[2025-11-17 20:38:58] Ruta original BD: uploads/car_691b3a135b5642.01824040.jpg
[2025-11-17 20:38:58] Ruta normalizada enviada al front: uploads/car_691b3a135b5642.01824040.jpg
[2025-11-17 20:38:58] Ruta original BD: uploads/car_691b3a135e14d0.27122190.jpg
[2025-11-17 20:38:58] Ruta normalizada enviada al front: uploads/car_691b3a135e14d0.27122190.jpg
[2025-11-17 20:38:58] Procesando auto ID: 14
[2025-11-17 20:38:58] SQL Img: 
        SELECT id, ruta, principal
        FROM imagenes_autos
        WHERE auto_id = ?
        ORDER BY principal DESC, id ASC
    
[2025-11-17 20:38:58] Imágenes encontradas para auto 14: 3
[2025-11-17 20:38:58] Ruta original BD: uploads/car_691b2eaa0a46a4.03821122.jpg
[2025-11-17 20:38:58] Ruta normalizada enviada al front: uploads/car_691b2eaa0a46a4.03821122.jpg
[2025-11-17 20:38:58] Ruta original BD: uploads/car_691b2fdfb30907.21434018.jpg
[2025-11-17 20:38:58] Ruta normalizada enviada al front: uploads/car_691b2fdfb30907.21434018.jpg
[2025-11-17 20:38:58] Ruta original BD: uploads/img_691b38c60d8994.77930618.jpg
[2025-11-17 20:38:58] Ruta normalizada enviada al front: uploads/img_691b38c60d8994.77930618.jpg
[2025-11-17 20:38:58] Total autos procesados: 5
[2025-11-17 20:38:58] === FIN get_autos.php ===
[2025-11-17 20:39:24] === Iniciando get_autos.php ===
[2025-11-17 20:39:24] SQL Autos: SELECT 
            id, vin, marca, modelo, anio, precio, millaje, 
            combustible, drive_train, descripcion, destacado, 
            estado, fecha_publicacion
        FROM autos 
        ORDER BY id DESC
[2025-11-17 20:39:24] Autos encontrados: 5
[2025-11-17 20:39:24] Procesando auto ID: 18
[2025-11-17 20:39:24] SQL Img: 
        SELECT id, ruta, principal
        FROM imagenes_autos
        WHERE auto_id = ?
        ORDER BY principal DESC, id ASC
    
[2025-11-17 20:39:24] Imágenes encontradas para auto 18: 2
[2025-11-17 20:39:24] Ruta original BD: uploads/car_691b79a533b245.44259453.jpg
[2025-11-17 20:39:24] Ruta normalizada enviada al front: uploads/car_691b79a533b245.44259453.jpg
[2025-11-17 20:39:24] Ruta original BD: uploads/img_691b79d2b04d88.84815219.jpg
[2025-11-17 20:39:24] Ruta normalizada enviada al front: uploads/img_691b79d2b04d88.84815219.jpg
[2025-11-17 20:39:24] Procesando auto ID: 17
[2025-11-17 20:39:24] SQL Img: 
        SELECT id, ruta, principal
        FROM imagenes_autos
        WHERE auto_id = ?
        ORDER BY principal DESC, id ASC
    
[2025-11-17 20:39:24] Imágenes encontradas para auto 17: 4
[2025-11-17 20:39:24] Ruta original BD: uploads/car_691b5d85cb6ca3.20992780.jpg
[2025-11-17 20:39:24] Ruta normalizada enviada al front: uploads/car_691b5d85cb6ca3.20992780.jpg
[2025-11-17 20:39:24] Ruta original BD: uploads/car_691b5d85c64370.70952560.jpg
[2025-11-17 20:39:24] Ruta normalizada enviada al front: uploads/car_691b5d85c64370.70952560.jpg
[2025-11-17 20:39:24] Ruta original BD: uploads/car_691b5d85ca3493.62482036.jpg
[2025-11-17 20:39:24] Ruta normalizada enviada al front: uploads/car_691b5d85ca3493.62482036.jpg
[2025-11-17 20:39:24] Ruta original BD: uploads/car_691b5d85cd8a14.42847139.jpg
[2025-11-17 20:39:24] Ruta normalizada enviada al front: uploads/car_691b5d85cd8a14.42847139.jpg
[2025-11-17 20:39:24] Procesando auto ID: 16
[2025-11-17 20:39:24] SQL Img: 
        SELECT id, ruta, principal
        FROM imagenes_autos
        WHERE auto_id = ?
        ORDER BY principal DESC, id ASC
    
[2025-11-17 20:39:24] Imágenes encontradas para auto 16: 3
[2025-11-17 20:39:24] Ruta original BD: uploads/car_691b3bc01196d7.21033446.jpg
[2025-11-17 20:39:24] Ruta normalizada enviada al front: uploads/car_691b3bc01196d7.21033446.jpg
[2025-11-17 20:39:24] Ruta original BD: uploads/img_691b5fdb9c4913.98326475.jpg
[2025-11-17 20:39:24] Ruta normalizada enviada al front: uploads/img_691b5fdb9c4913.98326475.jpg
[2025-11-17 20:39:24] Ruta original BD: uploads/img_691b5fdb9ea8a6.91773331.jpg
[2025-11-17 20:39:24] Ruta normalizada enviada al front: uploads/img_691b5fdb9ea8a6.91773331.jpg
[2025-11-17 20:39:24] Procesando auto ID: 15
[2025-11-17 20:39:24] SQL Img: 
        SELECT id, ruta, principal
        FROM imagenes_autos
        WHERE auto_id = ?
        ORDER BY principal DESC, id ASC
    
[2025-11-17 20:39:24] Imágenes encontradas para auto 15: 3
[2025-11-17 20:39:24] Ruta original BD: uploads/car_691b3a135ccfc6.70908182.jpg
[2025-11-17 20:39:24] Ruta normalizada enviada al front: uploads/car_691b3a135ccfc6.70908182.jpg
[2025-11-17 20:39:24] Ruta original BD: uploads/car_691b3a135b5642.01824040.jpg
[2025-11-17 20:39:24] Ruta normalizada enviada al front: uploads/car_691b3a135b5642.01824040.jpg
[2025-11-17 20:39:24] Ruta original BD: uploads/car_691b3a135e14d0.27122190.jpg
[2025-11-17 20:39:24] Ruta normalizada enviada al front: uploads/car_691b3a135e14d0.27122190.jpg
[2025-11-17 20:39:24] Procesando auto ID: 14
[2025-11-17 20:39:24] SQL Img: 
        SELECT id, ruta, principal
        FROM imagenes_autos
        WHERE auto_id = ?
        ORDER BY principal DESC, id ASC
    
[2025-11-17 20:39:24] Imágenes encontradas para auto 14: 3
[2025-11-17 20:39:24] Ruta original BD: uploads/car_691b2eaa0a46a4.03821122.jpg
[2025-11-17 20:39:24] Ruta normalizada enviada al front: uploads/car_691b2eaa0a46a4.03821122.jpg
[2025-11-17 20:39:24] Ruta original BD: uploads/car_691b2fdfb30907.21434018.jpg
[2025-11-17 20:39:24] Ruta normalizada enviada al front: uploads/car_691b2fdfb30907.21434018.jpg
[2025-11-17 20:39:24] Ruta original BD: uploads/img_691b38c60d8994.77930618.jpg
[2025-11-17 20:39:24] Ruta normalizada enviada al front: uploads/img_691b38c60d8994.77930618.jpg
[2025-11-17 20:39:24] Total autos procesados: 5
[2025-11-17 20:39:24] === FIN get_autos.php ===
[2025-11-17 20:39:40] === Iniciando get_autos.php ===
[2025-11-17 20:39:40] SQL Autos: SELECT 
            id, vin, marca, modelo, anio, precio, millaje, 
            combustible, drive_train, descripcion, destacado, 
            estado, fecha_publicacion
        FROM autos 
        ORDER BY id DESC
[2025-11-17 20:39:40] Autos encontrados: 5
[2025-11-17 20:39:40] Procesando auto ID: 18
[2025-11-17 20:39:40] SQL Img: 
        SELECT id, ruta, principal
        FROM imagenes_autos
        WHERE auto_id = ?
        ORDER BY principal DESC, id ASC
    
[2025-11-17 20:39:40] Imágenes encontradas para auto 18: 2
[2025-11-17 20:39:40] Ruta original BD: uploads/car_691b79a533b245.44259453.jpg
[2025-11-17 20:39:40] Ruta normalizada enviada al front: uploads/car_691b79a533b245.44259453.jpg
[2025-11-17 20:39:40] Ruta original BD: uploads/img_691b79d2b04d88.84815219.jpg
[2025-11-17 20:39:40] Ruta normalizada enviada al front: uploads/img_691b79d2b04d88.84815219.jpg
[2025-11-17 20:39:40] Procesando auto ID: 17
[2025-11-17 20:39:40] SQL Img: 
        SELECT id, ruta, principal
        FROM imagenes_autos
        WHERE auto_id = ?
        ORDER BY principal DESC, id ASC
    
[2025-11-17 20:39:40] Imágenes encontradas para auto 17: 4
[2025-11-17 20:39:40] Ruta original BD: uploads/car_691b5d85cb6ca3.20992780.jpg
[2025-11-17 20:39:40] Ruta normalizada enviada al front: uploads/car_691b5d85cb6ca3.20992780.jpg
[2025-11-17 20:39:40] Ruta original BD: uploads/car_691b5d85c64370.70952560.jpg
[2025-11-17 20:39:40] Ruta normalizada enviada al front: uploads/car_691b5d85c64370.70952560.jpg
[2025-11-17 20:39:40] Ruta original BD: uploads/car_691b5d85ca3493.62482036.jpg
[2025-11-17 20:39:40] Ruta normalizada enviada al front: uploads/car_691b5d85ca3493.62482036.jpg
[2025-11-17 20:39:40] Ruta original BD: uploads/car_691b5d85cd8a14.42847139.jpg
[2025-11-17 20:39:40] Ruta normalizada enviada al front: uploads/car_691b5d85cd8a14.42847139.jpg
[2025-11-17 20:39:40] Procesando auto ID: 16
[2025-11-17 20:39:40] SQL Img: 
        SELECT id, ruta, principal
        FROM imagenes_autos
        WHERE auto_id = ?
        ORDER BY principal DESC, id ASC
    
[2025-11-17 20:39:40] Imágenes encontradas para auto 16: 3
[2025-11-17 20:39:40] Ruta original BD: uploads/car_691b3bc01196d7.21033446.jpg
[2025-11-17 20:39:40] Ruta normalizada enviada al front: uploads/car_691b3bc01196d7.21033446.jpg
[2025-11-17 20:39:40] Ruta original BD: uploads/img_691b5fdb9c4913.98326475.jpg
[2025-11-17 20:39:40] Ruta normalizada enviada al front: uploads/img_691b5fdb9c4913.98326475.jpg
[2025-11-17 20:39:40] Ruta original BD: uploads/img_691b5fdb9ea8a6.91773331.jpg
[2025-11-17 20:39:40] Ruta normalizada enviada al front: uploads/img_691b5fdb9ea8a6.91773331.jpg
[2025-11-17 20:39:40] Procesando auto ID: 15
[2025-11-17 20:39:40] SQL Img: 
        SELECT id, ruta, principal
        FROM imagenes_autos
        WHERE auto_id = ?
        ORDER BY principal DESC, id ASC
    
[2025-11-17 20:39:40] Imágenes encontradas para auto 15: 3
[2025-11-17 20:39:40] Ruta original BD: uploads/car_691b3a135ccfc6.70908182.jpg
[2025-11-17 20:39:40] Ruta normalizada enviada al front: uploads/car_691b3a135ccfc6.70908182.jpg
[2025-11-17 20:39:40] Ruta original BD: uploads/car_691b3a135b5642.01824040.jpg
[2025-11-17 20:39:40] Ruta normalizada enviada al front: uploads/car_691b3a135b5642.01824040.jpg
[2025-11-17 20:39:40] Ruta original BD: uploads/car_691b3a135e14d0.27122190.jpg
[2025-11-17 20:39:40] Ruta normalizada enviada al front: uploads/car_691b3a135e14d0.27122190.jpg
[2025-11-17 20:39:40] Procesando auto ID: 14
[2025-11-17 20:39:40] SQL Img: 
        SELECT id, ruta, principal
        FROM imagenes_autos
        WHERE auto_id = ?
        ORDER BY principal DESC, id ASC
    
[2025-11-17 20:39:40] Imágenes encontradas para auto 14: 3
[2025-11-17 20:39:40] Ruta original BD: uploads/car_691b2eaa0a46a4.03821122.jpg
[2025-11-17 20:39:40] Ruta normalizada enviada al front: uploads/car_691b2eaa0a46a4.03821122.jpg
[2025-11-17 20:39:40] Ruta original BD: uploads/car_691b2fdfb30907.21434018.jpg
[2025-11-17 20:39:40] Ruta normalizada enviada al front: uploads/car_691b2fdfb30907.21434018.jpg
[2025-11-17 20:39:40] Ruta original BD: uploads/img_691b38c60d8994.77930618.jpg
[2025-11-17 20:39:40] Ruta normalizada enviada al front: uploads/img_691b38c60d8994.77930618.jpg
[2025-11-17 20:39:40] Total autos procesados: 5
[2025-11-17 20:39:40] === FIN get_autos.php ===
[2025-11-17 20:39:45] === Iniciando get_autos.php ===
[2025-11-17 20:39:45] SQL Autos: SELECT 
            id, vin, marca, modelo, anio, precio, millaje, 
            combustible, drive_train, descripcion, destacado, 
            estado, fecha_publicacion
        FROM autos 
        ORDER BY id DESC
[2025-11-17 20:39:45] Autos encontrados: 4
[2025-11-17 20:39:45] Procesando auto ID: 17
[2025-11-17 20:39:45] SQL Img: 
        SELECT id, ruta, principal
        FROM imagenes_autos
        WHERE auto_id = ?
        ORDER BY principal DESC, id ASC
    
[2025-11-17 20:39:45] Imágenes encontradas para auto 17: 4
[2025-11-17 20:39:45] Ruta original BD: uploads/car_691b5d85cb6ca3.20992780.jpg
[2025-11-17 20:39:45] Ruta normalizada enviada al front: uploads/car_691b5d85cb6ca3.20992780.jpg
[2025-11-17 20:39:45] Ruta original BD: uploads/car_691b5d85c64370.70952560.jpg
[2025-11-17 20:39:45] Ruta normalizada enviada al front: uploads/car_691b5d85c64370.70952560.jpg
[2025-11-17 20:39:45] Ruta original BD: uploads/car_691b5d85ca3493.62482036.jpg
[2025-11-17 20:39:45] Ruta normalizada enviada al front: uploads/car_691b5d85ca3493.62482036.jpg
[2025-11-17 20:39:45] Ruta original BD: uploads/car_691b5d85cd8a14.42847139.jpg
[2025-11-17 20:39:45] Ruta normalizada enviada al front: uploads/car_691b5d85cd8a14.42847139.jpg
[2025-11-17 20:39:45] Procesando auto ID: 16
[2025-11-17 20:39:45] SQL Img: 
        SELECT id, ruta, principal
        FROM imagenes_autos
        WHERE auto_id = ?
        ORDER BY principal DESC, id ASC
    
[2025-11-17 20:39:45] Imágenes encontradas para auto 16: 3
[2025-11-17 20:39:45] Ruta original BD: uploads/car_691b3bc01196d7.21033446.jpg
[2025-11-17 20:39:45] Ruta normalizada enviada al front: uploads/car_691b3bc01196d7.21033446.jpg
[2025-11-17 20:39:45] Ruta original BD: uploads/img_691b5fdb9c4913.98326475.jpg
[2025-11-17 20:39:45] Ruta normalizada enviada al front: uploads/img_691b5fdb9c4913.98326475.jpg
[2025-11-17 20:39:45] Ruta original BD: uploads/img_691b5fdb9ea8a6.91773331.jpg
[2025-11-17 20:39:45] Ruta normalizada enviada al front: uploads/img_691b5fdb9ea8a6.91773331.jpg
[2025-11-17 20:39:45] Procesando auto ID: 15
[2025-11-17 20:39:45] SQL Img: 
        SELECT id, ruta, principal
        FROM imagenes_autos
        WHERE auto_id = ?
        ORDER BY principal DESC, id ASC
    
[2025-11-17 20:39:45] Imágenes encontradas para auto 15: 3
[2025-11-17 20:39:45] Ruta original BD: uploads/car_691b3a135ccfc6.70908182.jpg
[2025-11-17 20:39:45] Ruta normalizada enviada al front: uploads/car_691b3a135ccfc6.70908182.jpg
[2025-11-17 20:39:45] Ruta original BD: uploads/car_691b3a135b5642.01824040.jpg
[2025-11-17 20:39:45] Ruta normalizada enviada al front: uploads/car_691b3a135b5642.01824040.jpg
[2025-11-17 20:39:45] Ruta original BD: uploads/car_691b3a135e14d0.27122190.jpg
[2025-11-17 20:39:45] Ruta normalizada enviada al front: uploads/car_691b3a135e14d0.27122190.jpg
[2025-11-17 20:39:45] Procesando auto ID: 14
[2025-11-17 20:39:45] SQL Img: 
        SELECT id, ruta, principal
        FROM imagenes_autos
        WHERE auto_id = ?
        ORDER BY principal DESC, id ASC
    
[2025-11-17 20:39:45] Imágenes encontradas para auto 14: 3
[2025-11-17 20:39:45] Ruta original BD: uploads/car_691b2eaa0a46a4.03821122.jpg
[2025-11-17 20:39:45] Ruta normalizada enviada al front: uploads/car_691b2eaa0a46a4.03821122.jpg
[2025-11-17 20:39:45] Ruta original BD: uploads/car_691b2fdfb30907.21434018.jpg
[2025-11-17 20:39:45] Ruta normalizada enviada al front: uploads/car_691b2fdfb30907.21434018.jpg
[2025-11-17 20:39:45] Ruta original BD: uploads/img_691b38c60d8994.77930618.jpg
[2025-11-17 20:39:45] Ruta normalizada enviada al front: uploads/img_691b38c60d8994.77930618.jpg
[2025-11-17 20:39:45] Total autos procesados: 4
[2025-11-17 20:39:45] === FIN get_autos.php ===
